x0,y0,z0,x1,y1,z1,x2,y2,z2,x3,y3,z3,x4,y4,z4,x5,y5,z5,x6,y6,z6,x7,y7,z7,x8,y8,z8,x9,y9,z9,x10,y10,z10,x11,y11,z11,x12,y12,z12,x13,y13,z13,x14,y14,z14,x15,y15,z15,x16,y16,z16,x17,y17,z17,x18,y18,z18,x19,y19,z19,x20,y20,z20,label
0.651725709438324,0.8360425233840942,3.198566105311329e-07,0.5903322696685791,0.8142356276512146,-0.021445052698254585,0.5395508408546448,0.763074517250061,-0.030123818665742874,0.5071315765380859,0.7155326008796692,-0.03754745051264763,0.47724148631095886,0.6798815131187439,-0.044124577194452286,0.5702375173568726,0.6374247670173645,-0.005476575810462236,0.5445625185966492,0.5597374439239502,-0.017334671691060066,0.5309364795684814,0.5129915475845337,-0.030300380662083626,0.5210269689559937,0.47014904022216797,-0.04084030166268349,0.6046109199523926,0.621575117111206,-0.008451241068542004,0.5887926816940308,0.5340045094490051,-0.016478650271892548,0.5796297192573547,0.48027148842811584,-0.027642643079161644,0.5729272961616516,0.43578821420669556,-0.03705255314707756,0.6375431418418884,0.6252984404563904,-0.015797000378370285,0.628403902053833,0.545029878616333,-0.025960687547922134,0.6216121912002563,0.4958271384239197,-0.034806087613105774,0.6145516633987427,0.4524228572845459,-0.04249630868434906,0.670623779296875,0.642970085144043,-0.025919049978256226,0.6703910827636719,0.5836355686187744,-0.03626091405749321,0.6689807176589966,0.5454164147377014,-0.040648140013217926,0.6672705411911011,0.5076789855957031,-0.0443480908870697,OPEN
0.6506775617599487,0.834022581577301,3.249456597131939e-07,0.5884494185447693,0.8127896785736084,-0.022828267887234688,0.5378427505493164,0.7630245089530945,-0.03243819251656532,0.50553959608078,0.7143537998199463,-0.04065992683172226,0.4761863052845001,0.678428053855896,-0.04797185957431793,0.5696527361869812,0.6364070773124695,-0.006322317756712437,0.5446117520332336,0.5590939521789551,-0.01861301250755787,0.5308451056480408,0.5122952461242676,-0.031945787370204926,0.5211386680603027,0.4693940281867981,-0.04267372936010361,0.6043388843536377,0.6209367513656616,-0.008643089793622494,0.5889831781387329,0.5331616401672363,-0.0168760996311903,0.5796964764595032,0.47998130321502686,-0.027905266731977463,0.5732601881027222,0.43522047996520996,-0.03722435235977173,0.6372047662734985,0.6248492002487183,-0.015522709116339684,0.6288134455680847,0.5442827939987183,-0.025593873113393784,0.6219400763511658,0.49546492099761963,-0.03404626622796059,0.6153023838996887,0.4522881507873535,-0.04150867462158203,0.6702556014060974,0.6426274180412292,-0.02537672407925129,0.6707943677902222,0.58303302526474,-0.035319339483976364,0.6695596575737,0.5448774695396423,-0.0393446646630764,0.6682561635971069,0.5070613622665405,-0.042858343571424484,OPEN
0.6530422568321228,0.8352080583572388,3.1787234888724925e-07,0.5913717150688171,0.8134562969207764,-0.023381654173135757,0.5398414134979248,0.7639197707176208,-0.03364952653646469,0.5062444806098938,0.7171993255615234,-0.04236869141459465,0.4772440493106842,0.6799284219741821,-0.05006297677755356,0.571000874042511,0.6376368999481201,-0.008245442062616348,0.5448044538497925,0.5594713091850281,-0.02159716561436653,0.5308704972267151,0.5122694969177246,-0.03539489582180977,0.521130383014679,0.4690542221069336,-0.04628024250268936,0.605701208114624,0.6221440434455872,-0.01053481176495552,0.5893186926841736,0.5342588424682617,-0.01964983344078064,0.5799524188041687,0.4807600975036621,-0.03104512393474579,0.5732806324958801,0.43544840812683105,-0.04046410322189331,0.63885897397995,0.6258652806282043,-0.017328381538391113,0.6290905475616455,0.5452549457550049,-0.028002802282571793,0.6219552755355835,0.49639081954956055,-0.036494724452495575,0.6149821877479553,0.4528944492340088,-0.04380742087960243,0.6724433898925781,0.6437336802482605,-0.02709462121129036,0.6715218424797058,0.5840359926223755,-0.037432413548231125,0.6696820259094238,0.5456123352050781,-0.0414232537150383,0.6677922010421753,0.5075716376304626,-0.0447758249938488,OPEN
0.6524245142936707,0.8358830809593201,3.2026002827478806e-07,0.591053307056427,0.8137996196746826,-0.022877300158143044,0.5399433374404907,0.7638906836509705,-0.032714322209358215,0.5066514611244202,0.7168810367584229,-0.04111943766474724,0.4778288006782532,0.6799132227897644,-0.04850669205188751,0.5712631940841675,0.6375745534896851,-0.007091294974088669,0.5450785160064697,0.5594976544380188,-0.020166201516985893,0.5312939286231995,0.5125200748443604,-0.033871497958898544,0.5217423439025879,0.4692806303501129,-0.04469064250588417,0.6057729721069336,0.6223560571670532,-0.009488583542406559,0.5894059538841248,0.5344863533973694,-0.018367186188697815,0.5799785256385803,0.48095351457595825,-0.02976297400891781,0.5733563303947449,0.4355338215827942,-0.03917526826262474,0.6387179493904114,0.6262304782867432,-0.016395755112171173,0.6292483806610107,0.5457281470298767,-0.026903308928012848,0.622180700302124,0.496618390083313,-0.035372257232666016,0.6152832508087158,0.4528960585594177,-0.04264349490404129,0.6720736622810364,0.6440473794937134,-0.026246201246976852,0.6713969707489014,0.5842030048370361,-0.03639242425560951,0.6697086691856384,0.5458419919013977,-0.04026699438691139,0.6678969860076904,0.507800817489624,-0.04352017119526863,OPEN
0.6547821760177612,0.8369368314743042,3.181829413279047e-07,0.5931481719017029,0.8136566281318665,-0.02309717983007431,0.541522204875946,0.7630724310874939,-0.032870471477508545,0.5093818306922913,0.7149215936660767,-0.04104655236005783,0.48056116700172424,0.6781594753265381,-0.04815045744180679,0.571865439414978,0.6379349827766418,-0.007688726764172316,0.5463401079177856,0.5606579184532166,-0.020628634840250015,0.5326256155967712,0.5139189958572388,-0.03434743359684944,0.5227370858192444,0.47083038091659546,-0.04524609446525574,0.6066190600395203,0.6225380301475525,-0.010017850436270237,0.590868353843689,0.5350205898284912,-0.01857694983482361,0.5815402865409851,0.4816446006298065,-0.029854359105229378,0.5747324824333191,0.4366183876991272,-0.039305299520492554,0.6395935416221619,0.6266170144081116,-0.016818175092339516,0.6303951740264893,0.5461743474006653,-0.027016429230570793,0.6236009001731873,0.4972890615463257,-0.03552473336458206,0.6168294548988342,0.4541304111480713,-0.04291614890098572,0.6728156805038452,0.6447932720184326,-0.02659115567803383,0.6722966432571411,0.5845450758934021,-0.03641873598098755,0.6708643436431885,0.5460460186004639,-0.040207281708717346,0.6693358421325684,0.5081601738929749,-0.043489329516887665,OPEN
0.6532416939735413,0.8350073099136353,3.1770073860570847e-07,0.5924588441848755,0.8129545450210571,-0.02157674729824066,0.5417454838752747,0.76179039478302,-0.030232183635234833,0.5100299715995789,0.7136680483818054,-0.037574201822280884,0.47997283935546875,0.6801710724830627,-0.04412173107266426,0.5725006461143494,0.6373836994171143,-0.006408785004168749,0.5467008352279663,0.5596395134925842,-0.018439097329974174,0.5330156683921814,0.5128097534179688,-0.03148758411407471,0.5232107043266296,0.47000887989997864,-0.041905805468559265,0.6067212820053101,0.6216088533401489,-0.008949041366577148,0.5909189581871033,0.5338731408119202,-0.01661488600075245,0.5818849802017212,0.48077327013015747,-0.027359984815120697,0.5756653547286987,0.4363219738006592,-0.0365033894777298,0.639484703540802,0.6250351667404175,-0.015760570764541626,0.6304609775543213,0.5451869368553162,-0.024701612070202827,0.6237519979476929,0.4966428875923157,-0.0324520505964756,0.6173496246337891,0.45413315296173096,-0.03958692401647568,0.6724837422370911,0.6423872113227844,-0.0254812054336071,0.672487735748291,0.5834519863128662,-0.033929578959941864,0.6713466644287109,0.545704185962677,-0.036905042827129364,0.6702862977981567,0.5086977481842041,-0.03978748619556427,OPEN
0.6535823941230774,0.8355618715286255,3.1359778063233534e-07,0.5941320657730103,0.8139785528182983,-0.023530926555395126,0.5443418622016907,0.7637140154838562,-0.03387467935681343,0.512480616569519,0.7154965400695801,-0.04256301000714302,0.4830962121486664,0.6778420805931091,-0.05033459886908531,0.5722172856330872,0.6382037997245789,-0.009595978073775768,0.5475348234176636,0.5604730248451233,-0.023165958002209663,0.5342131853103638,0.5134645700454712,-0.03702469542622566,0.5247032642364502,0.4703279435634613,-0.04796373471617699,0.606637179851532,0.6221919059753418,-0.011699588969349861,0.5912654399871826,0.5345592498779297,-0.02104213275015354,0.5820928812026978,0.4813058376312256,-0.032555099576711655,0.5754514336585999,0.4365612268447876,-0.042107246816158295,0.6396846175193787,0.6255888342857361,-0.018158186227083206,0.6306447982788086,0.5453110933303833,-0.028978273272514343,0.6239029765129089,0.4963544011116028,-0.037680625915527344,0.6171514391899109,0.4530094861984253,-0.04519228637218475,0.6729084253311157,0.6432313919067383,-0.027551384642720222,0.6725836992263794,0.5839303135871887,-0.03806425258517265,0.6712491512298584,0.5456394553184509,-0.042308978736400604,0.6696252226829529,0.5081130862236023,-0.045854829251766205,OPEN
0.6539090275764465,0.8363962769508362,3.020705321432615e-07,0.594022810459137,0.8150684237480164,-0.02108263410627842,0.5436019897460938,0.7627301812171936,-0.02964218333363533,0.5125926733016968,0.7133722901344299,-0.03694834187626839,0.4833313226699829,0.6789597272872925,-0.04352884367108345,0.5725632905960083,0.6386456489562988,-0.0067810481414198875,0.5479366183280945,0.5606749653816223,-0.01906557008624077,0.5347186326980591,0.5134910941123962,-0.032146867364645004,0.5253474116325378,0.4705578684806824,-0.042676448822021484,0.6070886254310608,0.6225626468658447,-0.009774571284651756,0.5911203026771545,0.5347781777381897,-0.017931634560227394,0.582385241985321,0.48145097494125366,-0.028822826221585274,0.5762790441513062,0.43719062209129333,-0.03805212303996086,0.6402555108070374,0.6259628534317017,-0.016934383660554886,0.6308336853981018,0.5457413196563721,-0.02665848843753338,0.6246272921562195,0.4968627095222473,-0.03472920134663582,0.6184685230255127,0.4539957642555237,-0.04200048744678497,0.6737142205238342,0.6434927582740784,-0.026876434683799744,0.672987699508667,0.5840134620666504,-0.036339182406663895,0.6719422340393066,0.546265184879303,-0.03984489291906357,0.6707597374916077,0.509429395198822,-0.043028026819229126,OPEN
0.6550703644752502,0.8344273567199707,2.978279098897474e-07,0.5941641330718994,0.8151369690895081,-0.021529389545321465,0.5427495837211609,0.7632540464401245,-0.02965201810002327,0.5121835470199585,0.7134297490119934,-0.036375317722558975,0.48253342509269714,0.6796517372131348,-0.04251126945018768,0.5722692608833313,0.6380172371864319,-0.007130191661417484,0.5478442311286926,0.5609499216079712,-0.019215166568756104,0.5348947048187256,0.5138295292854309,-0.032180413603782654,0.5255925059318542,0.4710112512111664,-0.042695239186286926,0.6070541143417358,0.6220405697822571,-0.009725656360387802,0.5917596817016602,0.5348352193832397,-0.0178240854293108,0.5830641984939575,0.4820810556411743,-0.028816118836402893,0.5769394636154175,0.4380435347557068,-0.03818398341536522,0.6403122544288635,0.6255155205726624,-0.016509024426341057,0.6312910318374634,0.5458407402038574,-0.02641826868057251,0.624891996383667,0.4971805214881897,-0.034949999302625656,0.6187421083450317,0.45427924394607544,-0.04253073036670685,0.6738200187683105,0.6430700421333313,-0.026079576462507248,0.6732862591743469,0.5840358138084412,-0.035987235605716705,0.6721422076225281,0.5459453463554382,-0.04004352167248726,0.6710419058799744,0.5084363222122192,-0.04360624775290489,OPEN
0.6542275547981262,0.8359448909759521,2.999969410666381e-07,0.5931426882743835,0.813878059387207,-0.020999610424041748,0.5429444909095764,0.7619818449020386,-0.029614178463816643,0.5131964683532715,0.7127736210823059,-0.037002503871917725,0.4844558835029602,0.6768502593040466,-0.04383953660726547,0.5737752318382263,0.6384354829788208,-0.008230065926909447,0.5489672422409058,0.5615655779838562,-0.02148321270942688,0.5357059836387634,0.5144186615943909,-0.034993499517440796,0.5259147882461548,0.47155216336250305,-0.04579118266701698,0.6083254218101501,0.6231279373168945,-0.011742601171135902,0.5933027267456055,0.535699725151062,-0.021265970543026924,0.5844186544418335,0.48257482051849365,-0.032892800867557526,0.5777231454849243,0.4378584027290344,-0.04249538853764534,0.6411245465278625,0.627408504486084,-0.01937950775027275,0.6326467990875244,0.5471504330635071,-0.030593186616897583,0.6259799003601074,0.4981829524040222,-0.03946392610669136,0.6191427111625671,0.4546353220939636,-0.047078754752874374,0.673957347869873,0.6462445259094238,-0.029699943959712982,0.6743670105934143,0.586887538433075,-0.04055354744195938,0.6733294129371643,0.5483475923538208,-0.044860512018203735,0.6718031764030457,0.51027911901474,-0.048508089035749435,OPEN
0.6547924876213074,0.8357192277908325,2.988720098073827e-07,0.5940601825714111,0.8136011958122253,-0.020964844152331352,0.5437265038490295,0.7620136141777039,-0.02950134687125683,0.5133605003356934,0.713092565536499,-0.03682728111743927,0.4846484959125519,0.6781222224235535,-0.043574102222919464,0.5738829970359802,0.6394714117050171,-0.007608511485159397,0.5495023131370544,0.5623177289962769,-0.020578669384121895,0.5365005731582642,0.5151206254959106,-0.0339670404791832,0.5270861983299255,0.47224563360214233,-0.04465349763631821,0.6081778407096863,0.6232513189315796,-0.01086077094078064,0.5930988788604736,0.535975992679596,-0.020076153799891472,0.5845592021942139,0.4827006459236145,-0.031549736857414246,0.5785245299339294,0.43824154138565063,-0.04105124995112419,0.6409092545509338,0.6265631318092346,-0.018240051344037056,0.6325492858886719,0.5466598272323608,-0.029120998457074165,0.6263142824172974,0.4972623884677887,-0.03809652104973793,0.6201791167259216,0.45387953519821167,-0.04578445851802826,0.6737920045852661,0.6443845629692078,-0.028296565636992455,0.6742753982543945,0.5851689577102661,-0.03889724612236023,0.6735023856163025,0.5466458201408386,-0.043237339705228806,0.6724455952644348,0.5089812278747559,-0.046878937631845474,OPEN
0.6531670093536377,0.8343499898910522,3.0424013175434084e-07,0.5930881500244141,0.8141006231307983,-0.020318780094385147,0.5421887040138245,0.763016402721405,-0.02801199071109295,0.5112272500991821,0.7144131064414978,-0.03461712226271629,0.48227524757385254,0.6805656552314758,-0.0406600683927536,0.5734403729438782,0.6396247744560242,-0.005947241559624672,0.5492701530456543,0.5616703033447266,-0.017609020695090294,0.5364308953285217,0.5143866539001465,-0.03015792742371559,0.5272358059883118,0.47157546877861023,-0.04030025750398636,0.6078454256057739,0.623849630355835,-0.009004523046314716,0.5927281379699707,0.5357754230499268,-0.016697607934474945,0.5841043591499329,0.4824996292591095,-0.027294021099805832,0.5780876874923706,0.43858927488327026,-0.03631957620382309,0.6407599449157715,0.6268044710159302,-0.016177812591195107,0.6323659420013428,0.5465192198753357,-0.025565296411514282,0.6260945200920105,0.49717503786087036,-0.03374900296330452,0.6199703812599182,0.454293429851532,-0.04109339788556099,0.6737270355224609,0.6437084674835205,-0.026064256206154823,0.6742909550666809,0.5845033526420593,-0.03527725487947464,0.6734887361526489,0.5461693406105042,-0.038939036428928375,0.6724328994750977,0.5089234113693237,-0.04226365685462952,OPEN
0.654462456703186,0.8365447521209717,2.9747207008767873e-07,0.5932935476303101,0.8151388764381409,-0.019336318597197533,0.5435017943382263,0.7620128393173218,-0.02661312185227871,0.5142669677734375,0.71185302734375,-0.032952819019556046,0.4852063059806824,0.6777017712593079,-0.0387837253510952,0.5731034874916077,0.6389029622077942,-0.004837888292968273,0.5487852096557617,0.5614207983016968,-0.0162960272282362,0.5360779762268066,0.5142259001731873,-0.02876359410583973,0.5270088911056519,0.47129157185554504,-0.0389786921441555,0.6080020666122437,0.6233841180801392,-0.008704308420419693,0.5926094055175781,0.5355181097984314,-0.01647181436419487,0.5839117169380188,0.4817587435245514,-0.02743762545287609,0.5776057839393616,0.4373013377189636,-0.03671731427311897,0.6413640379905701,0.6275728344917297,-0.016602015122771263,0.632539689540863,0.546690821647644,-0.02653266303241253,0.6259717345237732,0.49730902910232544,-0.0351937934756279,0.6192249655723572,0.4539392590522766,-0.04277709126472473,0.6749608516693115,0.6460000276565552,-0.027050133794546127,0.6745225787162781,0.5857067108154297,-0.03705890104174614,0.6732020378112793,0.5470746755599976,-0.04110390320420265,0.6715791821479797,0.509282648563385,-0.04462549090385437,OPEN
0.6518191695213318,0.8362647891044617,2.862659300717496e-07,0.5930272936820984,0.8156051635742188,-0.020218754187226295,0.541918933391571,0.7621029615402222,-0.027805740013718605,0.5118950009346008,0.7108069658279419,-0.034265484660863876,0.48229485750198364,0.6798897385597229,-0.040517184883356094,0.5733004808425903,0.6393435597419739,-0.007690586149692535,0.5492079257965088,0.5617678165435791,-0.020174739882349968,0.5364508628845215,0.5143892168998718,-0.03322998806834221,0.5273547172546387,0.47160565853118896,-0.04382820427417755,0.6076031923294067,0.6242675185203552,-0.011060317046940327,0.5928516983985901,0.5360662937164307,-0.019897736608982086,0.5846574306488037,0.48260894417762756,-0.031047621741890907,0.5788910984992981,0.4383399486541748,-0.04047420993447304,0.6402694582939148,0.6280458569526672,-0.018419262021780014,0.632424533367157,0.5467779636383057,-0.029068971052765846,0.6266036033630371,0.49735498428344727,-0.037836953997612,0.620769202709198,0.45418164134025574,-0.04551037773489952,0.6731460690498352,0.6459086537361145,-0.028408454731106758,0.67412269115448,0.5861566066741943,-0.038930002599954605,0.673462450504303,0.5472429394721985,-0.043380752205848694,0.6721559762954712,0.5093697309494019,-0.047273751348257065,OPEN
0.6548082232475281,0.834520697593689,2.9936842338429415e-07,0.5931321382522583,0.8130568265914917,-0.0192802045494318,0.5427232980728149,0.7598375082015991,-0.02604144625365734,0.5130950212478638,0.7094395756721497,-0.031901534646749496,0.4829369783401489,0.6789398193359375,-0.03738899156451225,0.5732437372207642,0.6374509334564209,-0.0032335713040083647,0.5487700700759888,0.5600941777229309,-0.013858555816113949,0.5362807512283325,0.5131204128265381,-0.026111017912626266,0.5276387929916382,0.4702833294868469,-0.0362313836812973,0.6081805229187012,0.6218759417533875,-0.006621276959776878,0.5932236313819885,0.5346730947494507,-0.013650263659656048,0.5850699543952942,0.48145216703414917,-0.024530868977308273,0.5796287059783936,0.4373050928115845,-0.03386717289686203,0.6414304375648499,0.6255958080291748,-0.01411950122565031,0.6328239440917969,0.5456268191337585,-0.02349041774868965,0.6266366243362427,0.49675002694129944,-0.03248181194067001,0.6207268238067627,0.4538150429725647,-0.04036961868405342,0.674813449382782,0.6429424285888672,-0.02418404445052147,0.6745312809944153,0.5830041766166687,-0.03375519812107086,0.6735294461250305,0.5447711944580078,-0.037967998534440994,0.6725809574127197,0.5069220662117004,-0.04171239584684372,OPEN
0.656188428401947,0.8344268798828125,3.0240215664889547e-07,0.5946536064147949,0.8136255741119385,-0.02005336806178093,0.5435913801193237,0.761015772819519,-0.027233563363552094,0.5129004716873169,0.7113187909126282,-0.03330828994512558,0.48395782709121704,0.6777822971343994,-0.03878047689795494,0.5745137333869934,0.6387656927108765,-0.004911779426038265,0.5498101711273193,0.5605472326278687,-0.016290808096528053,0.5365996360778809,0.5131812691688538,-0.028762469068169594,0.5270381569862366,0.47028565406799316,-0.03890429064631462,0.6089164614677429,0.6228134036064148,-0.007957487367093563,0.5933157205581665,0.5347892642021179,-0.015482483431696892,0.5844135880470276,0.4813316762447357,-0.02632778324186802,0.5782628655433655,0.4368092715740204,-0.03553924709558487,0.6417797207832336,0.6261414885520935,-0.015093844383955002,0.6329516172409058,0.5454880595207214,-0.024296222254633904,0.6264386177062988,0.4959825873374939,-0.032704856246709824,0.6202290058135986,0.4529014229774475,-0.040243566036224365,0.6750081181526184,0.6435195803642273,-0.024901267141103745,0.6751313209533691,0.5841540098190308,-0.03394899517297745,0.6739159822463989,0.5459458827972412,-0.03759382292628288,0.6727300882339478,0.5086749792098999,-0.040927380323410034,OPEN
0.6549159288406372,0.835372805595398,3.046981476018118e-07,0.5944480299949646,0.814287006855011,-0.02096524089574814,0.5440559387207031,0.7618658542633057,-0.02906044013798237,0.5138527154922485,0.7117246389389038,-0.03587998077273369,0.4845163822174072,0.6770015954971313,-0.04202587157487869,0.5747427940368652,0.6381368041038513,-0.006741589866578579,0.5500450134277344,0.560164749622345,-0.018779808655381203,0.5370478630065918,0.5129178762435913,-0.031676359474658966,0.5277145504951477,0.4699174761772156,-0.042116228491067886,0.6089770197868347,0.622194766998291,-0.00971722137182951,0.5933985114097595,0.5345116853713989,-0.01772923208773136,0.5846047401428223,0.48118191957473755,-0.02867293357849121,0.5784000158309937,0.43707236647605896,-0.038002848625183105,0.6417317986488342,0.625568151473999,-0.016840776428580284,0.6329619288444519,0.5453125238418579,-0.026375574991106987,0.6267054677009583,0.4963529706001282,-0.03465573862195015,0.6204979419708252,0.4535568654537201,-0.042172037065029144,0.6749322414398193,0.6429179906845093,-0.02675088495016098,0.6749696731567383,0.5839535593986511,-0.03614353388547897,0.6736567616462708,0.5458619594573975,-0.03995414823293686,0.6722055077552795,0.508816659450531,-0.04343480244278908,OPEN
0.6564254760742188,0.8357824087142944,2.8146817498964083e-07,0.5956918597221375,0.8155988454818726,-0.018920090049505234,0.5443230271339417,0.7608551383018494,-0.02564476989209652,0.5143534541130066,0.7095390558242798,-0.03143903985619545,0.48422589898109436,0.6779194474220276,-0.03689046949148178,0.5748149752616882,0.6386699676513672,-0.005496670491993427,0.550825297832489,0.5610178709030151,-0.01709318719804287,0.5380103588104248,0.5135329961776733,-0.029689401388168335,0.5287445783615112,0.47046464681625366,-0.04006083309650421,0.6091383099555969,0.622485876083374,-0.009259168058633804,0.5939263105392456,0.5349758863449097,-0.017019642516970634,0.5854623913764954,0.481645405292511,-0.027915215119719505,0.5795900225639343,0.4371766448020935,-0.03728966414928436,0.6422135233879089,0.6259526014328003,-0.01688246987760067,0.6333689093589783,0.545642614364624,-0.026367448270320892,0.6272594332695007,0.4964671730995178,-0.03477201238274574,0.6212369799613953,0.45350414514541626,-0.042420774698257446,0.6756728887557983,0.6438208818435669,-0.027067307382822037,0.6756266355514526,0.5845018625259399,-0.03655662760138512,0.6745233535766602,0.5461335182189941,-0.040416546165943146,0.6732256412506104,0.5088514089584351,-0.043977320194244385,OPEN
0.6550450921058655,0.8339250683784485,2.913287175942969e-07,0.5950814485549927,0.8121086359024048,-0.019249435514211655,0.5446522831916809,0.7580020427703857,-0.026146797463297844,0.5150964260101318,0.7081308364868164,-0.03205491602420807,0.4857386350631714,0.6760843992233276,-0.03761059790849686,0.576214075088501,0.6369472742080688,-0.005741763859987259,0.5514969825744629,0.5592653751373291,-0.017211943864822388,0.5384217500686646,0.5122180581092834,-0.02960033528506756,0.5288853049278259,0.4695921242237091,-0.03966782987117767,0.6105690598487854,0.6215601563453674,-0.009233061224222183,0.5953282713890076,0.5333435535430908,-0.016702786087989807,0.5865732431411743,0.4801608920097351,-0.027251876890659332,0.5803823471069336,0.4360639452934265,-0.036294884979724884,0.6433907747268677,0.6253395080566406,-0.01665494590997696,0.6349294781684875,0.5445834398269653,-0.025715718045830727,0.6284186840057373,0.49580299854278564,-0.033732011914253235,0.6220094561576843,0.4531141519546509,-0.041068628430366516,0.6763361692428589,0.6430357098579407,-0.026690682396292686,0.6765888929367065,0.5835355520248413,-0.03545320779085159,0.6757500767707825,0.5452650785446167,-0.03881026804447174,0.6747317314147949,0.5076883435249329,-0.04204684495925903,OPEN
0.655434250831604,0.8338326215744019,2.811117099099647e-07,0.5945442318916321,0.8123899698257446,-0.019859177991747856,0.5453586578369141,0.7589560151100159,-0.027416402474045753,0.5154232978820801,0.7085461616516113,-0.034035198390483856,0.48513537645339966,0.676216185092926,-0.04030439630150795,0.5764188170433044,0.6371960639953613,-0.004934402648359537,0.55208420753479,0.5599036812782288,-0.01677783951163292,0.5385740995407104,0.5124788880348206,-0.02967345528304577,0.528843879699707,0.46928611397743225,-0.040214452892541885,0.6107951402664185,0.6217256188392639,-0.008470037952065468,0.5957570672035217,0.5346544981002808,-0.016513820737600327,0.5869803428649902,0.4815360903739929,-0.02770782634615898,0.580864429473877,0.43724459409713745,-0.03725111857056618,0.6435636878013611,0.6255296468734741,-0.01608666218817234,0.6349714994430542,0.5449886322021484,-0.0260576531291008,0.6289095282554626,0.4958392381668091,-0.03466697409749031,0.6229687929153442,0.4525575339794159,-0.042303670197725296,0.6765222549438477,0.643438458442688,-0.026331020519137383,0.6764121651649475,0.5836122035980225,-0.036069996654987335,0.6752558350563049,0.5448393821716309,-0.03999515622854233,0.6738976240158081,0.5066580772399902,-0.04357168823480606,OPEN
0.6554577350616455,0.83296799659729,2.906113252265641e-07,0.5947481393814087,0.812134325504303,-0.01968224160373211,0.5447757840156555,0.7590655088424683,-0.027075443416833878,0.5153956413269043,0.7089802026748657,-0.03347506746649742,0.4865000545978546,0.6756744384765625,-0.03950997442007065,0.5758917331695557,0.6380859017372131,-0.00639934791252017,0.5517809391021729,0.5606083273887634,-0.018628302961587906,0.538796603679657,0.5131218433380127,-0.03145630657672882,0.5296472907066345,0.4700760841369629,-0.04182320088148117,0.6100350022315979,0.6223958730697632,-0.00996038131415844,0.5952158570289612,0.5348702073097229,-0.018411941826343536,0.5870020985603333,0.4811966121196747,-0.02944275550544262,0.5814634561538696,0.4367993474006653,-0.038739655166864395,0.6427850723266602,0.6258509755134583,-0.01752288267016411,0.6344050765037537,0.5458724498748779,-0.02775179222226143,0.6284114122390747,0.4964839816093445,-0.036518968641757965,0.6226213574409485,0.4533173441886902,-0.044175565242767334,0.6758809685707092,0.6436225175857544,-0.027679365128278732,0.6760777235031128,0.5844667553901672,-0.03781645745038986,0.6749434471130371,0.5459105968475342,-0.04209448769688606,0.6736204028129578,0.5083559155464172,-0.04581579193472862,OPEN
0.6547497510910034,0.8337763547897339,2.981732336593268e-07,0.5950263738632202,0.8135431408882141,-0.02034277841448784,0.5455262660980225,0.7604397535324097,-0.028028855100274086,0.5163953900337219,0.7091830372810364,-0.034625254571437836,0.4869100749492645,0.6763980388641357,-0.040764421224594116,0.5766528248786926,0.6372856497764587,-0.006154169794172049,0.5524288415908813,0.5602930784225464,-0.018194982782006264,0.5394814014434814,0.5130352973937988,-0.031082497909665108,0.5302959084510803,0.47015970945358276,-0.041564326733350754,0.610592246055603,0.6218488812446594,-0.009448954835534096,0.5953304767608643,0.5340605974197388,-0.01769343577325344,0.5867347717285156,0.4805663824081421,-0.02871903032064438,0.5809310078620911,0.4363347887992859,-0.037992626428604126,0.6431639194488525,0.625767707824707,-0.016831783577799797,0.6347891092300415,0.5453159809112549,-0.02703811600804329,0.6285861730575562,0.4961799383163452,-0.03565793111920357,0.6224759221076965,0.45319870114326477,-0.04318750649690628,0.6760891079902649,0.643817126750946,-0.02689017727971077,0.6768079996109009,0.5845092535018921,-0.036863043904304504,0.6761009097099304,0.5463433265686035,-0.040921732783317566,0.6751052737236023,0.5090946555137634,-0.04450232535600662,OPEN
0.6570281982421875,0.833367109298706,2.983991009841702e-07,0.5963241457939148,0.811173141002655,-0.0204849224537611,0.5463746190071106,0.7586572170257568,-0.028219595551490784,0.5162489414215088,0.7081760764122009,-0.03493506833910942,0.48702090978622437,0.6738768815994263,-0.041032373905181885,0.5778396129608154,0.6364530920982361,-0.004253060556948185,0.5534950494766235,0.5590208768844604,-0.015716638416051865,0.5405316948890686,0.5121434926986694,-0.028514403849840164,0.5314384698867798,0.46901869773864746,-0.03894023597240448,0.6118444800376892,0.6206794381141663,-0.007232088595628738,0.5965850353240967,0.5337309241294861,-0.014850540086627007,0.5880453586578369,0.4804612398147583,-0.025904061272740364,0.5823973417282104,0.4363110065460205,-0.03534486144781113,0.6442422866821289,0.6241545081138611,-0.014475191943347454,0.6360275745391846,0.5447986721992493,-0.02396072819828987,0.6299244165420532,0.4960636794567108,-0.0327603779733181,0.6240432858467102,0.45357775688171387,-0.0405583418905735,0.6769686937332153,0.641333281993866,-0.024467479437589645,0.6770192384719849,0.5818199515342712,-0.03387065976858139,0.6759329438209534,0.5440042018890381,-0.03795279189944267,0.6747140884399414,0.5071448683738708,-0.04164315015077591,OPEN
0.6560865640640259,0.8325843214988708,2.906100178279303e-07,0.596275806427002,0.811809241771698,-0.020073801279067993,0.5465701818466187,0.7574456334114075,-0.027115849778056145,0.5173286199569702,0.7066230773925781,-0.03302023187279701,0.4880948066711426,0.6733241677284241,-0.03853585571050644,0.5775830149650574,0.6361882090568542,-0.005790814757347107,0.5536739230155945,0.5587357878684998,-0.017296578735113144,0.5411275625228882,0.5116745233535767,-0.029855288565158844,0.5324044823646545,0.4686262607574463,-0.04016174376010895,0.611676812171936,0.6211914420127869,-0.008871947415173054,0.5963258147239685,0.5335006713867188,-0.01645025610923767,0.5879437327384949,0.4802893400192261,-0.02735747955739498,0.5823703408241272,0.4361366331577301,-0.0367838591337204,0.6443445682525635,0.6256080269813538,-0.015988510102033615,0.6356369256973267,0.5448365211486816,-0.025473542511463165,0.629498302936554,0.49574941396713257,-0.0340985469520092,0.6236092448234558,0.4527744650840759,-0.04185565933585167,0.6774206757545471,0.643864095211029,-0.02575218677520752,0.6771244406700134,0.5840626955032349,-0.035427819937467575,0.6759860515594482,0.5455069541931152,-0.03963848203420639,0.67473304271698,0.507634162902832,-0.043452415615320206,OPEN
0.6578952074050903,0.8320696949958801,3.0399101547118335e-07,0.5971120595932007,0.8114478588104248,-0.021764034405350685,0.5479696393013,0.7591152191162109,-0.030455319210886955,0.5189314484596252,0.7078003287315369,-0.037750981748104095,0.4896984100341797,0.6719974875450134,-0.04439619556069374,0.5776772499084473,0.6365979909896851,-0.007839858531951904,0.5536125898361206,0.5587925910949707,-0.02045466937124729,0.5409771800041199,0.5113216638565063,-0.033639512956142426,0.5321580171585083,0.4679868221282959,-0.044264744967222214,0.6120637059211731,0.6208612322807312,-0.010551678016781807,0.5972480773925781,0.5336160659790039,-0.019300248473882675,0.5890094637870789,0.48056256771087646,-0.030636105686426163,0.58345627784729,0.4362809956073761,-0.04018944129347801,0.644693911075592,0.6245846748352051,-0.0174394678324461,0.6365663409233093,0.5447138547897339,-0.027763530611991882,0.6308541893959045,0.49606841802597046,-0.036456670612096786,0.6252604126930237,0.4531247913837433,-0.044169310480356216,0.6775815486907959,0.6423590779304504,-0.027132820338010788,0.6780098080635071,0.5837136507034302,-0.03729826211929321,0.6771459579467773,0.5457422733306885,-0.041586145758628845,0.6761503219604492,0.5083588361740112,-0.04533938318490982,OPEN
0.6595689058303833,0.8312528133392334,3.0316221000248333e-07,0.5990317463874817,0.8109285235404968,-0.022249124944210052,0.5486260056495667,0.7590877413749695,-0.03116886131465435,0.5187515020370483,0.707858145236969,-0.03844684734940529,0.49013814330101013,0.6717636585235596,-0.044932641088962555,0.5798094272613525,0.6361652612686157,-0.008601709268987179,0.5553082823753357,0.5582286715507507,-0.021061765030026436,0.5423222184181213,0.5112879276275635,-0.034128639847040176,0.5331180095672607,0.4682809114456177,-0.04463254660367966,0.6140542030334473,0.6207276582717896,-0.010833213105797768,0.5983023643493652,0.5332293510437012,-0.019235245883464813,0.5894721150398254,0.4800950884819031,-0.03018364869058132,0.5834531784057617,0.43561750650405884,-0.03947822004556656,0.646574854850769,0.6247759461402893,-0.0172366201877594,0.6377638578414917,0.5441743731498718,-0.02729395590722561,0.6314788460731506,0.4952412247657776,-0.035629596561193466,0.6254657506942749,0.45210057497024536,-0.043069370090961456,0.6795445680618286,0.6424218416213989,-0.02645781636238098,0.6791123151779175,0.5830349326133728,-0.03648842126131058,0.6776697635650635,0.5450589656829834,-0.04054686799645424,0.6762727499008179,0.5074645280838013,-0.04409113898873329,OPEN
0.6576851010322571,0.8334420323371887,2.9393123668342014e-07,0.5981563329696655,0.8125158548355103,-0.021124957129359245,0.548651933670044,0.7596228122711182,-0.029466230422258377,0.5188263654708862,0.7084253430366516,-0.03648089990019798,0.4886419177055359,0.6750335693359375,-0.04304763674736023,0.5779435038566589,0.6367430686950684,-0.007568335626274347,0.5546769499778748,0.5597663521766663,-0.020006701350212097,0.5419808030128479,0.5126635432243347,-0.0330723337829113,0.5326979756355286,0.46986889839172363,-0.043776243925094604,0.6125651001930237,0.620934784412384,-0.010585322976112366,0.5979699492454529,0.5344665050506592,-0.019521962851285934,0.5897887349128723,0.48178839683532715,-0.030954299494624138,0.5838823914527893,0.437619149684906,-0.04060806334018707,0.6453649997711182,0.6248073577880859,-0.017702536657452583,0.6371452212333679,0.54534512758255,-0.02878253348171711,0.6314584016799927,0.49652108550071716,-0.03791037201881409,0.6256068348884583,0.45319634675979614,-0.04578983038663864,0.678010106086731,0.6427869200706482,-0.027456555515527725,0.6783034801483154,0.5839337110519409,-0.03852633386850357,0.6774935126304626,0.5457041263580322,-0.04337757080793381,0.6762247085571289,0.507916271686554,-0.047475770115852356,OPEN
0.6550551056861877,0.834671139717102,3.233572556382569e-07,0.5959311127662659,0.8137470483779907,-0.023818647488951683,0.5458508729934692,0.7642018795013428,-0.03452330082654953,0.5138634443283081,0.715093731880188,-0.04338579624891281,0.4843606650829315,0.677420973777771,-0.05143085867166519,0.5753837823867798,0.6384283304214478,-0.011191153898835182,0.5508083701133728,0.560039222240448,-0.025341229513287544,0.5371708869934082,0.5124449729919434,-0.0393388457596302,0.5278224945068359,0.4689135253429413,-0.05038461834192276,0.6094167232513428,0.6235916614532471,-0.013193749822676182,0.5935888290405273,0.5359864234924316,-0.02364329621195793,0.5854347348213196,0.4823310673236847,-0.035456154495477676,0.5802650451660156,0.43688082695007324,-0.04509580135345459,0.6423588991165161,0.6277591586112976,-0.01953694596886635,0.6332288384437561,0.5473082065582275,-0.031908441334962845,0.6278085112571716,0.4975782036781311,-0.041209567338228226,0.6226755976676941,0.4531475901603699,-0.04886433109641075,0.6759752035140991,0.6454618573188782,-0.028697704896330833,0.6754150986671448,0.5852475762367249,-0.04071933403611183,0.674576997756958,0.5467542409896851,-0.045736249536275864,0.6734235286712646,0.5085071325302124,-0.049659330397844315,OPEN
0.6559123396873474,0.834663450717926,3.011431886079663e-07,0.593730092048645,0.8163058757781982,-0.019758442416787148,0.5414894819259644,0.761751115322113,-0.026161139830946922,0.5106277465820312,0.7106400728225708,-0.03144717589020729,0.4805428385734558,0.6794754862785339,-0.03625016659498215,0.5747828483581543,0.6376570463180542,-0.00395441148430109,0.5499008297920227,0.5589991807937622,-0.01417132094502449,0.5370043516159058,0.5113506317138672,-0.025991378352046013,0.5276901125907898,0.4681633710861206,-0.03589979186654091,0.6100839376449585,0.622043788433075,-0.006998253986239433,0.5945783257484436,0.5336453914642334,-0.013488657772541046,0.5860871076583862,0.4798033833503723,-0.023812342435121536,0.5803913474082947,0.4354221522808075,-0.032802216708660126,0.6435381770133972,0.6260358095169067,-0.014157814905047417,0.6350530385971069,0.5451768040657043,-0.0230263601988554,0.6286733746528625,0.4959002137184143,-0.031409330666065216,0.6226397752761841,0.4526492953300476,-0.03897158056497574,0.6771393418312073,0.6437454223632812,-0.02394028939306736,0.6765370965003967,0.5836410522460938,-0.03314416483044624,0.6750302314758301,0.545142412185669,-0.03704753518104553,0.6738134622573853,0.5069200992584229,-0.040619146078825,OPEN
0.6541896462440491,0.8364698886871338,3.1905759101391595e-07,0.5935972332954407,0.8149169683456421,-0.021681038662791252,0.5428124070167542,0.7621394395828247,-0.030290748924016953,0.5098366737365723,0.7136240005493164,-0.03759418800473213,0.4794873297214508,0.6791619062423706,-0.04408528283238411,0.5737452507019043,0.6369097828865051,-0.005507883615791798,0.5482103228569031,0.5589741468429565,-0.017362050712108612,0.534562885761261,0.5116368532180786,-0.030263477936387062,0.5251196622848511,0.4685526490211487,-0.04064082354307175,0.6084743142127991,0.6209585666656494,-0.008113664574921131,0.5927927494049072,0.5326062440872192,-0.015520849265158176,0.584224283695221,0.4784014821052551,-0.025927480310201645,0.5785965323448181,0.43397748470306396,-0.03479766845703125,0.6418668627738953,0.6247631311416626,-0.015143420547246933,0.6329692006111145,0.5436959862709045,-0.024466652423143387,0.6269283294677734,0.4944145381450653,-0.03245120868086815,0.6210092306137085,0.4514622092247009,-0.03957177698612213,0.6753445267677307,0.6428015232086182,-0.025050129741430283,0.6748265027999878,0.5823532342910767,-0.034290727227926254,0.67374187707901,0.5441107749938965,-0.03779183328151703,0.6725713014602661,0.5068832039833069,-0.040923822671175,OPEN
0.6535385251045227,0.8390825986862183,3.2323285381608e-07,0.5919283628463745,0.8172479867935181,-0.024439143016934395,0.5418566465377808,0.7678014039993286,-0.03566805645823479,0.5103086233139038,0.7193356156349182,-0.04520254582166672,0.4812142550945282,0.681204617023468,-0.053834300488233566,0.5724245309829712,0.6396160125732422,-0.010275362059473991,0.5471150279045105,0.561341404914856,-0.024739079177379608,0.5331450700759888,0.5135138034820557,-0.039463117718696594,0.5233466029167175,0.469119668006897,-0.05105692520737648,0.6071106195449829,0.6232052445411682,-0.012523209676146507,0.5922722816467285,0.5352773070335388,-0.022769322618842125,0.5835814476013184,0.4809912443161011,-0.03495066612958908,0.5775790214538574,0.4347660541534424,-0.04499373212456703,0.6402531862258911,0.6267844438552856,-0.019308971241116524,0.6320022940635681,0.5457437634468079,-0.030900876969099045,0.6263022422790527,0.4958040714263916,-0.039912521839141846,0.6206824779510498,0.45113223791122437,-0.047611430287361145,0.6737586259841919,0.6447936296463013,-0.02915140427649021,0.6740700006484985,0.5844952464103699,-0.04022562876343727,0.6731705665588379,0.5456736087799072,-0.04462441802024841,0.6719775795936584,0.5073457956314087,-0.04827526584267616,OPEN
0.6583721041679382,0.8405584096908569,3.092494011980307e-07,0.5961624979972839,0.8181644082069397,-0.02242009900510311,0.5441677570343018,0.7677099108695984,-0.031808339059352875,0.5122026205062866,0.7203949689865112,-0.039734937250614166,0.48330163955688477,0.6832212805747986,-0.04678277298808098,0.575238049030304,0.6414526104927063,-0.008207974024116993,0.549180269241333,0.5638595819473267,-0.021282058209180832,0.535422146320343,0.5166934728622437,-0.034998152405023575,0.5253686308860779,0.473335862159729,-0.04593897983431816,0.6101042628288269,0.6252936720848083,-0.011014686897397041,0.5943677425384521,0.5369811058044434,-0.01981206052005291,0.5850427746772766,0.4829796552658081,-0.031266797333955765,0.578191339969635,0.43677040934562683,-0.04084661975502968,0.6437277793884277,0.6291019916534424,-0.01813322864472866,0.6340721845626831,0.5474879741668701,-0.028366420418024063,0.6272488236427307,0.4986286163330078,-0.036676760762929916,0.6204286217689514,0.45470935106277466,-0.04401148110628128,0.677837610244751,0.6479066610336304,-0.02816692553460598,0.6773000359535217,0.5882086157798767,-0.037932854145765305,0.6758492588996887,0.5496876239776611,-0.04146644100546837,0.6744058132171631,0.5114407539367676,-0.04461909830570221,OPEN
0.6602939963340759,0.8401848673820496,2.95898473723355e-07,0.5979238748550415,0.8201470971107483,-0.02066798321902752,0.5450550317764282,0.7674247622489929,-0.02819540724158287,0.514100968837738,0.7174757719039917,-0.034461796283721924,0.48504090309143066,0.6820300817489624,-0.04017239436507225,0.5769652128219604,0.6419923305511475,-0.007106039673089981,0.5510830879211426,0.5640888214111328,-0.01942497491836548,0.537641704082489,0.516560971736908,-0.03237909823656082,0.5278507471084595,0.473466157913208,-0.04283846169710159,0.6122666001319885,0.6261686086654663,-0.0103133050724864,0.596609890460968,0.5374537706375122,-0.018741846084594727,0.5871081948280334,0.4835253357887268,-0.02992594800889492,0.5800736546516418,0.438038170337677,-0.0393233560025692,0.6457662582397461,0.6300821900367737,-0.01763066276907921,0.6365581750869751,0.5485376119613647,-0.027911784127354622,0.6293714046478271,0.4992620050907135,-0.03654675930738449,0.6222881078720093,0.45526665449142456,-0.04413303732872009,0.6795182824134827,0.6486062407493591,-0.02762695774435997,0.6794173121452332,0.5892643332481384,-0.037816766649484634,0.6778822541236877,0.550746500492096,-0.041870154440402985,0.6762261390686035,0.5124760866165161,-0.04540378972887993,OPEN
0.6630527973175049,0.8408756256103516,2.960500182780379e-07,0.6012839078903198,0.822104811668396,-0.020587632432579994,0.5477960109710693,0.7688866257667542,-0.027559874579310417,0.5178675055503845,0.7170138359069824,-0.0332295298576355,0.48883795738220215,0.6826939582824707,-0.03834741190075874,0.578648567199707,0.6432833671569824,-0.006409193854779005,0.5528758764266968,0.5649122595787048,-0.01824411191046238,0.5399433374404907,0.5167047381401062,-0.031016869470477104,0.5307344198226929,0.4733760952949524,-0.04141883924603462,0.6137489676475525,0.6270055770874023,-0.00952127669006586,0.5981309413909912,0.5383498668670654,-0.017362121492624283,0.5894051194190979,0.4842095375061035,-0.028235848993062973,0.5832803845405579,0.43927550315856934,-0.03754270076751709,0.6470966339111328,0.6305140256881714,-0.016805293038487434,0.6382238864898682,0.548912525177002,-0.026627520099282265,0.6317822933197021,0.500032901763916,-0.035020649433135986,0.6255642175674438,0.4570649266242981,-0.04253697395324707,0.6808503270149231,0.6485884785652161,-0.02683212421834469,0.6806871891021729,0.5887067317962646,-0.03674283251166344,0.6793921589851379,0.5499192476272583,-0.04076419770717621,0.6781617403030396,0.511594831943512,-0.044384267181158066,OPEN
0.6681627035140991,0.8408610820770264,2.8731153633998474e-07,0.6069560647010803,0.8204250335693359,-0.020592432469129562,0.55522620677948,0.7681775093078613,-0.02796953171491623,0.526504635810852,0.7190365195274353,-0.03412844240665436,0.5002047419548035,0.6821176409721375,-0.039733439683914185,0.5847654938697815,0.6450569033622742,-0.00722235394641757,0.5601489543914795,0.5673928260803223,-0.02026168815791607,0.5470857620239258,0.5192023515701294,-0.03366028517484665,0.5373308062553406,0.4762038588523865,-0.044186126440763474,0.6197670698165894,0.6296467781066895,-0.010273152031004429,0.605499267578125,0.5414853096008301,-0.01902930997312069,0.5971230864524841,0.48809391260147095,-0.030379900708794594,0.5909007787704468,0.44275224208831787,-0.03974282369017601,0.6529554724693298,0.6332123875617981,-0.017396286129951477,0.6432072520256042,0.5524026155471802,-0.02750856988132,0.6364225149154663,0.5036190152168274,-0.03538446128368378,0.6300377249717712,0.4603603482246399,-0.0422881543636322,0.6868176460266113,0.6511316299438477,-0.027252333238720894,0.6855721473693848,0.5920495986938477,-0.036653295159339905,0.6839605569839478,0.5539091229438782,-0.03956691175699234,0.6825199127197266,0.516607403755188,-0.04221712425351143,OPEN
0.6687439680099487,0.8399410247802734,2.9222726993793913e-07,0.6072599291801453,0.8216441869735718,-0.018000304698944092,0.5552718639373779,0.7700242400169373,-0.02319147437810898,0.5267723798751831,0.720913827419281,-0.02754739671945572,0.5003869533538818,0.6875542402267456,-0.031472209841012955,0.5854191780090332,0.6458757519721985,-0.0031426139175891876,0.5611940622329712,0.5683800578117371,-0.013236923143267632,0.5485171675682068,0.5211657285690308,-0.024812133982777596,0.5392189025878906,0.4787878394126892,-0.03445108234882355,0.6194323301315308,0.6294249296188354,-0.00685166334733367,0.6039639711380005,0.5417280793190002,-0.013405116274952888,0.5952025651931763,0.4879798889160156,-0.023709451779723167,0.5893498063087463,0.4438709020614624,-0.03264439105987549,0.6517779231071472,0.6324777007102966,-0.014545585960149765,0.6430338621139526,0.5520671010017395,-0.023225583136081696,0.6369419097900391,0.5030248165130615,-0.03197980299592018,0.6312772631645203,0.4606815576553345,-0.03988388925790787,0.6847411394119263,0.649675726890564,-0.02474989928305149,0.6847967505455017,0.5908247232437134,-0.03389468044042587,0.6837027668952942,0.5529323220252991,-0.03822675347328186,0.682476818561554,0.5159423351287842,-0.042174115777015686,OPEN
0.6689210534095764,0.8434814214706421,3.0183360877344967e-07,0.6095328330993652,0.8233993053436279,-0.020095281302928925,0.5578933358192444,0.7720381617546082,-0.02733738347887993,0.5286008715629578,0.7238081693649292,-0.03334656357765198,0.5020256042480469,0.688614547252655,-0.038828037679195404,0.5861713290214539,0.6463387608528137,-0.007573144976049662,0.5615217685699463,0.5690978169441223,-0.019973060116171837,0.5488681793212891,0.5217582583427429,-0.032890789210796356,0.5395811200141907,0.47929275035858154,-0.04327712580561638,0.6205896139144897,0.6307625770568848,-0.011103293858468533,0.6058376431465149,0.5430977940559387,-0.019778430461883545,0.5969388484954834,0.48961955308914185,-0.031115131452679634,0.5902578830718994,0.4450256824493408,-0.04053489863872528,0.6533623337745667,0.6346981525421143,-0.018643854185938835,0.644565224647522,0.5541311502456665,-0.02899164706468582,0.6379030346870422,0.5052758455276489,-0.03792421519756317,0.6314890384674072,0.4624207019805908,-0.045671477913856506,0.6860559582710266,0.6534872651100159,-0.028818391263484955,0.6859097480773926,0.5943922400474548,-0.03922439366579056,0.6846278309822083,0.5561957955360413,-0.043712422251701355,0.6833001375198364,0.5188000798225403,-0.04751090705394745,OPEN
0.6681790947914124,0.8416866064071655,2.8912478455822566e-07,0.6077959537506104,0.822748064994812,-0.018492117524147034,0.5551659464836121,0.7679475545883179,-0.02332558110356331,0.5261678695678711,0.7160341739654541,-0.0271554347127676,0.4991636574268341,0.6842016577720642,-0.030565794557332993,0.5863749980926514,0.6449897289276123,-0.0030575222335755825,0.5618760585784912,0.5676597356796265,-0.012827162630856037,0.549119770526886,0.5207221508026123,-0.024284793063998222,0.5398643016815186,0.47822433710098267,-0.033960070461034775,0.6209043264389038,0.6293711066246033,-0.006283611059188843,0.6060159802436829,0.5417099595069885,-0.012517910450696945,0.5976561903953552,0.48818594217300415,-0.022577697411179543,0.5920336842536926,0.44417041540145874,-0.03143743798136711,0.6534557342529297,0.6331711411476135,-0.013552459888160229,0.6454156637191772,0.553106427192688,-0.022061187773942947,0.6392245292663574,0.5039941668510437,-0.03076501563191414,0.6334991455078125,0.46133989095687866,-0.03871021419763565,0.6861933469772339,0.650800883769989,-0.023371655493974686,0.6865743398666382,0.5918510556221008,-0.03243940323591232,0.6853889226913452,0.5537325143814087,-0.036886777728796005,0.6843021512031555,0.5161696076393127,-0.04104020446538925,OPEN
0.6647893786430359,0.8419704437255859,2.816668711602688e-07,0.6052125096321106,0.822162926197052,-0.018755968660116196,0.5541065335273743,0.7681772708892822,-0.02477101981639862,0.5256364345550537,0.7171154022216797,-0.02984471619129181,0.4986328184604645,0.6834713816642761,-0.0346793606877327,0.5856599807739258,0.6453679800033569,-0.005865047220140696,0.5617966055870056,0.5679081678390503,-0.017213258892297745,0.5489728450775146,0.5204145312309265,-0.029438959434628487,0.539722204208374,0.4774162769317627,-0.039557475596666336,0.619991660118103,0.6297628283500671,-0.009744753129780293,0.6048231720924377,0.5414972305297852,-0.017767081037163734,0.5963907837867737,0.4873107075691223,-0.028665918856859207,0.5907696485519409,0.4426860809326172,-0.037952449172735214,0.6526861190795898,0.6334060430526733,-0.017512669786810875,0.644544780254364,0.5525208115577698,-0.027716372162103653,0.63849937915802,0.5027707815170288,-0.03691864013671875,0.6326240301132202,0.45936018228530884,-0.04498133435845375,0.6854842305183411,0.6513053774833679,-0.027753304690122604,0.685955286026001,0.5915922522544861,-0.03840900957584381,0.6853731870651245,0.5525461435317993,-0.04333610460162163,0.6845262050628662,0.5144370198249817,-0.047581564635038376,OPEN
0.6612144112586975,0.8405870199203491,3.0532103778568853e-07,0.6014584898948669,0.820510983467102,-0.020702874287962914,0.5502732396125793,0.7663841247558594,-0.028546757996082306,0.5200531482696533,0.716437816619873,-0.03508023917675018,0.48940417170524597,0.6848280429840088,-0.04143497347831726,0.5810421705245972,0.6451000571250916,-0.008922440931200981,0.556736171245575,0.5662878751754761,-0.021496661007404327,0.54310542345047,0.5182771682739258,-0.034378353506326675,0.5333398580551147,0.4745674729347229,-0.044956788420677185,0.615085244178772,0.6300529837608337,-0.012181827798485756,0.5988966226577759,0.5423520803451538,-0.021881015971302986,0.5901201367378235,0.48735249042510986,-0.03395911678671837,0.5844787955284119,0.4408189356327057,-0.04408702626824379,0.6478679180145264,0.6344116926193237,-0.01940278150141239,0.6393992304801941,0.5544840097427368,-0.03145100921392441,0.6335689425468445,0.5037758350372314,-0.04221056029200554,0.628132700920105,0.45854538679122925,-0.05117690563201904,0.6811080574989319,0.6518389582633972,-0.02908298559486866,0.681067705154419,0.5920951962471008,-0.041205085813999176,0.679891049861908,0.5526531338691711,-0.047431547194719315,0.6784977316856384,0.5132803320884705,-0.05259322747588158,OPEN
0.6592119336128235,0.8410550355911255,3.013865921275283e-07,0.5989699363708496,0.8200693726539612,-0.018130352720618248,0.548254668712616,0.7663758993148804,-0.024340670555830002,0.5188303589820862,0.716670572757721,-0.02982073649764061,0.4899890124797821,0.6828278303146362,-0.03499346598982811,0.5793672204017639,0.6429898142814636,-0.00370955653488636,0.5551501512527466,0.5650681853294373,-0.01451223436743021,0.5425004363059998,0.5177630186080933,-0.026704976335167885,0.5334180593490601,0.4747200012207031,-0.03676967695355415,0.6138940453529358,0.6278061270713806,-0.007970122620463371,0.5988928079605103,0.5394577980041504,-0.015019013546407223,0.5906626582145691,0.485012412071228,-0.02578243426978588,0.5852139592170715,0.4403814673423767,-0.03506823629140854,0.6468809247016907,0.6319873332977295,-0.016222136095166206,0.6388801336288452,0.5505763292312622,-0.025568483397364616,0.6328601837158203,0.5010533928871155,-0.03433908149600029,0.6269299387931824,0.4576628506183624,-0.04217345640063286,0.6797868013381958,0.6502440571784973,-0.026950819417834282,0.679791271686554,0.5899657011032104,-0.036742739379405975,0.6791750192642212,0.5509251952171326,-0.041045933961868286,0.6784393787384033,0.5123436450958252,-0.044875044375658035,OPEN
0.6643463373184204,0.8468652963638306,2.629640505347197e-07,0.6035690307617188,0.8266157507896423,-0.01818501390516758,0.5514357686042786,0.7719926834106445,-0.024369969964027405,0.5217251777648926,0.7223219275474548,-0.029814789071679115,0.49439671635627747,0.6865627765655518,-0.03487282991409302,0.5834567546844482,0.6475750207901001,-0.005083875730633736,0.558566153049469,0.5697917938232422,-0.016816215589642525,0.5455445051193237,0.5221527218818665,-0.029319532215595245,0.5360914468765259,0.47965115308761597,-0.03940340876579285,0.6184925436973572,0.6323090195655823,-0.009416426531970501,0.6033151745796204,0.5437408685684204,-0.01713017374277115,0.5943601727485657,0.4893089830875397,-0.027700353413820267,0.5878469347953796,0.4446025490760803,-0.03660976514220238,0.6519643664360046,0.6362573504447937,-0.017680583521723747,0.6424821019172668,0.5546873807907104,-0.02711528353393078,0.6358582973480225,0.5055592060089111,-0.03504854813218117,0.6293514370918274,0.4626842737197876,-0.042146626859903336,0.6856213808059692,0.6546434760093689,-0.02848382294178009,0.6849735975265503,0.5947100520133972,-0.03767731785774231,0.6832422614097595,0.556052029132843,-0.04101873189210892,0.6814084053039551,0.5185812711715698,-0.04413196071982384,OPEN
0.6665367484092712,0.8481018543243408,2.8053310074938054e-07,0.6059505343437195,0.8272930979728699,-0.019287975504994392,0.5549407005310059,0.7737180590629578,-0.02581237629055977,0.5271244049072266,0.7228958010673523,-0.03139736130833626,0.5012251138687134,0.6868066787719727,-0.036570727825164795,0.5860581398010254,0.648612380027771,-0.005412775091826916,0.5620811581611633,0.5706069469451904,-0.017452482134103775,0.5492927432060242,0.5228649973869324,-0.030453942716121674,0.5398678183555603,0.47957462072372437,-0.04100380092859268,0.621085524559021,0.6338484287261963,-0.00926826149225235,0.6068300008773804,0.5453189611434937,-0.01761806569993496,0.598278284072876,0.4910932779312134,-0.029094858095049858,0.5920392274856567,0.4455794095993042,-0.038756947964429855,0.654043972492218,0.6382116079330444,-0.01717219687998295,0.645811140537262,0.5574010014533997,-0.027543388307094574,0.6397082805633545,0.5080263614654541,-0.036631979048252106,0.6337010264396667,0.4643954634666443,-0.04449468478560448,0.6872116923332214,0.6568641662597656,-0.027662333101034164,0.6873353719711304,0.5970247983932495,-0.03799153491854668,0.6862183809280396,0.5583788156509399,-0.04235177859663963,0.6849416494369507,0.520374596118927,-0.04615631327033043,OPEN
0.6819496750831604,0.8546416163444519,2.6938465680359513e-07,0.6211414337158203,0.8317838907241821,-0.018227247521281242,0.5697039365768433,0.7774704694747925,-0.02354758232831955,0.5418379306793213,0.728562593460083,-0.02828305773437023,0.5205302238464355,0.6912003755569458,-0.03251742571592331,0.6007294058799744,0.65547776222229,-0.0025724610313773155,0.5791177749633789,0.576736330986023,-0.0141872838139534,0.5681678652763367,0.528038501739502,-0.026975011453032494,0.5601441264152527,0.4847651422023773,-0.03732863813638687,0.6353055238723755,0.6409464478492737,-0.006601244676858187,0.6220545768737793,0.5526688694953918,-0.014928348362445831,0.6158928871154785,0.4979533851146698,-0.02655109204351902,0.6119133830070496,0.4518572688102722,-0.036041613668203354,0.6681066751480103,0.6454849243164062,-0.01473755668848753,0.6609859466552734,0.5648148059844971,-0.02547932229936123,0.6572209596633911,0.5157816410064697,-0.03470258414745331,0.6534600257873535,0.47252601385116577,-0.04220784083008766,0.7011924982070923,0.6637960076332092,-0.02536494843661785,0.7028197646141052,0.6049463748931885,-0.0361189991235733,0.7041688561439514,0.5671083927154541,-0.04039077088236809,0.7053818106651306,0.5303006768226624,-0.0437936931848526,OPEN
0.6860840916633606,0.8559021949768066,2.953392197468929e-07,0.6256965398788452,0.8344500064849854,-0.01914016343653202,0.5737985372543335,0.7778213024139404,-0.02358298934996128,0.5459902286529541,0.7261303663253784,-0.026672640815377235,0.5215808749198914,0.6922840476036072,-0.02930004708468914,0.6066705584526062,0.6558260917663574,-0.00474538654088974,0.5847260355949402,0.5765693783760071,-0.015382492914795876,0.573798656463623,0.5280179977416992,-0.027038251981139183,0.5657844543457031,0.48523908853530884,-0.03653952479362488,0.6411793231964111,0.6422212719917297,-0.007335011847317219,0.628818690776825,0.5528253316879272,-0.014367492869496346,0.6226449012756348,0.49929380416870117,-0.02433713525533676,0.618300199508667,0.4548799991607666,-0.0326976552605629,0.6734366416931152,0.6479940414428711,-0.013957574032247066,0.6667281985282898,0.5664401054382324,-0.02352963574230671,0.6622230410575867,0.5173712968826294,-0.03173721581697464,0.657885730266571,0.4742927551269531,-0.038804035633802414,0.7061727046966553,0.6675890684127808,-0.023106969892978668,0.7078551054000854,0.6074523329734802,-0.03323166072368622,0.7088151574134827,0.5694462060928345,-0.0373675674200058,0.7099116444587708,0.5321998596191406,-0.04086500033736229,OPEN
0.6954441666603088,0.8663809299468994,2.9555093306044e-07,0.6362486481666565,0.8435590267181396,-0.02202308364212513,0.5854587554931641,0.7894706726074219,-0.0294556375592947,0.5562142729759216,0.7402507066726685,-0.03552199527621269,0.5358256697654724,0.7007509469985962,-0.040932681411504745,0.6181120276451111,0.6646333336830139,-0.006621421780437231,0.5972930788993835,0.5856000781059265,-0.01950882375240326,0.586937665939331,0.5362770557403564,-0.03321497514843941,0.5799357891082764,0.4921773076057434,-0.04417117312550545,0.6522895097732544,0.6507059335708618,-0.009262329898774624,0.6394945383071899,0.56244957447052,-0.01840229704976082,0.6341785788536072,0.5073486566543579,-0.030544273555278778,0.6311799883842468,0.46069929003715515,-0.040480658411979675,0.6849027276039124,0.6562720537185669,-0.01631755940616131,0.6778464317321777,0.574700653553009,-0.027802757918834686,0.6747323274612427,0.5245839953422546,-0.037658825516700745,0.6721534729003906,0.48024964332580566,-0.045660026371479034,0.71818608045578,0.6758904457092285,-0.026173800230026245,0.7188959121704102,0.6162365674972534,-0.03758867457509041,0.7208513617515564,0.5778596997261047,-0.04254186153411865,0.7234464287757874,0.540401041507721,-0.0465102382004261,OPEN
0.6947238445281982,0.8660179376602173,3.1684265877629514e-07,0.6342029571533203,0.8401014804840088,-0.019719909876585007,0.5864434242248535,0.7850549221038818,-0.025646492838859558,0.5607933402061462,0.7362245321273804,-0.030618881806731224,0.5407924056053162,0.6995025873184204,-0.035076647996902466,0.6189356446266174,0.662352979183197,-0.0030824646819382906,0.5988436341285706,0.5834839344024658,-0.013964823447167873,0.5890253782272339,0.5349429249763489,-0.026298049837350845,0.5821598768234253,0.49103599786758423,-0.03656774014234543,0.6538131237030029,0.6494107842445374,-0.006513727363198996,0.6426735520362854,0.561164915561676,-0.01418937835842371,0.6379127502441406,0.5075317025184631,-0.02562321163713932,0.6349189877510071,0.46187400817871094,-0.035279929637908936,0.686482846736908,0.6559998989105225,-0.014248416759073734,0.6811835765838623,0.574718177318573,-0.024685176089406013,0.678152322769165,0.5261801481246948,-0.03422723710536957,0.674990177154541,0.48217323422431946,-0.04233747348189354,0.7192827463150024,0.6767714023590088,-0.024570992216467857,0.7210925817489624,0.6164951324462891,-0.035510238260030746,0.722846508026123,0.5783527493476868,-0.04050525277853012,0.7248163223266602,0.5397245287895203,-0.04475352540612221,OPEN
0.6976351141929626,0.8566365838050842,3.3402227472834056e-07,0.6374823451042175,0.8296687006950378,-0.02167242020368576,0.5892707109451294,0.7759422063827515,-0.029434969648718834,0.5630449056625366,0.7260462045669556,-0.035821251571178436,0.5428473353385925,0.6868366003036499,-0.041324183344841,0.6236829161643982,0.6533930897712708,-0.005843574181199074,0.6030818819999695,0.5742144584655762,-0.017795203253626823,0.5941672921180725,0.525918185710907,-0.03083566203713417,0.5887609720230103,0.48202788829803467,-0.04130873456597328,0.6573390364646912,0.6406061053276062,-0.008050112053751945,0.646213710308075,0.553252100944519,-0.01633424125611782,0.6416385173797607,0.5003418326377869,-0.0277824979275465,0.6394026875495911,0.4553975462913513,-0.03733573853969574,0.6890292167663574,0.647256076335907,-0.014637298882007599,0.6845195889472961,0.5674985647201538,-0.02513957768678665,0.6818684935569763,0.5196565985679626,-0.03425329551100731,0.679267168045044,0.47657883167266846,-0.04202460125088692,0.7212380170822144,0.6681460738182068,-0.024006469175219536,0.7239396572113037,0.6095527410507202,-0.03506425768136978,0.7255841493606567,0.5718418955802917,-0.040007032454013824,0.7273808717727661,0.5335654020309448,-0.04397992044687271,OPEN
0.6948631405830383,0.8544641137123108,3.1951441314959084e-07,0.6340962052345276,0.8289068341255188,-0.020472871139645576,0.5878056883811951,0.7740325927734375,-0.027344638481736183,0.5629808902740479,0.7243058085441589,-0.03301567584276199,0.5423296689987183,0.6844449043273926,-0.037968654185533524,0.6236739754676819,0.6503314971923828,-0.004036400932818651,0.6036614179611206,0.5721782445907593,-0.01507102232426405,0.5940840244293213,0.5249112248420715,-0.027609504759311676,0.5878767967224121,0.4815189242362976,-0.037870995700359344,0.6576181054115295,0.6388278603553772,-0.006925813388079405,0.6470717191696167,0.5509135127067566,-0.014119421131908894,0.6415984630584717,0.49755728244781494,-0.025088783353567123,0.6383147835731506,0.4527958631515503,-0.034466929733753204,0.6892167329788208,0.6466516852378845,-0.01417040079832077,0.6848148703575134,0.5657098889350891,-0.023717978969216347,0.6815733909606934,0.5172045826911926,-0.032685600221157074,0.6784389019012451,0.47385406494140625,-0.040600165724754333,0.7206006050109863,0.6685285568237305,-0.024162642657756805,0.7233369946479797,0.6100965142250061,-0.034468866884708405,0.7251139879226685,0.5729745626449585,-0.0392097607254982,0.7271314263343811,0.5355913639068604,-0.04327138885855675,OPEN
0.6961427330970764,0.8543304800987244,3.069083902573766e-07,0.6358323693275452,0.8287909030914307,-0.02032400853931904,0.5884020328521729,0.7736222147941589,-0.026843523606657982,0.5626901388168335,0.7240703105926514,-0.03221355751156807,0.542238712310791,0.6842427849769592,-0.03685963153839111,0.6233094930648804,0.650188148021698,-0.0034578300546854734,0.6037565469741821,0.5719456672668457,-0.014580522663891315,0.5945632457733154,0.5244439244270325,-0.027277624234557152,0.5886213183403015,0.480876088142395,-0.03771697357296944,0.6573663949966431,0.6380215883255005,-0.00630606897175312,0.6469560265541077,0.550743043422699,-0.01375645399093628,0.641761302947998,0.4972206950187683,-0.025128329172730446,0.6384999752044678,0.45134061574935913,-0.03479555621743202,0.6893900632858276,0.6452820897102356,-0.013527444563806057,0.6852340698242188,0.5652020573616028,-0.023513678461313248,0.6825043559074402,0.5165978670120239,-0.03309355303645134,0.6796554327011108,0.4730704426765442,-0.04131793975830078,0.7213030457496643,0.6666874289512634,-0.023447023704648018,0.7243103384971619,0.6088330745697021,-0.034221403300762177,0.7260857224464417,0.5718258619308472,-0.039455726742744446,0.7279849052429199,0.534519612789154,-0.04380328208208084,OPEN
0.693892240524292,0.858494222164154,3.154962087137392e-07,0.6331216096878052,0.832526445388794,-0.02204691804945469,0.5872761607170105,0.778816819190979,-0.030860185623168945,0.5615026950836182,0.7302423119544983,-0.03834309056401253,0.5447052717208862,0.6864804029464722,-0.04505118355154991,0.6232215166091919,0.6534255146980286,-0.007142390590161085,0.6036669015884399,0.575064480304718,-0.02042268216609955,0.5939640998840332,0.5274903774261475,-0.0343380831182003,0.5878797769546509,0.48396265506744385,-0.04530744627118111,0.6578631401062012,0.6416731476783752,-0.009710049256682396,0.6478480100631714,0.5538526773452759,-0.018640566617250443,0.6422100067138672,0.4999340772628784,-0.030282553285360336,0.6384185552597046,0.4539896249771118,-0.03991268575191498,0.6903915405273438,0.6493447422981262,-0.016719505190849304,0.6860710382461548,0.5686430931091309,-0.027385927736759186,0.6828294396400452,0.5197373032569885,-0.03626040369272232,0.6795457601547241,0.4758836030960083,-0.04382734373211861,0.722338080406189,0.6716360449790955,-0.02658243663609028,0.7254939675331116,0.6125546097755432,-0.037380121648311615,0.7267845869064331,0.575005292892456,-0.0418238528072834,0.7281162142753601,0.537356972694397,-0.045454178005456924,OPEN
0.6954836249351501,0.8602779507637024,3.007104680818884e-07,0.6355643272399902,0.8356760740280151,-0.020068420097231865,0.5887060165405273,0.7798290848731995,-0.027359992265701294,0.5630273818969727,0.7290787696838379,-0.033531080931425095,0.5426205396652222,0.688848614692688,-0.039124995470047,0.6229041218757629,0.6552200317382812,-0.00589755130931735,0.604134202003479,0.5763102769851685,-0.017780255526304245,0.5950961709022522,0.5282958745956421,-0.030744021758437157,0.5893900394439697,0.484360933303833,-0.04134470596909523,0.6577986478805542,0.6430767774581909,-0.00928776990622282,0.6476794481277466,0.5548683404922485,-0.01729760318994522,0.642822265625,0.5005155801773071,-0.028636693954467773,0.6399422287940979,0.45415937900543213,-0.03829938545823097,0.6905478239059448,0.6506889462471008,-0.016827285289764404,0.686076819896698,0.5698355436325073,-0.027260424569249153,0.6835328340530396,0.5201302766799927,-0.03680325672030449,0.6808772683143616,0.47571757435798645,-0.04504192993044853,0.7230890393257141,0.6727002263069153,-0.026963694021105766,0.7259441614151001,0.6138232350349426,-0.03792640194296837,0.7274973392486572,0.5761229991912842,-0.04303113371133804,0.7289220094680786,0.5384811162948608,-0.04731907323002815,OPEN
0.6974557042121887,0.860856294631958,3.143704532249103e-07,0.6359322667121887,0.834074854850769,-0.019395820796489716,0.588684618473053,0.7783975601196289,-0.025806542485952377,0.5628646612167358,0.7291718125343323,-0.031278565526008606,0.5447145700454712,0.688323974609375,-0.035994358360767365,0.6233183741569519,0.6541344523429871,-0.0023482071701437235,0.6037867069244385,0.575080394744873,-0.013192777521908283,0.5948637127876282,0.5273944139480591,-0.02569577656686306,0.5893504619598389,0.48372453451156616,-0.03599041327834129,0.6582571268081665,0.6425284147262573,-0.005797489546239376,0.647895336151123,0.554535984992981,-0.012882065959274769,0.6430260539054871,0.5004497170448303,-0.024005107581615448,0.6400451064109802,0.4544748365879059,-0.0334596112370491,0.6912867426872253,0.6506841778755188,-0.013597914949059486,0.6863858699798584,0.5696130990982056,-0.02343161776661873,0.6837875843048096,0.520557701587677,-0.032719701528549194,0.6812951564788818,0.4764670431613922,-0.040681079030036926,0.724054753780365,0.6732041835784912,-0.02399216778576374,0.7264209389686584,0.6138966679573059,-0.03475308045744896,0.7279864549636841,0.5764934420585632,-0.039615727961063385,0.7299680709838867,0.538596510887146,-0.043612875044345856,OPEN
0.6968101859092712,0.8601295948028564,3.152742920065066e-07,0.6369619369506836,0.834364652633667,-0.021342158317565918,0.5902480483055115,0.7788901925086975,-0.029140248894691467,0.5651398301124573,0.7279741168022156,-0.03565286472439766,0.5445695519447327,0.6881296634674072,-0.04159872606396675,0.6262048482894897,0.6540189981460571,-0.006670123431831598,0.6063361167907715,0.5748230218887329,-0.01875481940805912,0.597038209438324,0.5267106294631958,-0.03180914744734764,0.5910540223121643,0.48282134532928467,-0.04242664575576782,0.6605664491653442,0.6426323056221008,-0.009546793065965176,0.6505339741706848,0.5538954734802246,-0.01773042231798172,0.6456683874130249,0.500342607498169,-0.029096027836203575,0.6425628662109375,0.4552207589149475,-0.03878048062324524,0.6923672556877136,0.650496780872345,-0.016740210354328156,0.6878609657287598,0.5691503286361694,-0.027132200077176094,0.6847459077835083,0.5207343697547913,-0.036297522485256195,0.6813638806343079,0.47741150856018066,-0.04430898278951645,0.7238179445266724,0.6724309921264648,-0.026715358719229698,0.7267060875892639,0.6130397319793701,-0.03756866976618767,0.7285380363464355,0.5754395127296448,-0.04249253869056702,0.730131983757019,0.5378890037536621,-0.04670245572924614,OPEN
0.6991467475891113,0.8597083687782288,3.193846112026222e-07,0.6383126974105835,0.8328865766525269,-0.02130408212542534,0.590925931930542,0.7779545187950134,-0.02918439358472824,0.5654422640800476,0.7278215289115906,-0.035898979753255844,0.5463287234306335,0.6863611340522766,-0.04182547330856323,0.6276737451553345,0.6541016697883606,-0.005334754940122366,0.6085929870605469,0.5750030279159546,-0.017592282965779305,0.5996737480163574,0.5268915891647339,-0.030864648520946503,0.594062864780426,0.4829476773738861,-0.04150911048054695,0.6619535088539124,0.6422217488288879,-0.008245276287198067,0.6527344584465027,0.5543840527534485,-0.016744783148169518,0.648007333278656,0.5005190968513489,-0.028530629351735115,0.6451281905174255,0.4544621407985687,-0.038322459906339645,0.6938234567642212,0.6495715975761414,-0.01556435041129589,0.6902479529380798,0.5699458718299866,-0.02629571221768856,0.6876350045204163,0.5211710929870605,-0.03573301434516907,0.6850075125694275,0.4775453805923462,-0.04364960640668869,0.72553551197052,0.671061098575592,-0.025660458952188492,0.7289755344390869,0.6121768951416016,-0.03661465644836426,0.731218159198761,0.5744898319244385,-0.041388873010873795,0.733555793762207,0.537055253982544,-0.04525560513138771,OPEN
0.6987284421920776,0.8582015037536621,3.1524473342869896e-07,0.637418806552887,0.8297422528266907,-0.020083332434296608,0.590094804763794,0.7756057381629944,-0.027643870562314987,0.564181387424469,0.7272205352783203,-0.03430210426449776,0.5466456413269043,0.6865199208259583,-0.04031817615032196,0.6283029317855835,0.653314471244812,-0.004941749386489391,0.608525812625885,0.5747535824775696,-0.01722026616334915,0.5990482568740845,0.5270290970802307,-0.030560458078980446,0.5929356217384338,0.4834555983543396,-0.04129469394683838,0.6626081466674805,0.6418737173080444,-0.008487951010465622,0.6530728936195374,0.5542998313903809,-0.017146648839116096,0.6479669809341431,0.5005605816841125,-0.028967024758458138,0.644591748714447,0.45472437143325806,-0.03875020891427994,0.6945220828056335,0.6495511531829834,-0.01634286344051361,0.6911236047744751,0.5693349838256836,-0.02719944156706333,0.6882709860801697,0.5202388763427734,-0.03678339347243309,0.6851903796195984,0.4762897491455078,-0.04481632262468338,0.7257895469665527,0.6716576814651489,-0.026853734627366066,0.7300364375114441,0.6130638122558594,-0.03798694163560867,0.731818675994873,0.5752154588699341,-0.04299275949597359,0.7332953810691833,0.537311315536499,-0.04705294221639633,OPEN
0.6984533071517944,0.8564519286155701,3.09726658542786e-07,0.6389682292938232,0.8313936591148376,-0.019894979894161224,0.5920908451080322,0.7771345973014832,-0.02708566002547741,0.5661684274673462,0.7279325127601624,-0.03325880691409111,0.548151969909668,0.6865891218185425,-0.03887880966067314,0.6274646520614624,0.6526051759719849,-0.005014577880501747,0.6084030270576477,0.5743298530578613,-0.016754334792494774,0.599239706993103,0.5266728401184082,-0.029715947806835175,0.593447208404541,0.4827876389026642,-0.04035957157611847,0.661722719669342,0.6409510374069214,-0.0085005983710289,0.6522966623306274,0.5530732870101929,-0.016430705785751343,0.6477076411247253,0.4994450807571411,-0.027885569259524345,0.6448192596435547,0.45352810621261597,-0.03761671483516693,0.6938396692276001,0.6489303112030029,-0.016198595985770226,0.6898413300514221,0.568282961845398,-0.02679789625108242,0.6875141859054565,0.5194822549819946,-0.03634633496403694,0.6849719882011414,0.4754106402397156,-0.04448937252163887,0.7254769206047058,0.6715546250343323,-0.026479963213205338,0.728354275226593,0.6126762628555298,-0.03778407350182533,0.7306666970252991,0.5751716494560242,-0.04292036220431328,0.7331041693687439,0.5373165607452393,-0.047135334461927414,OPEN
0.6975312829017639,0.8565202951431274,3.160488972753228e-07,0.6375781893730164,0.8310587406158447,-0.02139640599489212,0.5912151336669922,0.7764036655426025,-0.029776377603411674,0.5650391578674316,0.7267659306526184,-0.03694844990968704,0.5460526943206787,0.6848868727684021,-0.04342319443821907,0.6270897388458252,0.6525514721870422,-0.006693302188068628,0.6078212261199951,0.5742356777191162,-0.019499721005558968,0.5985711812973022,0.5263683795928955,-0.03309960663318634,0.592833936214447,0.48277515172958374,-0.04399183765053749,0.6612095832824707,0.6406865119934082,-0.009709546342492104,0.6514655947685242,0.5531460642814636,-0.018717972561717033,0.6462980508804321,0.49968835711479187,-0.030594779178500175,0.6429625749588013,0.4542153477668762,-0.040419697761535645,0.6930243968963623,0.6481810212135315,-0.01707768440246582,0.6894645094871521,0.5679126381874084,-0.02829102613031864,0.6866955161094666,0.5187989473342896,-0.038029856979846954,0.6836479902267456,0.47484514117240906,-0.04619195684790611,0.7241681218147278,0.6700749397277832,-0.027178101241588593,0.7282978296279907,0.6113952398300171,-0.03865097463130951,0.7303370237350464,0.5740242004394531,-0.043898191303014755,0.7319544553756714,0.5367319583892822,-0.04814647510647774,OPEN
0.6968858242034912,0.8571934103965759,3.113460138592927e-07,0.6372324824333191,0.831131100654602,-0.020283173769712448,0.5916139483451843,0.7768591046333313,-0.027964413166046143,0.5660083889961243,0.7276998162269592,-0.034692101180553436,0.5473995804786682,0.6865969896316528,-0.04081757366657257,0.6264112591743469,0.6527678370475769,-0.004695400130003691,0.6077689528465271,0.5744669437408447,-0.016956306993961334,0.5985255241394043,0.5267314910888672,-0.03048362210392952,0.5927094221115112,0.48277777433395386,-0.041479501873254776,0.6606596112251282,0.6408394575119019,-0.008136129938066006,0.6509389281272888,0.5534436702728271,-0.01667284220457077,0.6460884213447571,0.49944376945495605,-0.028715355321764946,0.6429424285888672,0.4531150460243225,-0.038805533200502396,0.6927504539489746,0.648612916469574,-0.015884676948189735,0.6888918280601501,0.5683706402778625,-0.02680915594100952,0.6864763498306274,0.5192050933837891,-0.036715224385261536,0.6837208867073059,0.47504329681396484,-0.04506680369377136,0.7244390845298767,0.6710436940193176,-0.026270806789398193,0.7276897430419922,0.6124799251556396,-0.03764942288398743,0.7295581698417664,0.5750702023506165,-0.042951036244630814,0.7312839031219482,0.5374737977981567,-0.0472739040851593,OPEN
0.6992692351341248,0.8559228181838989,3.0902754133421695e-07,0.6384004950523376,0.8307512998580933,-0.019612722098827362,0.5911802649497986,0.7763354778289795,-0.02662719413638115,0.5657522082328796,0.7269468307495117,-0.032711125910282135,0.5469833612442017,0.686032772064209,-0.038170550018548965,0.626276969909668,0.6527466177940369,-0.004210598301142454,0.6070069670677185,0.5742738842964172,-0.015868082642555237,0.598234236240387,0.5265392661094666,-0.028771966695785522,0.5931395888328552,0.4831213355064392,-0.03921040892601013,0.6605778336524963,0.6404462456703186,-0.007651174906641245,0.6501210331916809,0.5526206493377686,-0.015534241683781147,0.6450426578521729,0.4987720847129822,-0.02706141397356987,0.6422333717346191,0.45323508977890015,-0.03675650805234909,0.6928767561912537,0.647566020488739,-0.01531180925667286,0.6886340379714966,0.5667863488197327,-0.025706347078084946,0.6855655908584595,0.5174746513366699,-0.03547317162156105,0.682590901851654,0.4741929769515991,-0.04372302070260048,0.7251214981079102,0.6691948175430298,-0.02553567849099636,0.7283861637115479,0.6101635098457336,-0.036486875265836716,0.7301387190818787,0.5726346373558044,-0.04161050170660019,0.7317860126495361,0.5356085300445557,-0.045774009078741074,OPEN
0.6986956596374512,0.8566701412200928,3.2301309715876414e-07,0.6385679841041565,0.8312261700630188,-0.022852975875139236,0.5916997194290161,0.7779749631881714,-0.031995244324207306,0.5653336644172668,0.7292649149894714,-0.03958301618695259,0.5472381711006165,0.6856040358543396,-0.04630167782306671,0.626872718334198,0.6523284316062927,-0.008367788977921009,0.6071562170982361,0.5744850635528564,-0.021501345559954643,0.5978236198425293,0.5271046161651611,-0.03527361899614334,0.5920164585113525,0.483523428440094,-0.046229250729084015,0.661155104637146,0.6403914093971252,-0.010711412876844406,0.6512261033058167,0.552963376045227,-0.01995055563747883,0.645775556564331,0.49981510639190674,-0.031903643161058426,0.6422275900840759,0.45428192615509033,-0.04174164682626724,0.6933591961860657,0.6480730772018433,-0.017469443380832672,0.6898576617240906,0.5672920942306519,-0.029024330899119377,0.6868960857391357,0.5186784267425537,-0.03863954171538353,0.6836750507354736,0.47477951645851135,-0.04658987373113632,0.7247998714447021,0.6704636216163635,-0.027049517259001732,0.728438138961792,0.611931324005127,-0.03901621699333191,0.7301169037818909,0.574471652507782,-0.044256702065467834,0.731497049331665,0.5368891954421997,-0.048320215195417404,OPEN
0.6989379525184631,0.8590424060821533,3.13793748318858e-07,0.6385251879692078,0.8337879776954651,-0.021428192034363747,0.5923452973365784,0.7782384157180786,-0.02965259552001953,0.5662314295768738,0.7281007766723633,-0.036657482385635376,0.5486410856246948,0.6849440336227417,-0.04284396395087242,0.6281229257583618,0.6539869904518127,-0.006309510674327612,0.6088151335716248,0.574709951877594,-0.01891002058982849,0.5994575023651123,0.5266943573951721,-0.03225729241967201,0.5936460494995117,0.4831525683403015,-0.04286802560091019,0.6626268625259399,0.6423442959785461,-0.00900481641292572,0.6528263688087463,0.5544700622558594,-0.017522484064102173,0.6475005745887756,0.5005757212638855,-0.028950132429599762,0.6437669992446899,0.45507651567459106,-0.038432735949754715,0.6949954628944397,0.6498677730560303,-0.016069576144218445,0.6905398368835449,0.5689525604248047,-0.02669309824705124,0.687570333480835,0.5200806856155396,-0.03565237298607826,0.6842765808105469,0.4765300154685974,-0.04322115331888199,0.7268028259277344,0.671543538570404,-0.025894034653902054,0.7300982475280762,0.6118069291114807,-0.03670892119407654,0.7316924929618835,0.5739523768424988,-0.041303567588329315,0.7332830429077148,0.5364327430725098,-0.04502343013882637,OPEN
0.6996931433677673,0.859175443649292,3.0558263119928597e-07,0.6394541263580322,0.8328180313110352,-0.020062189549207687,0.5927031636238098,0.7766277194023132,-0.027458524331450462,0.5674063563346863,0.7253655195236206,-0.03386153280735016,0.5496103167533875,0.6843760013580322,-0.03970807045698166,0.6271611452102661,0.6537436246871948,-0.005884843412786722,0.6088327169418335,0.5754507184028625,-0.018490301445126534,0.6000838875770569,0.5274010300636292,-0.03206600621342659,0.5946099758148193,0.48347005248069763,-0.04311389848589897,0.6618804335594177,0.641608715057373,-0.009563936851918697,0.6522405743598938,0.5539116859436035,-0.018672000616788864,0.6475369930267334,0.49986547231674194,-0.03082939051091671,0.644284188747406,0.45319509506225586,-0.04091832414269447,0.6943516135215759,0.6493895053863525,-0.01739867590367794,0.6907805800437927,0.5688437819480896,-0.028919724747538567,0.6882922649383545,0.519622802734375,-0.03900229185819626,0.6852748990058899,0.4754202365875244,-0.04740547761321068,0.7261998653411865,0.6723188757896423,-0.027797965332865715,0.7300469279289246,0.6137779951095581,-0.03993495553731918,0.732202410697937,0.5761404037475586,-0.04558166489005089,0.7339893579483032,0.5384842753410339,-0.0500386580824852,OPEN
0.6990712881088257,0.8576050996780396,3.2565216656621487e-07,0.6387455463409424,0.8305162787437439,-0.021245606243610382,0.5918812155723572,0.7770535349845886,-0.029838573187589645,0.5660682916641235,0.7274404168128967,-0.03724857047200203,0.5489876866340637,0.6843381524085999,-0.0438762865960598,0.6279898285865784,0.652910053730011,-0.006316701881587505,0.6091878414154053,0.5742355585098267,-0.019024686887860298,0.6001618504524231,0.5265955924987793,-0.03255698084831238,0.5946914553642273,0.4829816520214081,-0.04340246692299843,0.6626335382461548,0.6414586901664734,-0.009431053884327412,0.6532989740371704,0.553516149520874,-0.01853952184319496,0.6482061147689819,0.4998486638069153,-0.030461423099040985,0.6450016498565674,0.4539078176021576,-0.04029494524002075,0.694869339466095,0.6491215825080872,-0.016901593655347824,0.6912052631378174,0.5681319832801819,-0.028313305228948593,0.6883120536804199,0.5188337564468384,-0.03787165880203247,0.6854221820831299,0.4746057689189911,-0.0458584725856781,0.7265397906303406,0.6711071729660034,-0.027076734229922295,0.7303611636161804,0.6125699877738953,-0.0388210192322731,0.7323471903800964,0.5749338865280151,-0.043963003903627396,0.7341660261154175,0.5372583866119385,-0.04803887754678726,OPEN
0.7004060745239258,0.8586726188659668,3.1227310159920307e-07,0.6418949365615845,0.8340683579444885,-0.02076582796871662,0.5950677990913391,0.7786112427711487,-0.028394781053066254,0.5692157745361328,0.728117823600769,-0.03477909043431282,0.5498554110527039,0.6868900060653687,-0.04038218408823013,0.6281934976577759,0.6524696946144104,-0.005560124292969704,0.6090930104255676,0.5739901065826416,-0.017201771959662437,0.6000577211380005,0.5263519287109375,-0.03018328920006752,0.5942391157150269,0.48277151584625244,-0.040813762694597244,0.6627764105796814,0.6404276490211487,-0.00856633111834526,0.6528951525688171,0.5525755882263184,-0.01611560583114624,0.6478938460350037,0.49885472655296326,-0.027272159233689308,0.6444740295410156,0.45323634147644043,-0.03681609034538269,0.6952245831489563,0.6479465961456299,-0.015836799517273903,0.6906653046607971,0.5669342279434204,-0.025691354647278786,0.6879376173019409,0.5185400247573853,-0.03462941199541092,0.684921383857727,0.475392609834671,-0.042499154806137085,0.7269821763038635,0.6700114607810974,-0.025843163952231407,0.7294347882270813,0.6114621758460999,-0.03638344258069992,0.7315945625305176,0.5746777057647705,-0.04096482694149017,0.7338837385177612,0.5380837917327881,-0.04483281448483467,OPEN
0.7013039588928223,0.8592169284820557,3.2200472332988284e-07,0.6414048671722412,0.8334653973579407,-0.02175545133650303,0.5946905612945557,0.7778964042663574,-0.029900114983320236,0.5679715275764465,0.7283548712730408,-0.03674774616956711,0.5497695207595825,0.6857700347900391,-0.04283541813492775,0.6287137269973755,0.6536617875099182,-0.00660227844491601,0.6094344258308411,0.5747956037521362,-0.01945008523762226,0.6000645756721497,0.5267882347106934,-0.033178381621837616,0.5945380330085754,0.48246845602989197,-0.0442117303609848,0.662513017654419,0.64150470495224,-0.009209061972796917,0.6522817611694336,0.5531420111656189,-0.018171697854995728,0.6473976373672485,0.4989515542984009,-0.030261259526014328,0.6447551250457764,0.4519349932670593,-0.04029140993952751,0.6946641206741333,0.6493176221847534,-0.01617504097521305,0.6907791495323181,0.5677610039710999,-0.02755896747112274,0.6884984374046326,0.5182532668113708,-0.03754027560353279,0.6862496733665466,0.47384315729141235,-0.04580758884549141,0.7265554666519165,0.6717506647109985,-0.02587592974305153,0.7302463054656982,0.6127744913101196,-0.03776337206363678,0.7322520017623901,0.5748606324195862,-0.0433189831674099,0.7340492010116577,0.536791205406189,-0.04771093279123306,OPEN
0.7011243104934692,0.856408953666687,3.240093917611375e-07,0.6415573954582214,0.8300216794013977,-0.022835208103060722,0.5945031642913818,0.7771962881088257,-0.032611969858407974,0.5682292580604553,0.7282019257545471,-0.04084273800253868,0.551075279712677,0.6842670440673828,-0.04812619835138321,0.6290159225463867,0.6522051692008972,-0.009117511101067066,0.6099442839622498,0.5733481049537659,-0.022733421996235847,0.6006125211715698,0.5256338715553284,-0.03672480210661888,0.5947484374046326,0.4819120168685913,-0.04775922745466232,0.663223385810852,0.6406102776527405,-0.011469227261841297,0.6535907983779907,0.5527617931365967,-0.021013570949435234,0.648465633392334,0.4995812773704529,-0.03283226862549782,0.6451548337936401,0.45411646366119385,-0.04259274899959564,0.6952325105667114,0.6480551958084106,-0.018199414014816284,0.6910669803619385,0.56736159324646,-0.02958986908197403,0.6887722015380859,0.5188516974449158,-0.038626305758953094,0.6862486600875854,0.4754485487937927,-0.04626007005572319,0.7267664074897766,0.6698180437088013,-0.027793025597929955,0.7299395203590393,0.6111326813697815,-0.03934546187520027,0.7320942878723145,0.5736410021781921,-0.044133808463811874,0.7341532707214355,0.5363378524780273,-0.047914519906044006,OPEN
0.7007503509521484,0.8568187952041626,3.1455800808544154e-07,0.6411649584770203,0.8300673961639404,-0.01974625140428543,0.5940536856651306,0.7752060890197754,-0.026830274611711502,0.568198561668396,0.7261072397232056,-0.03296704962849617,0.5512465238571167,0.6842659115791321,-0.038356199860572815,0.6288659572601318,0.6516666412353516,-0.003912380896508694,0.6099056005477905,0.5732723474502563,-0.01558708492666483,0.6008517742156982,0.5258294939994812,-0.028604013845324516,0.5951679944992065,0.48260509967803955,-0.03913925588130951,0.6628398299217224,0.6398269534111023,-0.0072177704423666,0.6534828543663025,0.5524177551269531,-0.014860386960208416,0.6482471823692322,0.49899187684059143,-0.02602231316268444,0.6446906924247742,0.4538984000682831,-0.03544527292251587,0.6947811245918274,0.6471365690231323,-0.0148268211632967,0.6908673644065857,0.5668988823890686,-0.024465007707476616,0.6879676580429077,0.5183717012405396,-0.03326090797781944,0.6849489212036133,0.4751397371292114,-0.0409967377781868,0.7259923815727234,0.6690778732299805,-0.025142597034573555,0.7294502258300781,0.6111351251602173,-0.035328228026628494,0.731452226638794,0.5739405155181885,-0.03982043266296387,0.7335615754127502,0.5367661118507385,-0.04361853003501892,OPEN
0.6979902386665344,0.8575268387794495,3.059428195228975e-07,0.6401126980781555,0.8298123478889465,-0.019593046978116035,0.5938464403152466,0.7742653489112854,-0.027222122997045517,0.5687220096588135,0.725134551525116,-0.03399767726659775,0.5508570671081543,0.6849916577339172,-0.04039245843887329,0.6284264326095581,0.6516806483268738,-0.006480759475380182,0.6096543669700623,0.5738937854766846,-0.019282246008515358,0.6003513336181641,0.5263241529464722,-0.032772473990917206,0.5942116379737854,0.48300492763519287,-0.04362191632390022,0.6628225445747375,0.6404300332069397,-0.010421433486044407,0.6538389921188354,0.5526912808418274,-0.01953684538602829,0.6488462686538696,0.49921032786369324,-0.03142528608441353,0.6452301144599915,0.4536619186401367,-0.04126866161823273,0.6951116919517517,0.6483815312385559,-0.01844858005642891,0.6914814114570618,0.5678566098213196,-0.0295894593000412,0.6887850761413574,0.5187849998474121,-0.03909960761666298,0.6856400966644287,0.4751266837120056,-0.04712582379579544,0.7264285683631897,0.6709078550338745,-0.029041118919849396,0.7300417423248291,0.6117028594017029,-0.04036124423146248,0.7320797443389893,0.5737468600273132,-0.045305900275707245,0.7337608933448792,0.5363944172859192,-0.049367744475603104,OPEN
0.7001414895057678,0.8579308390617371,3.202133314061939e-07,0.6414526700973511,0.8311807513237,-0.022605828940868378,0.5946944952011108,0.7770564556121826,-0.03178948909044266,0.5687568783760071,0.7283647656440735,-0.03944237902760506,0.5503060817718506,0.6868342161178589,-0.0462380014359951,0.6284831166267395,0.6522674560546875,-0.008528385311365128,0.6100833415985107,0.5740679502487183,-0.021987400949001312,0.6008574962615967,0.526260495185852,-0.03603164851665497,0.5951619148254395,0.4824436902999878,-0.04720541462302208,0.6625776886940002,0.6402819156646729,-0.010930276475846767,0.6526817679405212,0.5532546043395996,-0.020606104284524918,0.647773027420044,0.4995490312576294,-0.03289828076958656,0.645090639591217,0.45327043533325195,-0.04295562207698822,0.6947073936462402,0.6477331519126892,-0.01767139509320259,0.6912336945533752,0.5677700042724609,-0.029358098283410072,0.6889012455940247,0.5186825394630432,-0.03939554840326309,0.6863846778869629,0.4749193787574768,-0.04761842265725136,0.7264803647994995,0.6695593595504761,-0.027195334434509277,0.7302402257919312,0.6113508343696594,-0.039019692689180374,0.7321715354919434,0.5741474032402039,-0.04442273825407028,0.7338287234306335,0.5374010801315308,-0.04859877750277519,OPEN
0.6997098326683044,0.8565672636032104,3.45605826623796e-07,0.640741229057312,0.8306397795677185,-0.02461516484618187,0.5948290228843689,0.7787638902664185,-0.03522512689232826,0.5676900148391724,0.7300669550895691,-0.044068899005651474,0.5500286817550659,0.6847171783447266,-0.05186402425169945,0.6284576654434204,0.6531343460083008,-0.009188182651996613,0.609626829624176,0.5742794871330261,-0.02336999960243702,0.6004637479782104,0.5264685750007629,-0.03795842453837395,0.5953403115272522,0.48220884799957275,-0.04933423176407814,0.662723183631897,0.6410621404647827,-0.010594620369374752,0.653165876865387,0.5536361336708069,-0.020592108368873596,0.6481837630271912,0.4998265504837036,-0.03316298499703407,0.6453685164451599,0.4532123804092407,-0.04341316968202591,0.6947562098503113,0.6481951475143433,-0.01664862409234047,0.6911470890045166,0.5687499642372131,-0.028607478365302086,0.6887935996055603,0.5193160772323608,-0.03858600929379463,0.6864906549453735,0.47523918747901917,-0.04673631116747856,0.7263486385345459,0.6693854928016663,-0.025688812136650085,0.7301177382469177,0.6114627122879028,-0.037518326193094254,0.732528567314148,0.5742599368095398,-0.042822569608688354,0.7349013686180115,0.5372166037559509,-0.04694540053606033,OPEN
0.7000068426132202,0.8548457622528076,3.3696193213472725e-07,0.6406606435775757,0.8293539881706238,-0.023791268467903137,0.59376460313797,0.7779681086540222,-0.03339065983891487,0.567310094833374,0.7287419438362122,-0.04120529070496559,0.5508301258087158,0.683565616607666,-0.047872394323349,0.6284052133560181,0.6510072946548462,-0.0074335201643407345,0.6099388599395752,0.5732301473617554,-0.020017389208078384,0.6010947227478027,0.5263118147850037,-0.03379300236701965,0.5956764817237854,0.48301559686660767,-0.044821470975875854,0.6625122427940369,0.6392474174499512,-0.008930254727602005,0.6534884572029114,0.5523143410682678,-0.017323296517133713,0.648564875125885,0.4992838501930237,-0.029153356328606606,0.6454337239265442,0.453838050365448,-0.039061013609170914,0.694312334060669,0.646988570690155,-0.015034256502985954,0.6911490559577942,0.5667097568511963,-0.02577071264386177,0.6888536214828491,0.5183649659156799,-0.0354154147207737,0.6862859129905701,0.4750380516052246,-0.04351523146033287,0.7258131504058838,0.6690009236335754,-0.024075588211417198,0.7296388149261475,0.6109268665313721,-0.035358551889657974,0.7317248582839966,0.5739226341247559,-0.040639590471982956,0.7338699698448181,0.5368062853813171,-0.04480668157339096,OPEN
0.7016745209693909,0.8576822280883789,3.128534444840625e-07,0.6422954201698303,0.8320872783660889,-0.020378105342388153,0.5949200391769409,0.7761284112930298,-0.027444729581475258,0.5690818428993225,0.7261046767234802,-0.03334248811006546,0.5505462288856506,0.6852657198905945,-0.03850909695029259,0.6304776668548584,0.651817798614502,-0.005163843277841806,0.6112121939659119,0.573009729385376,-0.016547778621315956,0.6020587682723999,0.5251069068908691,-0.029289087280631065,0.5959658622741699,0.4813813269138336,-0.039747823029756546,0.6644901633262634,0.6399678587913513,-0.008243680000305176,0.654778003692627,0.5521548986434937,-0.01561763510107994,0.6500489115715027,0.49852657318115234,-0.026636354625225067,0.6469060778617859,0.45321470499038696,-0.03606094419956207,0.6964138746261597,0.648137629032135,-0.015577217563986778,0.6924943923950195,0.5676029920578003,-0.0253013763576746,0.6895564198493958,0.5193116664886475,-0.03435409069061279,0.6861565709114075,0.4757903218269348,-0.04229152202606201,0.7279698848724365,0.6708675026893616,-0.025600021705031395,0.7316274642944336,0.6115979552268982,-0.035962171852588654,0.7333065867424011,0.5741589665412903,-0.04072558879852295,0.7348379492759705,0.5365371704101562,-0.04479451850056648,OPEN
0.7013537883758545,0.8563793897628784,3.1312131909544405e-07,0.6413232684135437,0.8298223614692688,-0.02085808664560318,0.5939773917198181,0.7762484550476074,-0.028973521664738655,0.5674871206283569,0.7285546660423279,-0.03590306639671326,0.5519455075263977,0.6878904700279236,-0.04220178723335266,0.6295883059501648,0.6537810564041138,-0.007327785715460777,0.6108855605125427,0.574780285358429,-0.020620841532945633,0.6019558906555176,0.5267418622970581,-0.03432147577404976,0.5966018438339233,0.48305344581604004,-0.04513702914118767,0.6641266942024231,0.6416634321212769,-0.01030654739588499,0.6545795798301697,0.5533587336540222,-0.019733501598238945,0.649649441242218,0.4992883503437042,-0.03165246546268463,0.6464430689811707,0.45248326659202576,-0.04141373559832573,0.6966816782951355,0.648787260055542,-0.01750236004590988,0.6930142045021057,0.567898690700531,-0.028997600078582764,0.6904991865158081,0.5182672142982483,-0.03870208561420441,0.6877700090408325,0.4741436839103699,-0.04666988551616669,0.7287213802337646,0.670578122138977,-0.027322815731167793,0.7326282858848572,0.6118834018707275,-0.0390186533331871,0.7344993948936462,0.5739690065383911,-0.04419384524226189,0.7361195087432861,0.5363213419914246,-0.048247501254081726,OPEN
0.7028779983520508,0.8580296039581299,3.125281295979221e-07,0.6427746415138245,0.8328331112861633,-0.021031057462096214,0.5953370332717896,0.777230441570282,-0.02837025187909603,0.5697979927062988,0.7270482182502747,-0.03434603661298752,0.552081823348999,0.6851891279220581,-0.039490535855293274,0.6299207806587219,0.6539003252983093,-0.0058685531839728355,0.6109541058540344,0.5749541521072388,-0.017571473494172096,0.602364182472229,0.5268747806549072,-0.030341736972332,0.5969507098197937,0.4834532141685486,-0.04062557965517044,0.6645135283470154,0.641570508480072,-0.008457743562757969,0.6547971963882446,0.5537722110748291,-0.01627669297158718,0.6499527096748352,0.5000852942466736,-0.027458949014544487,0.6467488408088684,0.45469164848327637,-0.03682868927717209,0.696784496307373,0.6485503911972046,-0.015310254879295826,0.6930693984031677,0.5680503845214844,-0.025359416380524635,0.6903853416442871,0.5190837383270264,-0.034551896154880524,0.6873866319656372,0.47554051876068115,-0.042416274547576904,0.7282754182815552,0.6699270009994507,-0.024874286726117134,0.7320876121520996,0.6113389134407043,-0.03538225218653679,0.7342768311500549,0.5739238858222961,-0.04012443497776985,0.7364754676818848,0.5368705987930298,-0.04402129352092743,OPEN
0.701422929763794,0.8582622408866882,3.1464355743082706e-07,0.6419333219528198,0.8319753408432007,-0.020144231617450714,0.5949859619140625,0.775941789150238,-0.027658535167574883,0.5691239237785339,0.725718080997467,-0.034185148775577545,0.5521717071533203,0.6849391460418701,-0.040069758892059326,0.6305740475654602,0.6538495421409607,-0.005458349362015724,0.611733615398407,0.5747601985931396,-0.017771268263459206,0.6027469038963318,0.5268518924713135,-0.030883504077792168,0.5972795486450195,0.4832492470741272,-0.0414527952671051,0.6648939847946167,0.6420197486877441,-0.008931011892855167,0.6553410291671753,0.5535173416137695,-0.017383601516485214,0.6502820253372192,0.49955272674560547,-0.028695110231637955,0.6468744277954102,0.4540358781814575,-0.03815953806042671,0.6971027255058289,0.649237334728241,-0.016652973368763924,0.6931144595146179,0.5677661895751953,-0.02719257026910782,0.6905591487884521,0.5187171101570129,-0.03615180402994156,0.6878471374511719,0.4752016067504883,-0.043867774307727814,0.7286199331283569,0.6708023548126221,-0.027055786922574043,0.7317094206809998,0.6117361783981323,-0.038025740534067154,0.7337395548820496,0.5740933418273926,-0.04274668172001839,0.7357836365699768,0.5369686484336853,-0.046660810708999634,OPEN
0.7023945450782776,0.8575839996337891,3.1391030574923207e-07,0.6436459422111511,0.8320308923721313,-0.020430052652955055,0.5962308645248413,0.7776579856872559,-0.02816302515566349,0.5700376629829407,0.7291456460952759,-0.03480832651257515,0.5528790950775146,0.68821120262146,-0.04078743979334831,0.6301459670066833,0.6531569957733154,-0.006099409889429808,0.611523449420929,0.5746243596076965,-0.01865454390645027,0.6029160022735596,0.5267640352249146,-0.03204955533146858,0.597802460193634,0.4833849370479584,-0.04270466789603233,0.6642698049545288,0.6405638456344604,-0.009244764223694801,0.6550174355506897,0.5528377890586853,-0.017812732607126236,0.6502698063850403,0.4991169571876526,-0.02929260954260826,0.6473464965820312,0.45334434509277344,-0.03875616937875748,0.6965619325637817,0.6475470066070557,-0.01661156862974167,0.692906379699707,0.5671929121017456,-0.027276931330561638,0.6906666159629822,0.5182108879089355,-0.03658716380596161,0.688220202922821,0.47459572553634644,-0.04437840357422829,0.7282350659370422,0.669426679611206,-0.02663479372859001,0.731981098651886,0.6106258630752563,-0.03762178495526314,0.7343652248382568,0.5735149383544922,-0.04230940714478493,0.736548662185669,0.5370227694511414,-0.046018335968256,OPEN
0.700328528881073,0.8564818501472473,3.2106208891491406e-07,0.6406551003456116,0.8301579356193542,-0.021477829664945602,0.5944937467575073,0.7774205803871155,-0.030468061566352844,0.5692545771598816,0.728126585483551,-0.038411859422922134,0.5539053082466125,0.6860014200210571,-0.04573902115225792,0.6301222443580627,0.6545881628990173,-0.007760553155094385,0.6114618182182312,0.5761685371398926,-0.021663418039679527,0.6022493839263916,0.5280190110206604,-0.03583776205778122,0.5966140627861023,0.48408252000808716,-0.046941012144088745,0.6644487380981445,0.6426671743392944,-0.011010716669261456,0.6555946469306946,0.5545443296432495,-0.021025223657488823,0.6502395272254944,0.5003429651260376,-0.03333333879709244,0.6465586423873901,0.45383119583129883,-0.04331082105636597,0.696617841720581,0.6494397521018982,-0.018552061170339584,0.6934334635734558,0.5688083171844482,-0.030166972428560257,0.6905775666236877,0.5192500352859497,-0.0395701564848423,0.6875370144844055,0.4751107394695282,-0.0473446249961853,0.7280434966087341,0.670918881893158,-0.02887413650751114,0.7321637272834778,0.6119920611381531,-0.04013470932841301,0.7343482971191406,0.5737122297286987,-0.044780220836400986,0.7363564372062683,0.5361261963844299,-0.04850486293435097,OPEN
0.7007579207420349,0.8578411340713501,3.189782944446051e-07,0.6411058902740479,0.8309623003005981,-0.021020982414484024,0.5945393443107605,0.7767581343650818,-0.029205380007624626,0.5692306160926819,0.728434145450592,-0.03611171245574951,0.5534297227859497,0.6863285899162292,-0.04228118062019348,0.629723310470581,0.6533097624778748,-0.006712859496474266,0.6112810969352722,0.5751771926879883,-0.019366690889000893,0.6023706197738647,0.5273440480232239,-0.03293360024690628,0.5967968106269836,0.48351985216140747,-0.04383907839655876,0.6643046140670776,0.6415029168128967,-0.009790316224098206,0.6545674800872803,0.5542434453964233,-0.018564000725746155,0.6498595476150513,0.5002478361129761,-0.030286958441138268,0.6467509865760803,0.4539991319179535,-0.04001223295927048,0.6967517137527466,0.6490573287010193,-0.017150314524769783,0.6923280358314514,0.5684854984283447,-0.02832774631679058,0.6900733113288879,0.5193536877632141,-0.0379023402929306,0.6875361204147339,0.47537535429000854,-0.045876242220401764,0.7285871505737305,0.6710087060928345,-0.027163026854395866,0.7311686277389526,0.6120205521583557,-0.0389535091817379,0.7335824966430664,0.5748136639595032,-0.044071704149246216,0.7360010147094727,0.537678062915802,-0.04804978892207146,OPEN
0.701949417591095,0.856035053730011,3.1139146017267194e-07,0.6429687738418579,0.830267071723938,-0.020030714571475983,0.5956029891967773,0.7760741710662842,-0.027348631992936134,0.5700357556343079,0.7272079586982727,-0.033563945442438126,0.5520822405815125,0.6873339414596558,-0.03911508619785309,0.6299211978912354,0.6524195075035095,-0.005741423461586237,0.6106657385826111,0.5744695663452148,-0.01763417012989521,0.6016199588775635,0.5269178152084351,-0.03048568218946457,0.5961763262748718,0.4836045503616333,-0.04086249694228172,0.6642159223556519,0.6403636336326599,-0.009097318165004253,0.6540144681930542,0.5525773763656616,-0.017255429178476334,0.6492242813110352,0.4987965226173401,-0.02843855321407318,0.6466661095619202,0.45299258828163147,-0.0377749539911747,0.6964414119720459,0.647541880607605,-0.016627004370093346,0.6920720338821411,0.5668545961380005,-0.027222970500588417,0.689730167388916,0.5182299613952637,-0.03637174144387245,0.6875059604644775,0.47501516342163086,-0.04408057779073715,0.7281172275543213,0.6691558361053467,-0.026768773794174194,0.7307290434837341,0.6103060841560364,-0.03776850551366806,0.7330029606819153,0.5730843544006348,-0.042409829795360565,0.735425591468811,0.5361738204956055,-0.0461520217359066,OPEN
0.7011998295783997,0.857068657875061,3.233735981211794e-07,0.6418085098266602,0.8319447040557861,-0.021596431732177734,0.5942907333374023,0.7784113883972168,-0.02986978366971016,0.5679731369018555,0.7302519679069519,-0.03688495233654976,0.5513175129890442,0.6894723773002625,-0.04308746010065079,0.630759596824646,0.6538485884666443,-0.006275927647948265,0.6111452579498291,0.5749736428260803,-0.018665630370378494,0.6015496253967285,0.5270087718963623,-0.03202368691563606,0.5955021381378174,0.48324349522590637,-0.04259888827800751,0.6647627353668213,0.6413607001304626,-0.008715490810573101,0.6549347043037415,0.5535961389541626,-0.016805801540613174,0.6493003964424133,0.49953997135162354,-0.028144799172878265,0.6456059813499451,0.45353585481643677,-0.037613727152347565,0.6967003345489502,0.6477934718132019,-0.015518194064497948,0.692733883857727,0.5671786069869995,-0.02540401928126812,0.6896710991859436,0.5176865458488464,-0.03447657823562622,0.6866568326950073,0.47412416338920593,-0.042229726910591125,0.7278577089309692,0.6685433983802795,-0.025166500359773636,0.7315909266471863,0.6095355749130249,-0.03511933609843254,0.7335841655731201,0.5717357397079468,-0.03949902579188347,0.7357475161552429,0.5347265005111694,-0.04315616190433502,OPEN
0.7020151019096375,0.8574235439300537,3.224322711048444e-07,0.6426537036895752,0.8319485187530518,-0.021562663838267326,0.595720648765564,0.7781620025634766,-0.03009634092450142,0.5697919130325317,0.7288588285446167,-0.037323661148548126,0.5519528985023499,0.6866247653961182,-0.04374045133590698,0.6295153498649597,0.6532336473464966,-0.00693689938634634,0.610674262046814,0.575055718421936,-0.019654128700494766,0.6016970276832581,0.5273500680923462,-0.03323972970247269,0.5962862372398376,0.48347747325897217,-0.044093187898397446,0.66380774974823,0.6408438086509705,-0.009723852388560772,0.654143750667572,0.5534186363220215,-0.01840212382376194,0.6491822600364685,0.4995194375514984,-0.03014368563890457,0.6461605429649353,0.45311427116394043,-0.03989195078611374,0.6959835886955261,0.6480416059494019,-0.01682005263864994,0.6920357942581177,0.567705512046814,-0.027633579447865486,0.6896662712097168,0.5186382532119751,-0.03707926720380783,0.687170147895813,0.47472652792930603,-0.045008886605501175,0.7274290919303894,0.6698688864707947,-0.026662947610020638,0.7304558753967285,0.6110643148422241,-0.03780490905046463,0.7327434420585632,0.5736690759658813,-0.042661942541599274,0.7350413799285889,0.5365055799484253,-0.0465364046394825,OPEN
0.701474666595459,0.8548263311386108,3.1826897384235053e-07,0.6413360238075256,0.8292407989501953,-0.021264497190713882,0.5944017171859741,0.7762525677680969,-0.029569372534751892,0.5690007209777832,0.7271038293838501,-0.0365074947476387,0.5522769689559937,0.6844887733459473,-0.04255833849310875,0.6290230751037598,0.651580274105072,-0.006694260518997908,0.6097227931022644,0.5734912157058716,-0.01916555128991604,0.6008709073066711,0.5261176228523254,-0.03256470337510109,0.5956516861915588,0.48244887590408325,-0.04324429854750633,0.6627546548843384,0.6387842893600464,-0.009316886775195599,0.6527009010314941,0.5518931746482849,-0.017705678939819336,0.6477548480033875,0.49882981181144714,-0.029185766354203224,0.6448838710784912,0.45277655124664307,-0.03877139464020729,0.6946215033531189,0.6455076932907104,-0.0161795224994421,0.6909316778182983,0.56513911485672,-0.02674408257007599,0.6884340643882751,0.5164608359336853,-0.03593669831752777,0.6858103275299072,0.4728032946586609,-0.04373518377542496,0.7261735796928406,0.667022705078125,-0.02575656957924366,0.7299562692642212,0.608803391456604,-0.03674131631851196,0.7325158715248108,0.5714733004570007,-0.04149319976568222,0.7349754571914673,0.5340926051139832,-0.04526563361287117,OPEN
0.6997884511947632,0.8561076521873474,3.1900009389573825e-07,0.6404503583908081,0.8296625018119812,-0.02167392335832119,0.5941249132156372,0.7753580212593079,-0.02976476401090622,0.5690475702285767,0.726874053478241,-0.03647656738758087,0.5524265170097351,0.6856703758239746,-0.042358335107564926,0.6290100812911987,0.6511778831481934,-0.006351908668875694,0.6096688508987427,0.5731485486030579,-0.018337754532694817,0.6003089547157288,0.5259166359901428,-0.03140632435679436,0.5944318175315857,0.4829922914505005,-0.0418783538043499,0.6630064845085144,0.6390054821968079,-0.0086221843957901,0.6535635590553284,0.5520893335342407,-0.01667207106947899,0.648182213306427,0.499098002910614,-0.028110908344388008,0.6447609663009644,0.4540964365005493,-0.037670452147722244,0.6947808861732483,0.6460445523262024,-0.015217423439025879,0.691354513168335,0.5664255023002625,-0.0251783337444067,0.6885174512863159,0.5175138711929321,-0.034552473574876785,0.6856881976127625,0.4742775559425354,-0.042597778141498566,0.7257188558578491,0.6676523685455322,-0.02461787685751915,0.7299168705940247,0.6096490621566772,-0.03488411009311676,0.7316073179244995,0.5720574259757996,-0.039680659770965576,0.7331454157829285,0.5348256826400757,-0.04368043318390846,OPEN
0.7021859884262085,0.8558011054992676,3.1999087468648213e-07,0.6425265073776245,0.8312042355537415,-0.02228044532239437,0.595771312713623,0.7767422199249268,-0.03038204461336136,0.5705844759941101,0.7265395522117615,-0.03691403940320015,0.5516020655632019,0.6856814622879028,-0.042566440999507904,0.6290602087974548,0.6520800590515137,-0.006974794436246157,0.609930157661438,0.5737388134002686,-0.018943462520837784,0.6007720828056335,0.5259004831314087,-0.03211893141269684,0.5949838757514954,0.48211395740509033,-0.04282165691256523,0.6629104614257812,0.63918137550354,-0.009091784246265888,0.6527750492095947,0.5518293976783752,-0.01723209023475647,0.6476426720619202,0.4983449876308441,-0.028780924156308174,0.6445816159248352,0.45249685645103455,-0.03848528116941452,0.694590151309967,0.6461455821990967,-0.015554249286651611,0.6908648014068604,0.5653884410858154,-0.0260026752948761,0.6884228587150574,0.5163349509239197,-0.03562674671411514,0.6859517693519592,0.47271913290023804,-0.04379808530211449,0.7260245680809021,0.6676409244537354,-0.024824893102049828,0.7299579977989197,0.6090192794799805,-0.03572159633040428,0.7322561740875244,0.5714473724365234,-0.04087340459227562,0.7344437837600708,0.53410804271698,-0.045073989778757095,OPEN
0.6995664238929749,0.8563025593757629,3.208034513590974e-07,0.6404038071632385,0.8295780420303345,-0.01986876130104065,0.5944313406944275,0.7738702297210693,-0.026539379730820656,0.569516658782959,0.7250031232833862,-0.03221939504146576,0.5515629053115845,0.6855400800704956,-0.03719153255224228,0.6288668513298035,0.6500259637832642,-0.0031752996146678925,0.6099672913551331,0.5717736482620239,-0.014247409068048,0.6010718941688538,0.5242702960968018,-0.026905156672000885,0.5956606864929199,0.4806438684463501,-0.037276268005371094,0.6629663705825806,0.6385056376457214,-0.006357529666274786,0.6532803773880005,0.5511360168457031,-0.013547987677156925,0.6482354402542114,0.4974098205566406,-0.024615827947854996,0.6451271772384644,0.45186448097229004,-0.034070782363414764,0.6948205232620239,0.6459602117538452,-0.013904336839914322,0.6911947727203369,0.5659199953079224,-0.02340354397892952,0.6886098980903625,0.5168861746788025,-0.03256314992904663,0.6859158277511597,0.47304025292396545,-0.04061000421643257,0.7260578870773315,0.6673151254653931,-0.024186965078115463,0.7295712232589722,0.6092297434806824,-0.03438769653439522,0.7316635847091675,0.5720089673995972,-0.039236459881067276,0.7336975336074829,0.5345991253852844,-0.043400924652814865,OPEN
0.6999899744987488,0.8543717861175537,3.217323012449924e-07,0.6409288048744202,0.8284850120544434,-0.02274147793650627,0.5944367051124573,0.7767171263694763,-0.03263602405786514,0.5690641403198242,0.7277757525444031,-0.04110916331410408,0.5512607097625732,0.6848945021629333,-0.048830609768629074,0.6292712092399597,0.6511099934577942,-0.009337816387414932,0.610262930393219,0.5734463930130005,-0.02358558587729931,0.6009969711303711,0.5258265733718872,-0.03815308213233948,0.5956262350082397,0.48177093267440796,-0.04960644617676735,0.6629790663719177,0.6389861106872559,-0.011991826817393303,0.652860701084137,0.5516142845153809,-0.022293787449598312,0.647682249546051,0.4978455901145935,-0.034831102937459946,0.6449949145317078,0.45119962096214294,-0.045074157416820526,0.6946901082992554,0.6463635563850403,-0.019011525437235832,0.6912509202957153,0.5657428503036499,-0.03124578855931759,0.6886283159255981,0.5165704488754272,-0.04113259166479111,0.6861469745635986,0.4725651741027832,-0.0492270402610302,0.7260906100273132,0.6685349941253662,-0.02885260619223118,0.7301202416419983,0.6099994778633118,-0.04103151708841324,0.7322905659675598,0.572394609451294,-0.04633118212223053,0.7340395450592041,0.5350625514984131,-0.050438929349184036,OPEN
0.7003608345985413,0.8540644645690918,3.0393502470360545e-07,0.6412501931190491,0.8282800316810608,-0.020574845373630524,0.5950174927711487,0.7736436128616333,-0.028744328767061234,0.5694930553436279,0.723842203617096,-0.03576117381453514,0.5517722964286804,0.6835755705833435,-0.04225006327033043,0.6290637254714966,0.6509807109832764,-0.007899218238890171,0.6102598309516907,0.5729092359542847,-0.021033693104982376,0.6012955904006958,0.5252727270126343,-0.03473016992211342,0.5956662893295288,0.48154062032699585,-0.045705970376729965,0.6634500622749329,0.6387591361999512,-0.01124755572527647,0.653493344783783,0.5514751076698303,-0.020565185695886612,0.6484224200248718,0.49797752499580383,-0.032590195536613464,0.6451289653778076,0.4514000713825226,-0.04253951460123062,0.6956561207771301,0.6461346745491028,-0.01865161582827568,0.6915042996406555,0.5657271146774292,-0.03001444973051548,0.6888166666030884,0.5166113972663879,-0.03972896188497543,0.6859784126281738,0.47256219387054443,-0.0478598028421402,0.7268053293228149,0.668381929397583,-0.028649719431996346,0.7301615476608276,0.6101416945457458,-0.04033400118350983,0.7320242524147034,0.5724992156028748,-0.04553084075450897,0.733695387840271,0.5348960757255554,-0.0496726892888546,OPEN
0.6989161372184753,0.8538215160369873,3.103834274043038e-07,0.6400557160377502,0.8283669948577881,-0.02066059224307537,0.5940221548080444,0.7739502787590027,-0.02856959030032158,0.5692867040634155,0.7257716655731201,-0.03526970371603966,0.5515145659446716,0.6842517256736755,-0.04133877530694008,0.628707230091095,0.6498454213142395,-0.00734212901443243,0.6098557114601135,0.5720308423042297,-0.01993134804069996,0.6010643839836121,0.5245212316513062,-0.03314308077096939,0.595779299736023,0.4812827706336975,-0.043672360479831696,0.6628024578094482,0.6378827095031738,-0.010431653819978237,0.6530991196632385,0.5505064725875854,-0.01906256563961506,0.6481403112411499,0.49745261669158936,-0.03046230413019657,0.6451877355575562,0.4522497057914734,-0.039909929037094116,0.6948820352554321,0.6453359723091125,-0.017665768042206764,0.6911375522613525,0.564557671546936,-0.02860627882182598,0.6887654066085815,0.5160177946090698,-0.03782151639461517,0.6862022876739502,0.4727296531200409,-0.045527223497629166,0.7261543273925781,0.6677141785621643,-0.02752939611673355,0.7300375699996948,0.6088507175445557,-0.03894149139523506,0.7322913408279419,0.5713251233100891,-0.04383322596549988,0.7340856790542603,0.5340386629104614,-0.0476621650159359,OPEN
0.6985406279563904,0.8557286262512207,2.995558077145688e-07,0.6402308344841003,0.8299697041511536,-0.021084323525428772,0.5945435166358948,0.7749563455581665,-0.029367322102189064,0.5697784423828125,0.7252657413482666,-0.036467913538217545,0.5517184734344482,0.6840541958808899,-0.04299906641244888,0.6294066905975342,0.6510201692581177,-0.0077189113944768906,0.6108444929122925,0.573406994342804,-0.021188192069530487,0.601760983467102,0.5254881978034973,-0.03511722385883331,0.596159815788269,0.4818951487541199,-0.046195294708013535,0.6633002758026123,0.6389418244361877,-0.010915438644587994,0.6537117958068848,0.5515559911727905,-0.020755846053361893,0.6487400531768799,0.4976077079772949,-0.03296857699751854,0.6456712484359741,0.45113760232925415,-0.042928799986839294,0.6950008273124695,0.646176815032959,-0.018315600231289864,0.6916775703430176,0.5657938122749329,-0.030139116570353508,0.689348042011261,0.5164700746536255,-0.03994659706950188,0.6866521835327148,0.47258245944976807,-0.04800461232662201,0.726177453994751,0.6681851148605347,-0.02839335799217224,0.7304077744483948,0.6094837784767151,-0.04030853509902954,0.7325599789619446,0.5717653036117554,-0.04561098664999008,0.7340137958526611,0.5346670746803284,-0.049769457429647446,OPEN
0.7006728649139404,0.854895830154419,3.105188568497397e-07,0.6400836706161499,0.8281196355819702,-0.02094816043972969,0.593611478805542,0.7732686400413513,-0.028632018715143204,0.5686099529266357,0.7233642935752869,-0.03514067828655243,0.5525984168052673,0.6808258295059204,-0.04080772399902344,0.629000186920166,0.6503549814224243,-0.004733960144221783,0.610567569732666,0.5722709894180298,-0.01685306243598461,0.6016184091567993,0.5247793197631836,-0.030201489105820656,0.596365213394165,0.48126140236854553,-0.04097969830036163,0.6636475920677185,0.6383317112922668,-0.007553501054644585,0.6536048650741577,0.5513012409210205,-0.015697164461016655,0.6487095355987549,0.4974852502346039,-0.02726687677204609,0.6458804607391357,0.4514573812484741,-0.03698180615901947,0.6961361765861511,0.6459154486656189,-0.014785743318498135,0.692277729511261,0.5657290816307068,-0.025272294878959656,0.6897522211074829,0.5169117450714111,-0.034726038575172424,0.6871007084846497,0.4733196496963501,-0.042719967663288116,0.7281906604766846,0.6680476665496826,-0.02475637011229992,0.7314906120300293,0.6097716689109802,-0.035789187997579575,0.7330547571182251,0.5725477337837219,-0.04083870351314545,0.7345424890518188,0.5351224541664124,-0.04490213841199875,OPEN
0.702582597732544,0.8548685312271118,3.1396197641697654e-07,0.6425793766975403,0.8294558525085449,-0.021073320880532265,0.5954767465591431,0.7739203572273254,-0.028448989614844322,0.5708858966827393,0.7231735587120056,-0.03449154272675514,0.5532826781272888,0.6815930008888245,-0.03975367546081543,0.6292465925216675,0.6511169672012329,-0.005923833232372999,0.6106980443000793,0.5726307034492493,-0.01791444420814514,0.6019898653030396,0.5250177383422852,-0.030994577333331108,0.5966408848762512,0.48151183128356934,-0.04157678782939911,0.6635225415229797,0.6386856436729431,-0.008465016260743141,0.6537063121795654,0.5515177845954895,-0.01681947521865368,0.6487544775009155,0.49786651134490967,-0.028474707156419754,0.6457372307777405,0.45173409581184387,-0.03823493421077728,0.695560097694397,0.645854651927948,-0.015297471545636654,0.6921476721763611,0.5658333897590637,-0.02615468204021454,0.6898311376571655,0.5165748596191406,-0.03616508096456528,0.6873847842216492,0.472960889339447,-0.04456396773457527,0.7271013259887695,0.6672273874282837,-0.024787764996290207,0.7313194274902344,0.6092228293418884,-0.03642139583826065,0.7335869073867798,0.5719843506813049,-0.04207317903637886,0.7356083989143372,0.5349974632263184,-0.046569619327783585,OPEN
0.7007175087928772,0.8559603691101074,3.417033838104544e-07,0.6423579454421997,0.8293977379798889,-0.025457294657826424,0.5970107913017273,0.7770134806632996,-0.03624178469181061,0.5709494352340698,0.7288168668746948,-0.04495922476053238,0.5526243448257446,0.6858493089675903,-0.05252377316355705,0.6311377286911011,0.6513235569000244,-0.01042871829122305,0.611602246761322,0.5727056264877319,-0.024150926619768143,0.6022986173629761,0.5250263810157776,-0.038303572684526443,0.5967336297035217,0.4811466336250305,-0.04947759211063385,0.6651947498321533,0.639100193977356,-0.011494099162518978,0.6550915837287903,0.552031397819519,-0.020933838561177254,0.6495557427406311,0.4989147186279297,-0.032891564071178436,0.6461428999900818,0.4534848928451538,-0.042797695845365524,0.6970894932746887,0.6463679671287537,-0.017209839075803757,0.6931228041648865,0.5659536719322205,-0.02825448289513588,0.690240204334259,0.5175002813339233,-0.03745044767856598,0.687313973903656,0.47388431429862976,-0.04530635476112366,0.7284122705459595,0.6680826544761658,-0.026075370609760284,0.7318898439407349,0.6100909113883972,-0.037172187119722366,0.7335285544395447,0.5726878046989441,-0.0421319305896759,0.7351690530776978,0.5351343154907227,-0.046170514076948166,OPEN
0.6997852325439453,0.8540335297584534,3.214058494904748e-07,0.6404867768287659,0.8278999328613281,-0.02206665650010109,0.5943414568901062,0.7749236226081848,-0.030786868184804916,0.5700992941856384,0.7258022427558899,-0.03811952844262123,0.5537904500961304,0.6832621693611145,-0.044678982347249985,0.6296641826629639,0.6516379117965698,-0.007756566163152456,0.6112483739852905,0.5736373066902161,-0.020978467538952827,0.602803111076355,0.5259134769439697,-0.034764017909765244,0.5981073379516602,0.4821108877658844,-0.045669443905353546,0.663970410823822,0.6392977237701416,-0.010363662615418434,0.6545984148979187,0.5515508055686951,-0.01963958702981472,0.6498607397079468,0.49757611751556396,-0.031690388917922974,0.6473179459571838,0.4515002369880676,-0.04161302000284195,0.6958476901054382,0.6464358568191528,-0.01732063479721546,0.6928311586380005,0.5662962198257446,-0.028616905212402344,0.690253496170044,0.5170701742172241,-0.038512807339429855,0.6875450611114502,0.47352543473243713,-0.046693164855241776,0.7270891666412354,0.6682246923446655,-0.02705284394323826,0.7314010858535767,0.6098906993865967,-0.03846510499715805,0.733388364315033,0.5722976922988892,-0.043721042573451996,0.7350547909736633,0.5351638793945312,-0.047884851694107056,OPEN
0.7001444697380066,0.8564141392707825,3.083503372636187e-07,0.642238199710846,0.8305133581161499,-0.019813980907201767,0.5964775085449219,0.774381697177887,-0.027005750685930252,0.5709804892539978,0.7254351377487183,-0.033176638185977936,0.5510777831077576,0.6869414448738098,-0.03879857808351517,0.6303426623344421,0.6517273783683777,-0.00573310162872076,0.6115441918373108,0.5737383961677551,-0.01781810261309147,0.6026965975761414,0.5260213613510132,-0.03082943521440029,0.5973740220069885,0.48271387815475464,-0.04134243354201317,0.6639567613601685,0.6392042636871338,-0.009048087522387505,0.6544480919837952,0.551905632019043,-0.01742313802242279,0.6496490240097046,0.4981337785720825,-0.028929032385349274,0.6467165946960449,0.4523034393787384,-0.03854586184024811,0.6955306529998779,0.6461177468299866,-0.016479818150401115,0.6919873356819153,0.5658568739891052,-0.027038421481847763,0.6896615624427795,0.5168588757514954,-0.03677699714899063,0.6871325373649597,0.47349947690963745,-0.04502320662140846,0.7262973785400391,0.6675408482551575,-0.026494475081562996,0.7306793928146362,0.6092522144317627,-0.03750422224402428,0.7332968711853027,0.5717943906784058,-0.04281403869390488,0.7356880307197571,0.5347794890403748,-0.0471658930182457,OPEN
0.7038001418113708,0.8542292714118958,3.1453717497242906e-07,0.6445682048797607,0.8303991556167603,-0.022225745022296906,0.5975798964500427,0.7768666744232178,-0.030659783631563187,0.571495771408081,0.7274184226989746,-0.03760833665728569,0.5537305474281311,0.6862029433250427,-0.0437401607632637,0.6305264234542847,0.653285801410675,-0.007813971489667892,0.6115133762359619,0.5743107199668884,-0.02068719081580639,0.602332353591919,0.5261070728302002,-0.034122079610824585,0.5967718958854675,0.48230841755867004,-0.04476306959986687,0.6645711660385132,0.6404478549957275,-0.009962961077690125,0.6546829342842102,0.5527157187461853,-0.01898518204689026,0.6499167680740356,0.49889349937438965,-0.030779285356402397,0.6472873687744141,0.4525904357433319,-0.04044804722070694,0.6964594125747681,0.6467930674552917,-0.016415823251008987,0.6928218603134155,0.5668154954910278,-0.027608411386609077,0.6906787753105164,0.5179276466369629,-0.037328146398067474,0.6884610056877136,0.4746287167072296,-0.04525823891162872,0.7278754711151123,0.6675426959991455,-0.025623757392168045,0.7317518591880798,0.6094598770141602,-0.036917638033628464,0.7341367602348328,0.5722296237945557,-0.04198041185736656,0.7362798452377319,0.5355568528175354,-0.04591680318117142,OPEN
0.7003431916236877,0.8569363355636597,3.206554879398027e-07,0.6404436230659485,0.8301708698272705,-0.019957471638917923,0.5944348573684692,0.7757918834686279,-0.02722553163766861,0.5691733956336975,0.7264279723167419,-0.03354092687368393,0.5532655715942383,0.6852535605430603,-0.03919581323862076,0.6304898262023926,0.6521339416503906,-0.004324193578213453,0.612220823764801,0.5741755962371826,-0.016208697110414505,0.6036820411682129,0.5266668796539307,-0.029321948066353798,0.5983788371086121,0.48312491178512573,-0.03994973748922348,0.6645869612693787,0.6404806971549988,-0.00777242798358202,0.6554346680641174,0.5528964996337891,-0.015937719494104385,0.6507683992385864,0.499002069234848,-0.027325741946697235,0.6476621627807617,0.45345520973205566,-0.03681693598628044,0.6965427994728088,0.6482048034667969,-0.015525337308645248,0.6929563879966736,0.5678451657295227,-0.02605372481048107,0.6905238628387451,0.5189527273178101,-0.03509141132235527,0.6878659725189209,0.47524237632751465,-0.0427485890686512,0.7278873324394226,0.6703972220420837,-0.025943325832486153,0.7313822507858276,0.6112453937530518,-0.036936819553375244,0.7334721088409424,0.5735255479812622,-0.04164791479706764,0.7352848052978516,0.5359269380569458,-0.04548826813697815,OPEN
0.7029746770858765,0.856601893901825,3.027409434253059e-07,0.6446817517280579,0.8328692317008972,-0.020989658311009407,0.5974963903427124,0.7761058807373047,-0.027941985055804253,0.5718415975570679,0.7253347039222717,-0.03343433886766434,0.5537840127944946,0.685513973236084,-0.038145627826452255,0.6308310627937317,0.651439368724823,-0.0063773649744689465,0.6123661398887634,0.5730360746383667,-0.018010783940553665,0.6037346720695496,0.5252251029014587,-0.03075537085533142,0.5982890725135803,0.481997549533844,-0.04108601063489914,0.6647815108299255,0.6386449933052063,-0.008738530799746513,0.6554919481277466,0.5513204336166382,-0.016386641189455986,0.650903046131134,0.4980728030204773,-0.02723977528512478,0.6480421423912048,0.452491819858551,-0.03639771789312363,0.696722149848938,0.6456458568572998,-0.015302181243896484,0.693178653717041,0.5654698014259338,-0.0253048837184906,0.6911987066268921,0.5170421600341797,-0.0345383882522583,0.6889920830726624,0.47388359904289246,-0.042432770133018494,0.7278342247009277,0.667419970035553,-0.024564793333411217,0.7313240766525269,0.6091863512992859,-0.03530946373939514,0.733941912651062,0.5727106332778931,-0.04027269408106804,0.7365416884422302,0.5365748405456543,-0.04428977519273758,OPEN
0.7021376490592957,0.856910228729248,2.9924868272246385e-07,0.6424103379249573,0.8317594528198242,-0.020023904740810394,0.5955991148948669,0.7769106030464172,-0.027200231328606606,0.5701814293861389,0.7279579043388367,-0.033283550292253494,0.5535081624984741,0.6871209740638733,-0.03876786679029465,0.6307790279388428,0.652649998664856,-0.0057852002792060375,0.6115445494651794,0.5747125148773193,-0.01787724159657955,0.6028524041175842,0.5273551344871521,-0.030836643651127815,0.5977666974067688,0.4840649962425232,-0.04122269153594971,0.6648961901664734,0.6404160857200623,-0.008989340625703335,0.6549418568611145,0.5525343418121338,-0.017219647765159607,0.649849534034729,0.49901074171066284,-0.028502821922302246,0.6467214226722717,0.45296192169189453,-0.03790409490466118,0.6971724629402161,0.6476891040802002,-0.016328858211636543,0.6930047273635864,0.5669793486595154,-0.02687573991715908,0.6902509331703186,0.5179151296615601,-0.03604397922754288,0.687457799911499,0.47408753633499146,-0.04377185180783272,0.7288961410522461,0.6699172854423523,-0.02627343125641346,0.7322375774383545,0.6109521389007568,-0.03724684193730354,0.7343235611915588,0.573168933391571,-0.04197503626346588,0.736221194267273,0.5355855822563171,-0.04578167945146561,OPEN
0.7014818787574768,0.856173038482666,3.150996121803473e-07,0.6422123908996582,0.8308449983596802,-0.02141791395843029,0.5951265692710876,0.7764310836791992,-0.029622334986925125,0.5691168308258057,0.7271432280540466,-0.03660645708441734,0.5515235662460327,0.6869066953659058,-0.04298238456249237,0.6312211155891418,0.6541982889175415,-0.007331672124564648,0.611924946308136,0.5758453011512756,-0.020414305850863457,0.6028647422790527,0.5280457139015198,-0.0341503769159317,0.5976871252059937,0.48394474387168884,-0.04509563744068146,0.6648821830749512,0.6421207785606384,-0.010198812931776047,0.6547990441322327,0.554146945476532,-0.019243713468313217,0.6498677730560303,0.5000778436660767,-0.03105059266090393,0.6472485065460205,0.4532462954521179,-0.040914032608270645,0.6967724561691284,0.6492698788642883,-0.01735781505703926,0.6927639245986938,0.5680078268051147,-0.028444256633520126,0.6904659867286682,0.5188607573509216,-0.037859804928302765,0.6884081959724426,0.47489166259765625,-0.045827027410268784,0.728338360786438,0.6708520650863647,-0.027277052402496338,0.7315046787261963,0.6119424700737,-0.038578033447265625,0.734001636505127,0.5741572380065918,-0.04351763427257538,0.7366520166397095,0.5364943742752075,-0.04758962616324425,OPEN
0.7020790576934814,0.8564684391021729,3.05570154068846e-07,0.64274001121521,0.8309928178787231,-0.01990462653338909,0.5954294800758362,0.7751803398132324,-0.026880668476223946,0.5704050064086914,0.7247895002365112,-0.032736558467149734,0.5523160696029663,0.6851468086242676,-0.038071777671575546,0.630445122718811,0.6534987688064575,-0.006062950007617474,0.6115872859954834,0.5746661424636841,-0.017975371330976486,0.6028082370758057,0.5266349911689758,-0.030763868242502213,0.5972079038619995,0.48333102464675903,-0.04109694063663483,0.6649385094642639,0.6415724158287048,-0.009313446469604969,0.6555704474449158,0.5533168911933899,-0.017469407990574837,0.6508944034576416,0.4995504915714264,-0.02860420197248459,0.6477356553077698,0.45407381653785706,-0.03792116418480873,0.6972445249557495,0.6488044857978821,-0.016696788370609283,0.6931625604629517,0.5676897764205933,-0.027351422235369682,0.6906648278236389,0.5188010334968567,-0.03663601726293564,0.687778115272522,0.4751800000667572,-0.044469062238931656,0.7288981676101685,0.6703625321388245,-0.02662825956940651,0.7315266132354736,0.6112321019172668,-0.03787408769130707,0.7335323691368103,0.5742617249488831,-0.04273132607340813,0.7353118658065796,0.5375522971153259,-0.04666019603610039,OPEN
0.7019524574279785,0.8564125299453735,3.1311896009356133e-07,0.6422523856163025,0.8307070732116699,-0.021392863243818283,0.5957631468772888,0.7766642570495605,-0.02998136170208454,0.5707834362983704,0.7271111011505127,-0.037272579967975616,0.5529321432113647,0.6856676936149597,-0.04397619515657425,0.6308702826499939,0.6537951231002808,-0.008384979330003262,0.6119288802146912,0.5753324627876282,-0.02169473096728325,0.6029849052429199,0.5271948575973511,-0.03538830950856209,0.5975804328918457,0.4835394024848938,-0.046222031116485596,0.665343165397644,0.6415798664093018,-0.01137826219201088,0.6559303998947144,0.5539701581001282,-0.020822955295443535,0.6510189175605774,0.5002049803733826,-0.03269783779978752,0.6480293869972229,0.45431962609291077,-0.042439281940460205,0.6975326538085938,0.648536205291748,-0.018561366945505142,0.6938735246658325,0.5679180026054382,-0.02999603934586048,0.6915919184684753,0.5188769102096558,-0.0394124835729599,0.6891841292381287,0.47500503063201904,-0.047262199223041534,0.7289294004440308,0.6701897978782654,-0.02843932993710041,0.7322885990142822,0.6116235852241516,-0.04006122052669525,0.7344133853912354,0.5739515423774719,-0.04502703994512558,0.7363964319229126,0.5365403890609741,-0.0489581897854805,OPEN
0.7028182744979858,0.855326771736145,3.4386786751383625e-07,0.6425058245658875,0.8297562003135681,-0.024304645135998726,0.5959333777427673,0.7778280377388,-0.03478577360510826,0.5687398910522461,0.7294914126396179,-0.04353126883506775,0.5530179738998413,0.6849350333213806,-0.05126795545220375,0.6305011510848999,0.6545832753181458,-0.00968144554644823,0.6123278141021729,0.5760483741760254,-0.02395498938858509,0.6034359931945801,0.528296947479248,-0.03841795399785042,0.5982588529586792,0.4843156039714813,-0.049718089401721954,0.6647825837135315,0.6421619057655334,-0.011324974708259106,0.6553601026535034,0.5546684265136719,-0.021569212898612022,0.6503165364265442,0.5007485151290894,-0.03406698256731033,0.6472100615501404,0.4537539780139923,-0.04419640451669693,0.6970888376235962,0.6492756009101868,-0.01752295531332493,0.69363933801651,0.5688260793685913,-0.02983841486275196,0.6912626624107361,0.5194064974784851,-0.03989247977733612,0.6887139081954956,0.4751480519771576,-0.04797518625855446,0.7288389205932617,0.6706961393356323,-0.026607664301991463,0.7326779961585999,0.6119072437286377,-0.038917895406484604,0.734839677810669,0.5743663311004639,-0.04432868957519531,0.7367620468139648,0.5370633602142334,-0.04843051731586456,OPEN
0.7022368311882019,0.8580805659294128,2.980980866595928e-07,0.642956554889679,0.832602858543396,-0.01858070120215416,0.5955324769020081,0.7759066820144653,-0.024750670418143272,0.5702202916145325,0.7261532545089722,-0.030051136389374733,0.5536184906959534,0.6859529614448547,-0.03468331694602966,0.6304627060890198,0.6528951525688171,-0.0033951501827687025,0.611775279045105,0.574702262878418,-0.014210640452802181,0.6029223203659058,0.5271199345588684,-0.026406817138195038,0.5970562100410461,0.48451924324035645,-0.03644070774316788,0.6645603179931641,0.6408554911613464,-0.007120607420802116,0.655256450176239,0.5536561012268066,-0.014227760955691338,0.6507361531257629,0.5003228187561035,-0.024776587262749672,0.6477651596069336,0.45581263303756714,-0.033743906766176224,0.6965371370315552,0.6478307843208313,-0.0149642713367939,0.692708432674408,0.567335844039917,-0.024477822706103325,0.6905072331428528,0.5190101265907288,-0.033198803663253784,0.6879097819328308,0.475864440202713,-0.04086492583155632,0.7276273369789124,0.6692100763320923,-0.025348905473947525,0.7307317852973938,0.6109437346458435,-0.035846859216690063,0.7330277562141418,0.5739045739173889,-0.040557071566581726,0.7352405190467834,0.5368984937667847,-0.044479526579380035,OPEN
0.7021359801292419,0.8568249940872192,3.2258404303320276e-07,0.6424963474273682,0.8317607045173645,-0.021030528470873833,0.5956562161445618,0.778047502040863,-0.02920333854854107,0.5687721967697144,0.7287202477455139,-0.03625640273094177,0.5526792407035828,0.6872194409370422,-0.042492758482694626,0.6304917335510254,0.6536982655525208,-0.005497289821505547,0.6118262410163879,0.5751174688339233,-0.017939813435077667,0.6026074290275574,0.5274085402488708,-0.03142635151743889,0.597007155418396,0.4838489294052124,-0.04213567078113556,0.6646560430526733,0.6415753364562988,-0.00820238795131445,0.6552509069442749,0.5538464784622192,-0.01624411530792713,0.6499001383781433,0.49987536668777466,-0.027510324493050575,0.6463639736175537,0.45385122299194336,-0.036968331784009933,0.6968979835510254,0.6485826969146729,-0.015260094776749611,0.6933712363243103,0.5681862831115723,-0.025115812197327614,0.6906496286392212,0.5193157196044922,-0.03385141119360924,0.6878299713134766,0.4761824607849121,-0.04137968644499779,0.7283625602722168,0.6700738668441772,-0.025126025080680847,0.7323300242424011,0.6113239526748657,-0.03500578925013542,0.7346372008323669,0.574048638343811,-0.03913082554936409,0.7369540929794312,0.5373919010162354,-0.04261179268360138,OPEN
0.7022051215171814,0.8581793904304504,2.964190741749917e-07,0.6422691941261292,0.8316645622253418,-0.018422406166791916,0.5947679281234741,0.7753088474273682,-0.0241664107888937,0.5694870352745056,0.7258021235466003,-0.029136300086975098,0.5518584847450256,0.6877086162567139,-0.033643074333667755,0.6299592852592468,0.6540146470069885,-0.0029506636783480644,0.6112011671066284,0.5756561756134033,-0.014130945317447186,0.6025091409683228,0.5278565287590027,-0.026684993878006935,0.596990704536438,0.4844117760658264,-0.03703552484512329,0.6642714738845825,0.6418347358703613,-0.006827653851360083,0.654833197593689,0.5544487833976746,-0.014663727022707462,0.6499248147010803,0.5008697509765625,-0.02618756704032421,0.6464272141456604,0.45474857091903687,-0.03585827350616455,0.6964791417121887,0.6488081812858582,-0.014820144511759281,0.6930888891220093,0.5683143138885498,-0.02523772232234478,0.6903492212295532,0.5192177295684814,-0.03502713516354561,0.6870313286781311,0.4752192795276642,-0.04330757260322571,0.7281650900840759,0.6703446507453918,-0.025265661999583244,0.7316626310348511,0.6117960214614868,-0.036445215344429016,0.7336210608482361,0.5743124485015869,-0.041785985231399536,0.735130250453949,0.5369532108306885,-0.04617206007242203,OPEN
0.7025333642959595,0.8579964637756348,3.1779447340340994e-07,0.6425835490226746,0.8311099410057068,-0.020307721570134163,0.5959707498550415,0.7761825919151306,-0.0279646348208189,0.5700162053108215,0.7276946306228638,-0.034589994698762894,0.5520159602165222,0.6869294047355652,-0.04060468077659607,0.6299058198928833,0.654346227645874,-0.005595020949840546,0.6117461323738098,0.5757290124893188,-0.018030747771263123,0.6030460000038147,0.5276366472244263,-0.03137601539492607,0.5975968241691589,0.48377883434295654,-0.04207974299788475,0.6647613644599915,0.6421484351158142,-0.008886473253369331,0.6554622650146484,0.5548011064529419,-0.01751634106040001,0.6506531834602356,0.5009013414382935,-0.02935798652470112,0.6473234295845032,0.45463693141937256,-0.03919863700866699,0.6974098682403564,0.6492234468460083,-0.016380999237298965,0.6934406161308289,0.5692448019981384,-0.027249932289123535,0.6907998919487,0.5204384922981262,-0.03668360412120819,0.6877574324607849,0.4768849015235901,-0.04460825026035309,0.7293096780776978,0.6707503795623779,-0.026486776769161224,0.7320418357849121,0.6120900511741638,-0.03759042173624039,0.7340129017829895,0.5748752355575562,-0.04227262735366821,0.7357879281044006,0.5380666255950928,-0.04606415703892708,OPEN
0.7020113468170166,0.8577622175216675,3.199314733137726e-07,0.6427857875823975,0.83153235912323,-0.020451074466109276,0.5962123274803162,0.7780919671058655,-0.028544234111905098,0.5703294277191162,0.7302247881889343,-0.035532161593437195,0.5526788830757141,0.690724790096283,-0.041933052241802216,0.6304702758789062,0.6540262699127197,-0.006796365138143301,0.6121019124984741,0.5761713981628418,-0.019402839243412018,0.6032779812812805,0.5285101532936096,-0.032783180475234985,0.5978014469146729,0.48478633165359497,-0.0435151644051075,0.664797842502594,0.6418153643608093,-0.01018517091870308,0.6551845669746399,0.5545781850814819,-0.018988406285643578,0.6503536105155945,0.5008131861686707,-0.030605899170041084,0.6473246216773987,0.45454102754592896,-0.04026705026626587,0.6969942450523376,0.6490259170532227,-0.017737017944455147,0.693085789680481,0.5688502788543701,-0.028878767043352127,0.6908301711082458,0.5202193856239319,-0.03820284456014633,0.6883997917175293,0.476733922958374,-0.04596060514450073,0.7282631993293762,0.6709036231040955,-0.02791219763457775,0.7313851118087769,0.6118687391281128,-0.03937111049890518,0.7341127395629883,0.5743751525878906,-0.044131141155958176,0.7367253303527832,0.5372165441513062,-0.047887928783893585,OPEN
0.7031468152999878,0.858437180519104,3.195800957200845e-07,0.6430181860923767,0.8334916830062866,-0.022995470091700554,0.5957503914833069,0.7797542214393616,-0.031997133046388626,0.5698121190071106,0.7301521301269531,-0.039450909942388535,0.5531111359596252,0.6869075894355774,-0.04604298621416092,0.6308673024177551,0.6549845933914185,-0.008236234076321125,0.6122037172317505,0.5767214894294739,-0.021737530827522278,0.6032505631446838,0.5285506248474121,-0.03583277389407158,0.5977555513381958,0.4842527508735657,-0.04702522233128548,0.6651692390441895,0.64211505651474,-0.01038555707782507,0.655491292476654,0.5550995469093323,-0.01984184794127941,0.6503596901893616,0.5012331008911133,-0.03188508749008179,0.6471426486968994,0.45468661189079285,-0.041822437196969986,0.6973791122436523,0.6491201519966125,-0.01698029413819313,0.69368976354599,0.5695329904556274,-0.02839941531419754,0.691221296787262,0.520833432674408,-0.03787694126367569,0.6885097026824951,0.4769909977912903,-0.04577774181962013,0.7291008830070496,0.6709531545639038,-0.02646791934967041,0.732340931892395,0.6127908229827881,-0.038245636969804764,0.7343835234642029,0.5756443738937378,-0.04340434819459915,0.736169695854187,0.538504958152771,-0.047417983412742615,OPEN
0.7014050483703613,0.8594580888748169,3.105478754150681e-07,0.642302393913269,0.8338198661804199,-0.019805429503321648,0.595879852771759,0.7787882089614868,-0.027117755264043808,0.5698791146278381,0.7302061915397644,-0.033520862460136414,0.5532332062721252,0.6911864876747131,-0.039327479898929596,0.6311482787132263,0.6551100015640259,-0.004659611731767654,0.6131130456924438,0.5765165686607361,-0.016494588926434517,0.604448139667511,0.528559684753418,-0.029436012730002403,0.5989423990249634,0.4849662184715271,-0.03997068107128143,0.6656262278556824,0.6432856917381287,-0.008154288865625858,0.6562971472740173,0.5559033751487732,-0.016213063150644302,0.6515505313873291,0.5021654367446899,-0.027441173791885376,0.6482725143432617,0.4565228819847107,-0.03689747676253319,0.6978598833084106,0.6507824063301086,-0.01587958261370659,0.6939808130264282,0.5703185200691223,-0.026309223845601082,0.6917768716812134,0.5217011570930481,-0.03524521365761757,0.6890859603881836,0.4780251979827881,-0.04287983477115631,0.7293218374252319,0.6728574633598328,-0.026241501793265343,0.7329021692276001,0.6134123206138611,-0.03708485886454582,0.735211968421936,0.575606107711792,-0.04171833023428917,0.737336277961731,0.5377290844917297,-0.045557595789432526,OPEN
0.7031416893005371,0.8590051531791687,3.087650100042083e-07,0.643749475479126,0.8339899182319641,-0.019696788862347603,0.5964536666870117,0.7791631817817688,-0.02664484642446041,0.5705963969230652,0.7300446629524231,-0.032489113509655,0.5531191229820251,0.6913478374481201,-0.037799689918756485,0.6305872797966003,0.6555651426315308,-0.005571446847170591,0.6125996112823486,0.5768146514892578,-0.017453359439969063,0.6042952537536621,0.5284907817840576,-0.030418312177062035,0.5994252562522888,0.4845082461833954,-0.04094218462705612,0.665194571018219,0.6434670686721802,-0.00884070061147213,0.6556559205055237,0.5555667877197266,-0.01700267568230629,0.6512860655784607,0.5009960532188416,-0.02836710214614868,0.6486706733703613,0.45400333404541016,-0.0379747599363327,0.6976728439331055,0.6506797671318054,-0.016234928742051125,0.693684458732605,0.5695507526397705,-0.02711358852684498,0.6915445327758789,0.5202336311340332,-0.03683500736951828,0.689115047454834,0.47627538442611694,-0.044941313564777374,0.7296020984649658,0.6721487045288086,-0.026129864156246185,0.7326640486717224,0.6129004955291748,-0.03782188892364502,0.7353251576423645,0.5751737356185913,-0.04323757812380791,0.7378348708152771,0.5376451015472412,-0.04753721505403519,OPEN
0.702294111251831,0.8612916469573975,3.1979971026885323e-07,0.6437144875526428,0.8336099982261658,-0.020573776215314865,0.5970759987831116,0.7790439128875732,-0.02892092429101467,0.5706816911697388,0.7315328121185303,-0.03623029217123985,0.5541707277297974,0.6906821131706238,-0.042856451123952866,0.6313838958740234,0.6552612781524658,-0.006315222941339016,0.6130496859550476,0.5770125389099121,-0.019371002912521362,0.6043117642402649,0.5290732979774475,-0.033175040036439896,0.5990268588066101,0.48541533946990967,-0.04412788525223732,0.6656985282897949,0.643456757068634,-0.009615444578230381,0.6565285921096802,0.5561110377311707,-0.018724212422966957,0.6519845128059387,0.5023460388183594,-0.030595656484365463,0.648934006690979,0.4564833641052246,-0.04034695401787758,0.697982132434845,0.6505914330482483,-0.017172491177916527,0.6941786408424377,0.570178210735321,-0.028289977461099625,0.6919869184494019,0.5209116339683533,-0.037647951394319534,0.6894070506095886,0.4768795371055603,-0.04545609652996063,0.7295522093772888,0.672257661819458,-0.02738947793841362,0.7330074310302734,0.6132849454879761,-0.03876283019781113,0.7353154420852661,0.5755598545074463,-0.043596453964710236,0.7373955845832825,0.5382468104362488,-0.04740605130791664,OPEN
0.7024905681610107,0.8596051931381226,3.119513678484509e-07,0.6432159543037415,0.8334672451019287,-0.02017737179994583,0.5960271954536438,0.7791067361831665,-0.02765822783112526,0.5709773302078247,0.7302058935165405,-0.03405546769499779,0.5537674427032471,0.6904484033584595,-0.03983539715409279,0.631212592124939,0.6557946801185608,-0.005909042898565531,0.6124008297920227,0.5771222114562988,-0.018164372071623802,0.603701114654541,0.5290849208831787,-0.03145165741443634,0.5985063314437866,0.48488718271255493,-0.042210087180137634,0.6654843688011169,0.6436754465103149,-0.009198308922350407,0.6558288931846619,0.55605149269104,-0.017677105963230133,0.6512177586555481,0.5018613934516907,-0.029431907460093498,0.6483705639839172,0.45477041602134705,-0.03935502842068672,0.6976167559623718,0.6507115960121155,-0.016653116792440414,0.6940777897834778,0.5702453255653381,-0.02750506065785885,0.6919489502906799,0.5210278034210205,-0.03719200938940048,0.6895201206207275,0.47719138860702515,-0.0453750379383564,0.7294091582298279,0.6722835302352905,-0.026719078421592712,0.7332698702812195,0.6134660840034485,-0.038007788360118866,0.7358266115188599,0.5757766366004944,-0.043103065341711044,0.7380236983299255,0.5382979512214661,-0.04726146161556244,OPEN
0.7038536667823792,0.8587445020675659,3.155317642722366e-07,0.6436458230018616,0.8332851529121399,-0.020385580137372017,0.5961808562278748,0.7801833152770996,-0.02841724082827568,0.5705009698867798,0.7315689325332642,-0.035377029329538345,0.5539529323577881,0.6904301047325134,-0.04175076261162758,0.6310743093490601,0.6563671231269836,-0.006775425281375647,0.6124516129493713,0.5778858065605164,-0.019950225949287415,0.6037335991859436,0.5297486186027527,-0.03378361836075783,0.5985910892486572,0.48557448387145996,-0.04477809742093086,0.6655187606811523,0.6434438228607178,-0.010158402845263481,0.655590832233429,0.5557974576950073,-0.019288305193185806,0.6507782936096191,0.5015995502471924,-0.03114946559071541,0.6478729844093323,0.455055832862854,-0.0410100556910038,0.6979994177818298,0.6502159237861633,-0.017744995653629303,0.6938266754150391,0.569754958152771,-0.029078315943479538,0.6912279725074768,0.5207604169845581,-0.038664814084768295,0.6883842349052429,0.4773508608341217,-0.046660155057907104,0.7299951314926147,0.671799898147583,-0.027948280796408653,0.7329665422439575,0.6128833889961243,-0.039722517132759094,0.7349773049354553,0.5757279396057129,-0.044792622327804565,0.7365850806236267,0.5390602350234985,-0.048754625022411346,OPEN
0.7028366327285767,0.862058699131012,3.0558496177945926e-07,0.6438964605331421,0.8345263600349426,-0.01999547891318798,0.5973666906356812,0.778730571269989,-0.026710886508226395,0.5714845657348633,0.7305553555488586,-0.03235792741179466,0.5535176992416382,0.6908716559410095,-0.03741735219955444,0.6321129202842712,0.6562253832817078,-0.004420035984367132,0.6135932207107544,0.5774127244949341,-0.016492700204253197,0.6044537425041199,0.5290292501449585,-0.02981279231607914,0.5984370708465576,0.4851846992969513,-0.04054023325443268,0.6660826206207275,0.6440184116363525,-0.007478754501789808,0.6562337875366211,0.5564764738082886,-0.015680896118283272,0.651264488697052,0.5024491548538208,-0.027407843619585037,0.647674024105072,0.45645618438720703,-0.037192557007074356,0.6981739401817322,0.6512501239776611,-0.014790468849241734,0.6937963962554932,0.5703557729721069,-0.025282111018896103,0.6912891268730164,0.5210205316543579,-0.03485989570617676,0.6884692311286926,0.47730129957199097,-0.04292544350028038,0.7299225926399231,0.6730969548225403,-0.024729115888476372,0.732926070690155,0.6138001084327698,-0.03601289168000221,0.7350163459777832,0.5757291913032532,-0.04124649986624718,0.7371947765350342,0.5380700826644897,-0.04540667310357094,OPEN
0.702400267124176,0.8565869331359863,3.036074929241295e-07,0.6426252722740173,0.8331292867660522,-0.021021584048867226,0.5953956842422485,0.7784890532493591,-0.02825637347996235,0.570035994052887,0.7275984883308411,-0.034286633133888245,0.5538350343704224,0.6888874769210815,-0.039796844124794006,0.6314938068389893,0.6557254195213318,-0.006312090437859297,0.6129485964775085,0.577303946018219,-0.018591171130537987,0.6040823459625244,0.5292510390281677,-0.03169165551662445,0.5988706350326538,0.48544058203697205,-0.042376961559057236,0.6655697226524353,0.6429456472396851,-0.009072705172002316,0.6555180549621582,0.5549017190933228,-0.017843373119831085,0.6508123874664307,0.5009506940841675,-0.029467681422829628,0.648357629776001,0.4545707106590271,-0.03922601044178009,0.6975545883178711,0.6496346592903137,-0.01610490120947361,0.69407057762146,0.5689895749092102,-0.02753240242600441,0.6919553279876709,0.5199778079986572,-0.03756514936685562,0.6898244619369507,0.47604167461395264,-0.04590621218085289,0.729243278503418,0.6710169911384583,-0.02579864114522934,0.7331058979034424,0.6128326654434204,-0.03794819861650467,0.7353865504264832,0.5754050016403198,-0.04379481449723244,0.7375007271766663,0.5377739667892456,-0.048455361276865005,OPEN
0.7008019685745239,0.8581398129463196,3.247963036301371e-07,0.6410155892372131,0.8329871296882629,-0.021713314577937126,0.5959581136703491,0.7790528535842896,-0.0306969303637743,0.5698550939559937,0.7304404973983765,-0.03846248239278793,0.5528296232223511,0.6890568137168884,-0.04554314166307449,0.6308452486991882,0.6555185317993164,-0.007524689193814993,0.6125667691230774,0.5773471593856812,-0.021128369495272636,0.6035862565040588,0.529341995716095,-0.03533888980746269,0.5981953740119934,0.4853017330169678,-0.04658820107579231,0.6648274660110474,0.6431384086608887,-0.0104024987667799,0.6556293368339539,0.5558781623840332,-0.01997668482363224,0.6507481336593628,0.5018041133880615,-0.032303765416145325,0.6475588083267212,0.45494407415390015,-0.0424683652818203,0.6967054009437561,0.6501723527908325,-0.017575949430465698,0.693291425704956,0.5702338218688965,-0.029003813862800598,0.6909703612327576,0.5209943056106567,-0.03878961130976677,0.6883127093315125,0.47682538628578186,-0.04695798456668854,0.7277834415435791,0.6718857884407043,-0.02751080133020878,0.7318645119667053,0.6134334802627563,-0.03897778317332268,0.7342996597290039,0.5759009122848511,-0.04413072392344475,0.7364229559898376,0.5385805368423462,-0.04826992750167847,OPEN
0.7021996974945068,0.8612874150276184,3.1759893204252876e-07,0.6436200737953186,0.8352507948875427,-0.022217214107513428,0.5977235436439514,0.7810311913490295,-0.03160283342003822,0.5710306167602539,0.7335318326950073,-0.039536479860544205,0.5529558658599854,0.6913711428642273,-0.046618133783340454,0.6312838196754456,0.656248927116394,-0.009005947038531303,0.6125461459159851,0.5778231024742126,-0.022749386727809906,0.6033979058265686,0.5297019481658936,-0.036705922335386276,0.5977296829223633,0.4859132170677185,-0.04773839935660362,0.6657934188842773,0.6438884139060974,-0.011802447028458118,0.6558147668838501,0.5565323233604431,-0.02150636538863182,0.6507478952407837,0.5025418996810913,-0.03353471681475639,0.6472600698471069,0.4560369849205017,-0.04335799068212509,0.6984485983848572,0.6512293219566345,-0.018848424777388573,0.6938289403915405,0.5710019469261169,-0.0304543636739254,0.6909887790679932,0.521876335144043,-0.03985780104994774,0.6877217888832092,0.47767341136932373,-0.04763777554035187,0.7304327487945557,0.6737372279167175,-0.02864575758576393,0.7332066297531128,0.6151052117347717,-0.04038188233971596,0.7348653078079224,0.5775038003921509,-0.045290298759937286,0.7363771796226501,0.5403637886047363,-0.04907456412911415,OPEN
0.702785074710846,0.8612961173057556,3.1397573252434086e-07,0.6441851258277893,0.8363773226737976,-0.021709680557250977,0.596447765827179,0.782190203666687,-0.03036361001431942,0.5691651701927185,0.73372882604599,-0.037664152681827545,0.553335428237915,0.6940569281578064,-0.044246163219213486,0.6312203407287598,0.6579281091690063,-0.00818757712841034,0.613111138343811,0.578975260257721,-0.02134944126009941,0.6043227910995483,0.5306562185287476,-0.03510814160108566,0.598965585231781,0.48668909072875977,-0.046146053820848465,0.6655645966529846,0.6448120474815369,-0.010930860415101051,0.6563397645950317,0.5569038391113281,-0.019929897040128708,0.6517152786254883,0.5027757287025452,-0.031501881778240204,0.6484034061431885,0.4562062621116638,-0.04125380516052246,0.698035717010498,0.6511251926422119,-0.01793591119349003,0.6944888830184937,0.570409893989563,-0.029001014307141304,0.69235759973526,0.5214813351631165,-0.03834577649831772,0.6895176768302917,0.47787386178970337,-0.04628674313426018,0.7298779487609863,0.6725415587425232,-0.027702776715159416,0.7336145639419556,0.6136665344238281,-0.039141952991485596,0.7362648248672485,0.5763858556747437,-0.04410219565033913,0.7383396029472351,0.5396735668182373,-0.04812191054224968,OPEN
0.7024904489517212,0.8626944422721863,3.0020387953300087e-07,0.6430642008781433,0.8369783163070679,-0.019444884732365608,0.596189022064209,0.7808924913406372,-0.02621293254196644,0.5705575942993164,0.7319265604019165,-0.03196937218308449,0.5527386665344238,0.6939769983291626,-0.03717852383852005,0.6313366293907166,0.6572081446647644,-0.005043601151555777,0.6124597787857056,0.5786575078964233,-0.01669727824628353,0.6034824848175049,0.5306780934333801,-0.02944682352244854,0.5979564189910889,0.48690909147262573,-0.03988153114914894,0.6659314632415771,0.6447970271110535,-0.008601455017924309,0.6561355590820312,0.5570070147514343,-0.016481667757034302,0.6512970328330994,0.5029971599578857,-0.02763647958636284,0.6481083035469055,0.4568224549293518,-0.037153907120227814,0.6982253789901733,0.6515001058578491,-0.016284437850117683,0.6943173408508301,0.5709606409072876,-0.026426702737808228,0.6919544339179993,0.5221115350723267,-0.035563793033361435,0.6891315579414368,0.47837409377098083,-0.043533794581890106,0.7298842072486877,0.672588586807251,-0.026572586968541145,0.7328688502311707,0.6138176321983337,-0.037443652749061584,0.735336422920227,0.5762850046157837,-0.04242803901433945,0.737480103969574,0.5388714075088501,-0.046615321189165115,OPEN
0.7043817043304443,0.8616145253181458,3.046668268780195e-07,0.6435753703117371,0.8374491930007935,-0.02012583427131176,0.5952358245849609,0.7817997336387634,-0.026846500113606453,0.5685128569602966,0.731150209903717,-0.03254922851920128,0.5524128079414368,0.6927616000175476,-0.03763292729854584,0.6313654184341431,0.6583420038223267,-0.004075070843100548,0.6127133369445801,0.579060971736908,-0.01568673923611641,0.604144811630249,0.5307093858718872,-0.028569838032126427,0.5990278124809265,0.4865950345993042,-0.0391605980694294,0.665898323059082,0.6455872654914856,-0.007161210756748915,0.6560773253440857,0.5573094487190247,-0.01510438323020935,0.651436984539032,0.5030757188796997,-0.026406316086649895,0.6485925912857056,0.4564515948295593,-0.03599420189857483,0.6982155442237854,0.6523203253746033,-0.01455430593341589,0.6944087147712708,0.5711125135421753,-0.025186847895383835,0.6921062469482422,0.5217960476875305,-0.03476996719837189,0.689496636390686,0.4779249429702759,-0.04287242144346237,0.730478048324585,0.673499345779419,-0.02460351027548313,0.7339591979980469,0.6145192980766296,-0.035967547446489334,0.735954761505127,0.5772638916969299,-0.041294220834970474,0.737427830696106,0.5402169823646545,-0.04564191773533821,OPEN
0.703138530254364,0.8615976572036743,2.9859685923838697e-07,0.6441006064414978,0.8356544375419617,-0.019790759310126305,0.5965479016304016,0.7804992198944092,-0.026802778244018555,0.5700782537460327,0.7311520576477051,-0.03278667479753494,0.5533460378646851,0.6922715306282043,-0.038217540830373764,0.6314907670021057,0.6576334834098816,-0.005540293175727129,0.6129247546195984,0.578802227973938,-0.017887471243739128,0.6041709184646606,0.5306398272514343,-0.031077256426215172,0.5985850095748901,0.4869762659072876,-0.04168904572725296,0.6658147573471069,0.6448659896850586,-0.008882070891559124,0.6562823057174683,0.5573927164077759,-0.017406482249498367,0.6515304446220398,0.5037144422531128,-0.02882302552461624,0.6481755971908569,0.45770370960235596,-0.03836511820554733,0.6981632113456726,0.6511646509170532,-0.016361776739358902,0.6939973831176758,0.571104109287262,-0.027037950232625008,0.6916510462760925,0.5224804282188416,-0.036030180752277374,0.6889381408691406,0.47899407148361206,-0.04367916285991669,0.7299148440361023,0.672343373298645,-0.026452377438545227,0.732774555683136,0.6136479377746582,-0.03765445947647095,0.7352952361106873,0.5761796832084656,-0.04237210378050804,0.7377248406410217,0.539080023765564,-0.04615970700979233,OPEN
0.7039558291435242,0.8618022203445435,3.1296659130930493e-07,0.6450893878936768,0.8365143537521362,-0.020562222227454185,0.5980552434921265,0.7817000150680542,-0.0282722357660532,0.5701530575752258,0.7341935634613037,-0.03477250039577484,0.5525818467140198,0.6956397891044617,-0.04061611369252205,0.6319665312767029,0.6582080721855164,-0.00627407431602478,0.6132144331932068,0.5791056156158447,-0.01862938329577446,0.6041228771209717,0.5308955311775208,-0.03191991150379181,0.5983953475952148,0.4868335723876953,-0.042570244520902634,0.6660869121551514,0.6449769735336304,-0.009109098464250565,0.6564159393310547,0.5569702982902527,-0.017090167850255966,0.6515643000602722,0.5030661821365356,-0.028238829225301743,0.6482756733894348,0.4568919539451599,-0.03765935078263283,0.6984872817993164,0.6514106392860413,-0.01609989069402218,0.694104015827179,0.5706982612609863,-0.026023469865322113,0.6917039155960083,0.5220215320587158,-0.03490650653839111,0.6889114379882812,0.47863665223121643,-0.04260828346014023,0.730070948600769,0.6728969216346741,-0.025785695761442184,0.7330570220947266,0.6143937706947327,-0.036124177277088165,0.735688328742981,0.5774899125099182,-0.040507055819034576,0.7383021116256714,0.541031002998352,-0.04414481669664383,OPEN
0.7038387060165405,0.862074613571167,3.1270420208784344e-07,0.6445994973182678,0.8378486633300781,-0.019916757941246033,0.5968678593635559,0.7834663987159729,-0.027126481756567955,0.5702905654907227,0.7341657876968384,-0.03335140272974968,0.5521053671836853,0.6945688724517822,-0.038915928453207016,0.6311392784118652,0.65828537940979,-0.004455480258911848,0.6125128269195557,0.5789322257041931,-0.016044670715928078,0.6039475202560425,0.5307324528694153,-0.02894199639558792,0.5987358689308167,0.4866880476474762,-0.03946846351027489,0.6652549505233765,0.6454448699951172,-0.007752005476504564,0.6554679870605469,0.5576714873313904,-0.015295155346393585,0.650823175907135,0.5037596225738525,-0.026461951434612274,0.647969126701355,0.45781779289245605,-0.036046188324689865,0.6974104642868042,0.6520599722862244,-0.015305115841329098,0.6933699250221252,0.5719015598297119,-0.02511490508913994,0.6910355687141418,0.5228486061096191,-0.03426334261894226,0.6883678436279297,0.4790222644805908,-0.04229846969246864,0.7291064262390137,0.6734728813171387,-0.025536559522151947,0.7324862480163574,0.6150273680686951,-0.03588892146945,0.734868049621582,0.5777770280838013,-0.04062381386756897,0.7370262145996094,0.5407030582427979,-0.04468679800629616,OPEN
0.7034805417060852,0.8625671863555908,3.016358505192329e-07,0.6440691947937012,0.8354014158248901,-0.0188254676759243,0.5972042679786682,0.778995156288147,-0.024836355820298195,0.5719138383865356,0.7290287017822266,-0.030069775879383087,0.5548520684242249,0.6924740672111511,-0.03487756848335266,0.6323003172874451,0.6583483815193176,-0.003963070921599865,0.614437997341156,0.579298734664917,-0.016163252294063568,0.6063379049301147,0.5301595330238342,-0.029169145971536636,0.6015856862068176,0.48630762100219727,-0.039577797055244446,0.666675329208374,0.6459813117980957,-0.0077338493429124355,0.6573136448860168,0.5579910278320312,-0.016451381146907806,0.6532670855522156,0.5037660598754883,-0.02780318073928356,0.6510164737701416,0.45799046754837036,-0.03710263967514038,0.6987406611442566,0.6523967981338501,-0.01569061540067196,0.6951635479927063,0.5713821053504944,-0.02668282948434353,0.6930508017539978,0.5222184658050537,-0.035845279693603516,0.6907960176467896,0.4784911572933197,-0.04342678189277649,0.7303837537765503,0.673491895198822,-0.02620251663029194,0.7339667677879333,0.614422082901001,-0.03758806362748146,0.7362971305847168,0.5764408111572266,-0.04253704100847244,0.7383808493614197,0.5389560461044312,-0.04645363241434097,OPEN
0.7061629891395569,0.8586381077766418,3.2229038993136783e-07,0.6456029415130615,0.8333815336227417,-0.02015703357756138,0.5974154472351074,0.7803218364715576,-0.027618158608675003,0.5712118148803711,0.7319972515106201,-0.03390803560614586,0.5541415810585022,0.6915384531021118,-0.03943496569991112,0.6321896314620972,0.6573416590690613,-0.005466658156365156,0.6141855120658875,0.5784099698066711,-0.01725153811275959,0.6065301895141602,0.5306230783462524,-0.03017638996243477,0.6021457314491272,0.4868582487106323,-0.04053409770131111,0.6667065024375916,0.6444521546363831,-0.008429811336100101,0.6575363874435425,0.5566730499267578,-0.01617836020886898,0.6537559032440186,0.5030634999275208,-0.02721332386136055,0.6518368721008301,0.4571053683757782,-0.03652700409293175,0.6991902589797974,0.6508476138114929,-0.015576962381601334,0.6952707767486572,0.5700886249542236,-0.025548065081238747,0.6935857534408569,0.5213966369628906,-0.03439829498529434,0.6917719841003418,0.4780014753341675,-0.04201630875468254,0.7311253547668457,0.6717847585678101,-0.025359520688652992,0.7340590357780457,0.6129609942436218,-0.03569796681404114,0.7367786169052124,0.5761992931365967,-0.0398709699511528,0.7395550012588501,0.5397908687591553,-0.04332511126995087,OPEN
0.7055073380470276,0.8588710427284241,3.3114952202595305e-07,0.6457281112670898,0.83397376537323,-0.021036416292190552,0.5995646715164185,0.7798771858215332,-0.028319532051682472,0.5737897157669067,0.7309694290161133,-0.03423188999295235,0.5544605851173401,0.6900418400764465,-0.039403729140758514,0.6323109269142151,0.656402051448822,-0.005446447059512138,0.614693820476532,0.5776244401931763,-0.017089219763875008,0.6071787476539612,0.5292848944664001,-0.02988124080002308,0.6027736067771912,0.4853278398513794,-0.04007592052221298,0.6669902801513672,0.643828272819519,-0.007913686335086823,0.6581673622131348,0.5561591982841492,-0.015257759019732475,0.6544352769851685,0.5025862455368042,-0.026066118851304054,0.6522156000137329,0.45718449354171753,-0.03520243242383003,0.6992488503456116,0.6507038474082947,-0.014695877209305763,0.6957918405532837,0.5696303248405457,-0.024501362815499306,0.6938982009887695,0.5213931202888489,-0.03299221768975258,0.691463053226471,0.478107213973999,-0.04026329517364502,0.7309846878051758,0.6719540357589722,-0.02420387789607048,0.7341638803482056,0.6122269034385681,-0.03434954956173897,0.7368088960647583,0.5750802159309387,-0.03832293674349785,0.7391669154167175,0.5382436513900757,-0.04160238802433014,OPEN
0.7025426626205444,0.8585988283157349,3.15795006144981e-07,0.6431355476379395,0.8310076594352722,-0.020313922315835953,0.5969318151473999,0.7771373987197876,-0.028032643720507622,0.5714038610458374,0.7296789884567261,-0.03466377407312393,0.5535581707954407,0.6887710094451904,-0.04071499779820442,0.6328830718994141,0.6566568613052368,-0.006320198532193899,0.614495038986206,0.5783674120903015,-0.019044307991862297,0.6066614985466003,0.5307177305221558,-0.032472070306539536,0.6022690534591675,0.48688894510269165,-0.0431005023419857,0.6670498847961426,0.6440486311912537,-0.009581019170582294,0.657827615737915,0.5566421747207642,-0.018374716863036156,0.6538389921188354,0.5033218860626221,-0.030091647058725357,0.6517114639282227,0.45757001638412476,-0.03979019075632095,0.698993980884552,0.6505330801010132,-0.01702323742210865,0.6953423619270325,0.5704073309898376,-0.027798408642411232,0.6931762099266052,0.5214256048202515,-0.037102844566106796,0.6907963752746582,0.4774262309074402,-0.04496834799647331,0.7303222417831421,0.6717567443847656,-0.02710489183664322,0.7337458729743958,0.6128356456756592,-0.03805725648999214,0.7362997531890869,0.5752314329147339,-0.04269881173968315,0.7385058999061584,0.5379960536956787,-0.04647953435778618,OPEN
0.706926703453064,0.8525346517562866,-5.263863300797311e-08,0.6468979716300964,0.8238336443901062,-0.02184947021305561,0.5972379446029663,0.7707119584083557,-0.0313790887594223,0.5717013478279114,0.7151729464530945,-0.04061535373330116,0.5581247806549072,0.6667929291725159,-0.04658658057451248,0.6211097240447998,0.6704276204109192,0.0018489264184609056,0.607967734336853,0.5988354682922363,-0.016849301755428314,0.6114025712013245,0.5906589031219482,-0.035019729286432266,0.6180686354637146,0.6075312495231628,-0.04471433535218239,0.6548269987106323,0.655826210975647,0.002603421453386545,0.6428534984588623,0.578093409538269,-0.011540829204022884,0.646702229976654,0.56916344165802,-0.02616087906062603,0.6520756483078003,0.5881761908531189,-0.03475912660360336,0.6863724589347839,0.6565022468566895,-0.0016186201246455312,0.6775640845298767,0.5831671953201294,-0.015089277178049088,0.6793349981307983,0.5726064443588257,-0.022233987227082253,0.6836014986038208,0.5923560857772827,-0.024884315207600594,0.719092071056366,0.669407069683075,-0.008442764170467854,0.711966335773468,0.6088399887084961,-0.018496310338377953,0.7125954627990723,0.5954070687294006,-0.0200472604483366,0.7162286043167114,0.6065636873245239,-0.018938349559903145,OPEN
0.7025794982910156,0.8416352868080139,-2.690659357540426e-07,0.6461437940597534,0.8206505179405212,-0.026219993829727173,0.5944583415985107,0.7683287858963013,-0.03910159692168236,0.5681606531143188,0.7099395990371704,-0.05232475325465202,0.5594223737716675,0.6546919941902161,-0.06112348288297653,0.6143577098846436,0.6753540635108948,-0.0030142981559038162,0.6041498184204102,0.596914529800415,-0.031262654811143875,0.6112383604049683,0.6281650066375732,-0.0529261976480484,0.6193833947181702,0.670750081539154,-0.06328398734331131,0.6478539705276489,0.6599384546279907,-0.0032287929207086563,0.6413463354110718,0.5717240571975708,-0.03040279820561409,0.6483523845672607,0.6115336418151855,-0.04682948812842369,0.6530649662017822,0.6557762622833252,-0.05188187211751938,0.6796111464500427,0.6575399041175842,-0.009226798079907894,0.6751254796981812,0.581410825252533,-0.031137069687247276,0.6789829134941101,0.6155744194984436,-0.033764228224754333,0.6816893219947815,0.6556617617607117,-0.029952501878142357,0.7116325497627258,0.665450930595398,-0.018365677446126938,0.7065925002098083,0.6060684323310852,-0.030554374679923058,0.7060319185256958,0.6269694566726685,-0.028161341324448586,0.7059351205825806,0.6581889986991882,-0.0231925118714571,OPEN
0.6968192458152771,0.8480900526046753,-5.270932774692483e-07,0.6357907652854919,0.81855309009552,-0.019277354702353477,0.5861033201217651,0.7625799179077148,-0.02639089524745941,0.5687371492385864,0.6939314603805542,-0.03519092872738838,0.5907529592514038,0.6576939821243286,-0.03830419480800629,0.5962168574333191,0.694187581539154,0.011298760771751404,0.5940241813659668,0.6404227018356323,-0.01928955689072609,0.6041903495788574,0.6985512971878052,-0.03401295840740204,0.6045068502426147,0.717876672744751,-0.038979627192020416,0.6327350735664368,0.688823401927948,0.009146047756075859,0.6279636025428772,0.633817195892334,-0.023496724665164948,0.6378712058067322,0.7030131220817566,-0.028870679438114166,0.6349096894264221,0.7144619822502136,-0.02331560291349888,0.6684772372245789,0.686775267124176,8.303792856168002e-05,0.6610238552093506,0.6392953991889954,-0.03200763463973999,0.6689956188201904,0.7058596014976501,-0.021185996010899544,0.6674832701683044,0.7192381024360657,-0.004149949178099632,0.7037482857704163,0.6908263564109802,-0.01112355850636959,0.6917009949684143,0.6573083996772766,-0.02243344485759735,0.6957975029945374,0.7036217451095581,-0.008717278949916363,0.6988116502761841,0.7166981101036072,0.005907643120735884,OPEN
0.691693902015686,0.83194500207901,-5.144733563611226e-07,0.6322725415229797,0.821203351020813,-0.018700141459703445,0.581310510635376,0.7663235664367676,-0.023112526163458824,0.5655791163444519,0.690818190574646,-0.02815340645611286,0.5907611846923828,0.6636544466018677,-0.02752177231013775,0.5947296023368835,0.6891292929649353,0.01067134365439415,0.592021107673645,0.6389608383178711,-0.015925565734505653,0.604343593120575,0.7007842063903809,-0.029219193384051323,0.6042625904083252,0.717698335647583,-0.035299912095069885,0.6311977505683899,0.6855466365814209,0.009073897264897823,0.624653160572052,0.6411643028259277,-0.018963461741805077,0.6337912678718567,0.713001012802124,-0.024456879124045372,0.6307988166809082,0.7193414568901062,-0.021025706082582474,0.6652241349220276,0.6853147745132446,0.0010472830617800355,0.659033477306366,0.6456397175788879,-0.02654905803501606,0.6642490029335022,0.7147851586341858,-0.01625186949968338,0.6629126071929932,0.722341001033783,-0.0017918661469593644,0.699785590171814,0.6879821419715881,-0.009296135976910591,0.6901010274887085,0.6638050079345703,-0.01985473558306694,0.6927340626716614,0.7119244933128357,-0.00794020015746355,0.6958661079406738,0.720736026763916,0.0044499835930764675,OPEN
0.6919910907745361,0.8361871838569641,-4.5918693558633095e-07,0.6344156265258789,0.8196210265159607,-0.020300712436437607,0.5839738845825195,0.7602061033248901,-0.023813996464014053,0.5737440586090088,0.6872333288192749,-0.028400704264640808,0.6056902408599854,0.6669723987579346,-0.0272098109126091,0.5950742959976196,0.6942558884620667,0.016362130641937256,0.5895357728004456,0.6472247838973999,-0.011835331097245216,0.6020222306251526,0.7046566009521484,-0.024518730118870735,0.6030963063240051,0.7184653878211975,-0.02856351062655449,0.6310057640075684,0.6868789196014404,0.015307195484638214,0.6225391626358032,0.6454498171806335,-0.014574975706636906,0.6328756809234619,0.7144219279289246,-0.018714411184191704,0.6325967907905579,0.7146598696708679,-0.01179871242493391,0.6658086180686951,0.6854914426803589,0.006495855748653412,0.6578220725059509,0.6515394449234009,-0.023831773549318314,0.6641599535942078,0.7184550166130066,-0.014895327389240265,0.6646429896354675,0.7182576060295105,0.0011734672589227557,0.7007659077644348,0.6864409446716309,-0.004798589274287224,0.6890891194343567,0.6677917838096619,-0.015026647597551346,0.6915457248687744,0.7138146758079529,-0.0034859890583902597,0.6963636875152588,0.7170490026473999,0.009661789983510971,OPEN
0.6936407685279846,0.8321700692176819,-4.270532940608973e-07,0.6370965242385864,0.8193424344062805,-0.02378302440047264,0.5850347280502319,0.7631972432136536,-0.03012453205883503,0.5737642645835876,0.6900614500045776,-0.036698367446660995,0.6077846884727478,0.6650190353393555,-0.03739111125469208,0.5974421501159668,0.6945310235023499,0.009349704720079899,0.5898063778877258,0.646033763885498,-0.01919534057378769,0.6044018268585205,0.7031087875366211,-0.031341709196567535,0.6067091822624207,0.7130942940711975,-0.03570668399333954,0.6325852274894714,0.6877257227897644,0.009511529467999935,0.6237016916275024,0.645521342754364,-0.021275462582707405,0.6348329186439514,0.7143444418907166,-0.025211235508322716,0.6334241628646851,0.7128241658210754,-0.0186759103089571,0.6660763025283813,0.685912013053894,0.0019925935193896294,0.6591063737869263,0.6520962715148926,-0.028583284467458725,0.6658591032028198,0.7182292342185974,-0.01912330836057663,0.6654472947120667,0.7156067490577698,-0.0033347979187965393,0.7007237672805786,0.6866340041160583,-0.008308098651468754,0.6906567215919495,0.6685812473297119,-0.019627057015895844,0.6941876411437988,0.7145760655403137,-0.008891119621694088,0.6982975006103516,0.7175420522689819,0.0033809146843850613,OPEN
0.6946240663528442,0.8336732387542725,-4.445813885922689e-07,0.6365262269973755,0.8199028968811035,-0.023044759407639503,0.5872121453285217,0.7602699398994446,-0.027922913432121277,0.5802279710769653,0.6847643852233887,-0.03298165649175644,0.6135705709457397,0.6542317867279053,-0.032000891864299774,0.601544976234436,0.6927852630615234,0.011451526544988155,0.5953245759010315,0.6468659043312073,-0.01608792506158352,0.60799640417099,0.7055110931396484,-0.028067205101251602,0.6098700761795044,0.713216245174408,-0.032767437398433685,0.6377278566360474,0.6854023337364197,0.011459519155323505,0.6285857558250427,0.6430255770683289,-0.018241943791508675,0.637619137763977,0.7126792073249817,-0.02211190201342106,0.6375695466995239,0.709510326385498,-0.015959398820996284,0.671609103679657,0.6847090125083923,0.0037538218311965466,0.6631000638008118,0.6489267349243164,-0.025896012783050537,0.66850346326828,0.7163127064704895,-0.01604863442480564,0.6692180633544922,0.7128452062606812,-0.0004621385596692562,0.7061381936073303,0.6858773827552795,-0.006772731430828571,0.6947487592697144,0.6677597165107727,-0.017451979219913483,0.6967023611068726,0.7147061228752136,-0.006468754727393389,0.7015729546546936,0.7167866826057434,0.00561997015029192,OPEN
0.6965293288230896,0.8342569470405579,-4.3419231587904505e-07,0.639185905456543,0.8180410265922546,-0.021788151934742928,0.588039219379425,0.7587108612060547,-0.02632489986717701,0.5782567858695984,0.6861816048622131,-0.031186193227767944,0.6120467782020569,0.6662113070487976,-0.029915276914834976,0.6031280755996704,0.6919503211975098,0.012347620911896229,0.5957472920417786,0.6464006900787354,-0.015232461504638195,0.6095638871192932,0.7039285898208618,-0.02800053171813488,0.6104474067687988,0.7110649347305298,-0.03349792957305908,0.6388067603111267,0.6854352951049805,0.011541630141437054,0.6295623183250427,0.6444054841995239,-0.018522312864661217,0.6395746469497681,0.7126145958900452,-0.0237380713224411,0.6376193165779114,0.7094542980194092,-0.018570102751255035,0.6727379560470581,0.6843252778053284,0.0032595659140497446,0.6644600629806519,0.6498211026191711,-0.02608443982899189,0.6706602573394775,0.7160212397575378,-0.01689893752336502,0.6699561476707458,0.7120086550712585,-0.0019346511689946055,0.7075976133346558,0.6853846311569214,-0.007795743178576231,0.6973097324371338,0.6684433221817017,-0.018367141485214233,0.7001287937164307,0.7151463627815247,-0.007762169931083918,0.7041814923286438,0.7169609665870667,0.00403093034401536,OPEN
0.6964518427848816,0.8351026177406311,-4.250312031217618e-07,0.6385005712509155,0.8215315341949463,-0.022502440959215164,0.5864359736442566,0.7610020041465759,-0.026905357837677002,0.577153205871582,0.687004804611206,-0.03147139027714729,0.6150574088096619,0.6645031571388245,-0.02955981157720089,0.6012923121452332,0.6893796920776367,0.011677100323140621,0.5922382473945618,0.6483674645423889,-0.013919837772846222,0.606975793838501,0.7047905325889587,-0.024865392595529556,0.6097815632820129,0.7083573341369629,-0.029809311032295227,0.6372917294502258,0.6818877458572388,0.011623052880167961,0.6275237202644348,0.6443242430686951,-0.017258403822779655,0.6387066841125488,0.7138074040412903,-0.020859163254499435,0.63813716173172,0.7088270783424377,-0.01486657839268446,0.671759843826294,0.6815691590309143,0.004173331893980503,0.6635683178901672,0.6487329006195068,-0.023350689560174942,0.6700469255447388,0.7162649035453796,-0.012193302623927593,0.6704856753349304,0.7111583352088928,0.003486321307718754,0.7071564197540283,0.6834828853607178,-0.006281999405473471,0.6964312195777893,0.6674712300300598,-0.015654120594263077,0.6985558271408081,0.7145130038261414,-0.004552372731268406,0.70271897315979,0.7152022123336792,0.007229028269648552,OPEN
0.6963551640510559,0.8323307037353516,-4.499471231156349e-07,0.6411556005477905,0.8211485147476196,-0.021992597728967667,0.5894259214401245,0.7637462615966797,-0.027180621400475502,0.5774327516555786,0.6887642741203308,-0.03275303170084953,0.6111748218536377,0.6631318926811218,-0.0321623757481575,0.6036914587020874,0.6925676465034485,0.00966617651283741,0.5944148302078247,0.6443980932235718,-0.018792085349559784,0.6088986396789551,0.7021008729934692,-0.0311225987970829,0.6114525198936462,0.7103642225265503,-0.036047015339136124,0.6388528943061829,0.6866196393966675,0.008958680555224419,0.6294464468955994,0.6436762809753418,-0.021807240322232246,0.6400308012962341,0.7130753993988037,-0.02566269040107727,0.6387024521827698,0.7104630470275879,-0.019438235089182854,0.6720584630966187,0.6854872703552246,0.0007916819304227829,0.664554238319397,0.6491093039512634,-0.029298393055796623,0.6707268357276917,0.7161835432052612,-0.018783031031489372,0.6706555485725403,0.7132744789123535,-0.002829829463735223,0.7065812945365906,0.6858532428741455,-0.010156485252082348,0.6974030137062073,0.6675543785095215,-0.02175058238208294,0.7001132369041443,0.7143540382385254,-0.011105243116617203,0.7039269804954529,0.7164958119392395,0.000882669526617974,OPEN
0.6975093483924866,0.8400155901908875,-4.48448531642498e-07,0.6413898468017578,0.8228363990783691,-0.02202788181602955,0.5899272561073303,0.7648419737815857,-0.027177494019269943,0.5786393880844116,0.6900529265403748,-0.0327485054731369,0.6123920679092407,0.6636877059936523,-0.03197814151644707,0.6061877012252808,0.6960424780845642,0.010338631458580494,0.5942661166191101,0.6466572284698486,-0.018338488414883614,0.6076827645301819,0.7047511339187622,-0.030794544145464897,0.6119842529296875,0.7133204936981201,-0.035464391112327576,0.6421341300010681,0.6905306577682495,0.009804649278521538,0.6309105157852173,0.6465383768081665,-0.020743360742926598,0.6399688720703125,0.7165955901145935,-0.024232076480984688,0.6405301690101624,0.7140293121337891,-0.017630474641919136,0.6761391758918762,0.6905542016029358,0.0016833549598231912,0.6663702726364136,0.6539832353591919,-0.027937013655900955,0.6709087491035461,0.7210743427276611,-0.017432184889912605,0.6725733280181885,0.7183583974838257,-0.0012541196774691343,0.7109973430633545,0.6919423937797546,-0.009188465774059296,0.6991643905639648,0.6720790266990662,-0.019344456493854523,0.6998506784439087,0.7181749939918518,-0.008086592890322208,0.7051107883453369,0.7200676202774048,0.004301639273762703,OPEN
0.6968212127685547,0.8411903977394104,-4.5919179569864355e-07,0.6409029960632324,0.8260526061058044,-0.02297586388885975,0.5895031094551086,0.7656175494194031,-0.028841117396950722,0.5807511210441589,0.6894241571426392,-0.03489076346158981,0.6185306310653687,0.6647087931632996,-0.03448587283492088,0.6067500710487366,0.6947134137153625,0.007365077268332243,0.5951338410377502,0.6450873613357544,-0.021559109911322594,0.6091493964195251,0.7049833536148071,-0.033245909959077835,0.6134690046310425,0.7119835019111633,-0.03754701465368271,0.6430211067199707,0.6886848211288452,0.007016933988779783,0.6313166618347168,0.6454044580459595,-0.023844631388783455,0.6411204934120178,0.7163900136947632,-0.026222551241517067,0.6421827077865601,0.7123116850852966,-0.018773755058646202,0.6774554252624512,0.6886694431304932,-0.0009326378349214792,0.6675296425819397,0.6526869535446167,-0.03090437687933445,0.6728322505950928,0.7211341261863708,-0.019349588081240654,0.6749777793884277,0.7168259620666504,-0.0025255975779145956,0.7132074236869812,0.6903030872344971,-0.011751088313758373,0.7010130882263184,0.6713762879371643,-0.02237820066511631,0.7023153305053711,0.7182784080505371,-0.011036518961191177,0.7078006863594055,0.7193247079849243,0.0013523269444704056,OPEN
0.69941645860672,0.8435843586921692,-4.766947654388787e-07,0.6435429453849792,0.8269159197807312,-0.022982142865657806,0.5925387144088745,0.7686346769332886,-0.028756653890013695,0.583126962184906,0.6953048706054688,-0.03469523414969444,0.6176728010177612,0.6628634929656982,-0.03381475806236267,0.610401451587677,0.6963530778884888,0.007114741485565901,0.5968713164329529,0.6453616619110107,-0.02349163219332695,0.6100484728813171,0.7055042386054993,-0.036449044942855835,0.6147607564926147,0.7136722803115845,-0.04094771668314934,0.6468765139579773,0.6920304298400879,0.0071805804036557674,0.6346997022628784,0.6472858190536499,-0.024767771363258362,0.6440716981887817,0.7202631831169128,-0.02749287337064743,0.645267903804779,0.7158716320991516,-0.01997908391058445,0.6816664934158325,0.6921889781951904,-0.0004817861772608012,0.6713049411773682,0.6547967195510864,-0.030981019139289856,0.6753947734832764,0.7238864302635193,-0.0191932525485754,0.6775368452072144,0.7190943956375122,-0.001979133812710643,0.7168945670127869,0.6932525038719177,-0.011021377518773079,0.7048602104187012,0.6734164357185364,-0.021486559882760048,0.7043062448501587,0.7203203439712524,-0.009756681509315968,0.7091456651687622,0.7216607928276062,0.003096511121839285,OPEN
0.7000246644020081,0.8412795066833496,-4.778992206411203e-07,0.6429265737533569,0.8231660723686218,-0.018937792629003525,0.5912203788757324,0.7639248967170715,-0.023200256749987602,0.5852442383766174,0.6904016137123108,-0.0285040270537138,0.6247018575668335,0.6651226878166199,-0.02769131399691105,0.6105928421020508,0.6961554884910583,0.009602965787053108,0.5975400805473328,0.6425495147705078,-0.0183908399194479,0.6104977130889893,0.7014665603637695,-0.030172178521752357,0.6154136657714844,0.7113350033760071,-0.034665547311306,0.646929919719696,0.6918767690658569,0.007768760900944471,0.6364030241966248,0.6454559564590454,-0.022056205198168755,0.6448171138763428,0.717558741569519,-0.02460574358701706,0.6459559202194214,0.7175676822662354,-0.017695976421236992,0.6813045740127563,0.6927556991577148,-0.0011613238602876663,0.67277592420578,0.6550882458686829,-0.029330914840102196,0.6760846972465515,0.7234892249107361,-0.01793077029287815,0.6779030561447144,0.7224856615066528,-0.001684148097410798,0.7169722318649292,0.6954386234283447,-0.01261532586067915,0.7045590281486511,0.6742832660675049,-0.02192804031074047,0.7043322920799255,0.7212507724761963,-0.010131500661373138,0.7095062732696533,0.7251800298690796,0.002293149009346962,OPEN
0.700345516204834,0.8434765338897705,-4.818130605599436e-07,0.6449684500694275,0.8250929117202759,-0.020849082618951797,0.5957106351852417,0.7674503326416016,-0.026228683069348335,0.58863365650177,0.6950877904891968,-0.03215043619275093,0.6244484186172485,0.6654509902000427,-0.03203430771827698,0.6153437495231628,0.6978710293769836,0.006642661523073912,0.6031160950660706,0.6473707556724548,-0.021538343280553818,0.6142059564590454,0.7064160108566284,-0.03246553614735603,0.6193974018096924,0.7150782942771912,-0.03604518622159958,0.6506518125534058,0.6927225589752197,0.00537858298048377,0.6397666931152344,0.6467841267585754,-0.024717506021261215,0.6469958424568176,0.7179564833641052,-0.026149077340960503,0.6497935652732849,0.7168419361114502,-0.018034622073173523,0.6847373843193054,0.6933609247207642,-0.0030726338736712933,0.676308274269104,0.6578809022903442,-0.03212780877947807,0.6790039539337158,0.7247253656387329,-0.020508967339992523,0.6814747452735901,0.7218903303146362,-0.0037547952961176634,0.7202622294425964,0.6966078281402588,-0.01412959024310112,0.7074452638626099,0.6765246391296387,-0.02352808229625225,0.7066468596458435,0.7225735187530518,-0.011223696172237396,0.7120994329452515,0.7252107858657837,0.0016827352810651064,OPEN
0.7029646635055542,0.8445212244987488,-4.480041582155536e-07,0.6464797258377075,0.8216332197189331,-0.019365238025784492,0.5994603037834167,0.7634073495864868,-0.02442033216357231,0.591605544090271,0.6933876276016235,-0.03047681227326393,0.6272236704826355,0.6654791235923767,-0.030191006138920784,0.620792031288147,0.6962963342666626,0.012112795375287533,0.6110769510269165,0.6481211185455322,-0.013972124084830284,0.621968686580658,0.7062135338783264,-0.025089818984270096,0.6258289813995361,0.7131922841072083,-0.029615022242069244,0.6542205214500427,0.6909756064414978,0.010976381599903107,0.6447097659111023,0.6484391093254089,-0.017003441229462624,0.6522306799888611,0.7171264886856079,-0.019217474386096,0.6542216539382935,0.714455246925354,-0.012448268942534924,0.6872208118438721,0.691437840461731,0.0026561066042631865,0.6788129806518555,0.6546882390975952,-0.02316826395690441,0.6813482046127319,0.7195072174072266,-0.011193990707397461,0.6838318109512329,0.7167559862136841,0.004781083669513464,0.7216652631759644,0.6944059729576111,-0.008406057022511959,0.709614634513855,0.6758627891540527,-0.01565900631248951,0.7083293795585632,0.7198274731636047,-0.0037836686242371798,0.7135995626449585,0.7210944890975952,0.00827559269964695,OPEN
0.7040199041366577,0.843153178691864,-4.1218933688469406e-07,0.6471723914146423,0.8254729509353638,-0.021090611815452576,0.5994279980659485,0.7667579054832458,-0.027740629389882088,0.5911586880683899,0.6937589049339294,-0.03510744124650955,0.6263869404792786,0.6678088903427124,-0.03621360659599304,0.6191805005073547,0.6947781443595886,0.009370053187012672,0.6073116064071655,0.6497567296028137,-0.017645543441176414,0.6197226643562317,0.7068752646446228,-0.02919301576912403,0.6250172257423401,0.7144083380699158,-0.03395508602261543,0.6537047028541565,0.688683032989502,0.008121039718389511,0.6426650881767273,0.6482444405555725,-0.021383173763751984,0.651010274887085,0.716735303401947,-0.024293774738907814,0.6539213061332703,0.7152537703514099,-0.017601676285266876,0.6872508525848389,0.6904628872871399,-0.0003290224994998425,0.6782493591308594,0.6560801267623901,-0.028018509969115257,0.6813805103302002,0.7211253643035889,-0.016442283987998962,0.6843616962432861,0.7182950377464294,-0.00025221705436706543,0.7225162982940674,0.6951031684875488,-0.01159435324370861,0.7102606296539307,0.6792304515838623,-0.02091737650334835,0.7094176411628723,0.7230491638183594,-0.009895016439259052,0.7144675254821777,0.7236374020576477,0.0019666673615574837,OPEN
0.7053189873695374,0.8445937633514404,-4.179312895757903e-07,0.6477912068367004,0.824785053730011,-0.02042285166680813,0.6010944843292236,0.7673994898796082,-0.026402562856674194,0.5925984978675842,0.6934224963188171,-0.033299509435892105,0.6271178722381592,0.6661771535873413,-0.0338638611137867,0.6218909621238708,0.6942285895347595,0.013684727251529694,0.6118454933166504,0.6497039198875427,-0.013182819820940495,0.6228379607200623,0.7066571116447449,-0.025555729866027832,0.628481924533844,0.7155196666717529,-0.030621642246842384,0.6555547714233398,0.6893633604049683,0.012802472338080406,0.6447274088859558,0.6497615575790405,-0.01618083380162716,0.6522728204727173,0.7169697880744934,-0.019766265526413918,0.6562772393226624,0.7152343392372131,-0.013500787317752838,0.6880260109901428,0.6911306977272034,0.004505794961005449,0.6786983013153076,0.6558301448822021,-0.02278791181743145,0.6813123822212219,0.720013439655304,-0.011680515483021736,0.6856555342674255,0.7178535461425781,0.004424571059644222,0.7227347493171692,0.6953927278518677,-0.006595021579414606,0.7105987071990967,0.6767529845237732,-0.015286576934158802,0.7088947892189026,0.720714271068573,-0.003994408529251814,0.7148829102516174,0.7227156162261963,0.008280031383037567,OPEN
0.7046676278114319,0.8409942984580994,-4.0563065795140574e-07,0.6473724246025085,0.8194918036460876,-0.020041201263666153,0.6006481051445007,0.7623070478439331,-0.02581031806766987,0.5909504294395447,0.6904165744781494,-0.032685838639736176,0.6246333122253418,0.6575278043746948,-0.03337199613451958,0.620884895324707,0.6892996430397034,0.015406306833028793,0.6105024814605713,0.6465330123901367,-0.011302568018436432,0.6208764910697937,0.7034120559692383,-0.02356412075459957,0.6256386041641235,0.7104505896568298,-0.028405791148543358,0.6548967361450195,0.685463547706604,0.014264958910644054,0.6438453793525696,0.6449951529502869,-0.014959846623241901,0.6506857872009277,0.7143325209617615,-0.018687967211008072,0.6539317965507507,0.7127395868301392,-0.011979599483311176,0.6876856088638306,0.6882141828536987,0.0056540402583777905,0.678731381893158,0.6527292132377625,-0.022194452583789825,0.6806864738464355,0.7176999449729919,-0.011613824404776096,0.6845183968544006,0.7159026861190796,0.004567776340991259,0.7221495509147644,0.6937856078147888,-0.00565040297806263,0.7105337381362915,0.6751064658164978,-0.01501129474490881,0.7087529897689819,0.719120442867279,-0.003961896523833275,0.7141702175140381,0.721210241317749,0.008447209373116493,OPEN
0.7014656662940979,0.8364747166633606,-4.318918058743293e-07,0.6459550857543945,0.8167812824249268,-0.020497022196650505,0.5996617674827576,0.759341835975647,-0.02602781355381012,0.5904768109321594,0.688238799571991,-0.03209419548511505,0.6232556700706482,0.6554625034332275,-0.03198138624429703,0.618346631526947,0.6861185431480408,0.010015377774834633,0.6067553758621216,0.6444341540336609,-0.015535068698227406,0.6172391772270203,0.7020355463027954,-0.02625245414674282,0.6231391429901123,0.708617091178894,-0.03059690073132515,0.6536750197410583,0.6813948154449463,0.009500754997134209,0.6423581838607788,0.6427143216133118,-0.018834436312317848,0.649319052696228,0.7134090662002563,-0.02118609845638275,0.6540623903274536,0.7116664052009583,-0.014307851903140545,0.6876882314682007,0.6841902732849121,0.002020448911935091,0.6786382794380188,0.6509314179420471,-0.02547438070178032,0.6794525384902954,0.7169023752212524,-0.01407640427350998,0.6843082904815674,0.7153282165527344,0.002054582117125392,0.722305417060852,0.6901980042457581,-0.008072326891124249,0.7097259163856506,0.6749671697616577,-0.01787703111767769,0.7067036032676697,0.7185711860656738,-0.0072700874879956245,0.712436318397522,0.7194676399230957,0.004483637399971485,OPEN
0.7073049545288086,0.8199959397315979,-4.640723432203231e-07,0.6490285396575928,0.7989242672920227,-0.02324852906167507,0.6054513454437256,0.7384418845176697,-0.027393382042646408,0.5894908308982849,0.6684275269508362,-0.031086012721061707,0.6044182777404785,0.6232592463493347,-0.027867434546351433,0.622136116027832,0.6733618378639221,0.013994621112942696,0.6211494207382202,0.6294657588005066,-0.01140024047344923,0.6307289600372314,0.6897799372673035,-0.021131329238414764,0.630261242389679,0.6962604522705078,-0.02410193346440792,0.6577925682067871,0.6717000007629395,0.015948347747325897,0.652856707572937,0.6302450895309448,-0.012592346407473087,0.6568396687507629,0.7042502164840698,-0.014966825023293495,0.6540194153785706,0.6989403963088989,-0.007708847522735596,0.6905449628829956,0.6751512289047241,0.010257233865559101,0.6868484616279602,0.6415667533874512,-0.019550034776329994,0.686883807182312,0.7088371515274048,-0.008322264067828655,0.6868818402290344,0.7044484615325928,0.008203797973692417,0.7233346700668335,0.6797692179679871,0.002013616031035781,0.7162313461303711,0.6636132597923279,-0.010047984309494495,0.7146024703979492,0.710013747215271,0.0009762495756149292,0.7185790538787842,0.7117082476615906,0.013603690080344677,OPEN
0.7074286937713623,0.8168342709541321,-4.474973138712812e-07,0.6514907479286194,0.8001772165298462,-0.024180162698030472,0.6087779998779297,0.7386830449104309,-0.027795398607850075,0.5937526822090149,0.6670084595680237,-0.030485013499855995,0.6067737340927124,0.6192368268966675,-0.026744414120912552,0.6247978210449219,0.673271119594574,0.014625216834247112,0.6243550777435303,0.6282966732978821,-0.00850625429302454,0.6309245228767395,0.6856672167778015,-0.01740488037467003,0.6306965947151184,0.6909719109535217,-0.020327193662524223,0.6592022180557251,0.6712979674339294,0.017727188766002655,0.6547489762306213,0.630542516708374,-0.008419523015618324,0.655870258808136,0.7008822560310364,-0.011244616471230984,0.6536941528320312,0.6944717764854431,-0.005169903393834829,0.6910341382026672,0.6753599047660828,0.01322367787361145,0.6879297494888306,0.6423932909965515,-0.014622976072132587,0.6860595345497131,0.706251859664917,-0.005100654903799295,0.6866557598114014,0.7003379464149475,0.009370870888233185,0.7234736680984497,0.6793490052223206,0.006141789723187685,0.7155179977416992,0.66364586353302,-0.004945369437336922,0.713599681854248,0.709373950958252,0.005057463888078928,0.7185096144676208,0.7095450758934021,0.016363665461540222,OPEN
0.7082458734512329,0.813510000705719,-4.342124668710312e-07,0.6521388292312622,0.795654833316803,-0.025159813463687897,0.6102372407913208,0.7363938689231873,-0.029807809740304947,0.5960207581520081,0.6662837862968445,-0.03344053775072098,0.6083053350448608,0.6198422312736511,-0.03068007156252861,0.6246060132980347,0.6730120778083801,0.011728161945939064,0.6230122447013855,0.6271113157272339,-0.0134209506213665,0.6317837834358215,0.6848431825637817,-0.023157579824328423,0.6319007277488708,0.6916850209236145,-0.026210132986307144,0.6594654321670532,0.6711971163749695,0.014810357242822647,0.655518114566803,0.6279246807098389,-0.012843559496104717,0.6582560539245605,0.6990684270858765,-0.015852879732847214,0.655066192150116,0.6942780017852783,-0.009567361325025558,0.6917210817337036,0.6748132109642029,0.010173211805522442,0.6903749108314514,0.6400080323219299,-0.019355719909071922,0.6890400052070618,0.705288290977478,-0.010125990025699139,0.6881223320960999,0.700514554977417,0.0046540796756744385,0.7242868542671204,0.6786414384841919,0.0029120442923158407,0.7195449471473694,0.6627624034881592,-0.009993534535169601,0.7173470854759216,0.708753764629364,-0.0009679137729108334,0.7205708026885986,0.7101849317550659,0.009992578998208046,OPEN
0.7082048058509827,0.8164671659469604,-4.243557043537294e-07,0.6525406837463379,0.7956509590148926,-0.024919673800468445,0.6114540100097656,0.7351756691932678,-0.029416212812066078,0.5987004041671753,0.6654245853424072,-0.03309658169746399,0.6132680177688599,0.6195390820503235,-0.030186960473656654,0.6300075054168701,0.6701813340187073,0.012691968120634556,0.6256822943687439,0.627812385559082,-0.011672264896333218,0.6344282031059265,0.6863827705383301,-0.020616449415683746,0.6371773481369019,0.6909244060516357,-0.023295724764466286,0.6645969152450562,0.6691821813583374,0.015191611833870411,0.6578822731971741,0.6279169917106628,-0.012427877634763718,0.6606197953224182,0.6989427804946899,-0.014626462012529373,0.6623992919921875,0.6927112936973572,-0.007497649174183607,0.6963478326797485,0.6746819019317627,0.009854663163423538,0.6932079792022705,0.6434000730514526,-0.019112098962068558,0.6904317140579224,0.7081487774848938,-0.009215588681399822,0.6923234462738037,0.7012170553207397,0.00614929711446166,0.7281773090362549,0.6804143786430359,0.0017698515439406037,0.7216026186943054,0.6635931134223938,-0.009377461858093739,0.7166436314582825,0.7098893523216248,0.0008615411352366209,0.7204573750495911,0.7111728191375732,0.012522734701633453,OPEN
0.7144619226455688,0.8194700479507446,-4.2625885043889866e-07,0.6603570580482483,0.8006493449211121,-0.025420337915420532,0.6191954612731934,0.74181067943573,-0.031146975234150887,0.6051636934280396,0.6744990944862366,-0.036013007164001465,0.6162927150726318,0.6295539140701294,-0.03409673646092415,0.6304112076759338,0.6743468046188354,0.008969397284090519,0.6260353922843933,0.6282414793968201,-0.017331140115857124,0.635835587978363,0.6877453327178955,-0.026789464056491852,0.6384010314941406,0.6964091658592224,-0.029049942269921303,0.6668485999107361,0.6738186478614807,0.011664079502224922,0.6637595295906067,0.6308157444000244,-0.01647126115858555,0.6654233336448669,0.703963041305542,-0.0183302853256464,0.6630321145057678,0.6967776417732239,-0.010800538584589958,0.7002112865447998,0.6788004040718079,0.0066927107982337475,0.6997579336166382,0.6455373764038086,-0.022898197174072266,0.6957935094833374,0.7118253111839294,-0.0125417560338974,0.6944071650505066,0.7054616808891296,0.003115542232990265,0.732501208782196,0.6843846440315247,-0.0009786280570551753,0.7290898561477661,0.6693689823150635,-0.013628815300762653,0.7241140007972717,0.7151551246643066,-0.0038899953942745924,0.7261821627616882,0.716318666934967,0.007791310083121061,OPEN
0.716575562953949,0.8191289305686951,-4.361914136552514e-07,0.6609442830085754,0.804022490978241,-0.02492629364132881,0.6185375452041626,0.7442068457603455,-0.030108407139778137,0.6050853133201599,0.6740559935569763,-0.03467688709497452,0.6184276938438416,0.6282736659049988,-0.03287653997540474,0.6286104917526245,0.6762261390686035,0.009754200465977192,0.621421754360199,0.6282841563224792,-0.017352765426039696,0.633215069770813,0.6874650120735168,-0.027998078614473343,0.6375049948692322,0.6988916993141174,-0.03066112846136093,0.6653011441230774,0.6739600300788879,0.012180865742266178,0.6605237722396851,0.630865216255188,-0.01696252077817917,0.6641316413879395,0.7020633220672607,-0.020438089966773987,0.6629840135574341,0.6988188028335571,-0.013806206174194813,0.6988370418548584,0.6780574321746826,0.006972467992454767,0.6969203352928162,0.6452305316925049,-0.02376393787562847,0.6950094103813171,0.7117824554443359,-0.014599722810089588,0.6944462656974792,0.7084985971450806,0.0008225756464526057,0.732083797454834,0.6830294132232666,-0.0007996662170626223,0.7269362807273865,0.6652937531471252,-0.01393971685320139,0.7236279845237732,0.7127026915550232,-0.00418238528072834,0.7260822653770447,0.7174667119979858,0.007830459624528885,OPEN
0.7156828045845032,0.8226903080940247,-4.5168354745328543e-07,0.6618108749389648,0.8054094314575195,-0.026706764474511147,0.619062066078186,0.7453363537788391,-0.0321696400642395,0.6059049367904663,0.673998236656189,-0.036677177995443344,0.6213591694831848,0.6273695230484009,-0.034378472715616226,0.631454348564148,0.6762811541557312,0.01149827055633068,0.627947211265564,0.6288137435913086,-0.01569041609764099,0.6369972229003906,0.6885902881622314,-0.026556488126516342,0.6379338502883911,0.6970260739326477,-0.02970643900334835,0.6678916215896606,0.6753188967704773,0.014351839199662209,0.6636919379234314,0.6316478252410889,-0.01522234920412302,0.6664642691612244,0.7046640515327454,-0.01910218968987465,0.6633502840995789,0.6985070705413818,-0.01266732718795538,0.7012317776679993,0.679590106010437,0.009129146113991737,0.6996827125549316,0.6472978591918945,-0.02207106724381447,0.6971877217292786,0.7142935991287231,-0.013263457454741001,0.6949847340583801,0.70747971534729,0.001967995660379529,0.734031081199646,0.6840224862098694,0.0011681223986670375,0.7281973361968994,0.6660340428352356,-0.01175672560930252,0.7254174947738647,0.7138530611991882,-0.0015067828353494406,0.7282708287239075,0.7154772877693176,0.010792512446641922,OPEN
0.7159326672554016,0.8241785168647766,-4.7470118147430185e-07,0.6638370156288147,0.8096731901168823,-0.023561814799904823,0.6217575073242188,0.7449670433998108,-0.02711758203804493,0.6099523901939392,0.6718236207962036,-0.030077453702688217,0.6302477121353149,0.6287415027618408,-0.02662639133632183,0.6374422907829285,0.6788565516471863,0.011580700054764748,0.6352217197418213,0.6305180191993713,-0.013046381063759327,0.6413395404815674,0.6888648867607117,-0.022501206025481224,0.6438317894935608,0.7009520530700684,-0.02522280067205429,0.6719841361045837,0.6769711375236511,0.013652889057993889,0.6668617725372314,0.632858395576477,-0.013200580142438412,0.6681808233261108,0.7033696174621582,-0.01608368754386902,0.6688709259033203,0.7018835544586182,-0.009622677229344845,0.7043491005897522,0.6818038821220398,0.008403340354561806,0.7025846838951111,0.6482058763504028,-0.019118279218673706,0.6990446448326111,0.7128108739852905,-0.009025991894304752,0.6993035078048706,0.7102159857749939,0.005931572522968054,0.7374514937400818,0.6879799365997314,0.0005223366897553205,0.7302581071853638,0.6696218848228455,-0.010165225714445114,0.7266831398010254,0.7159742712974548,0.0006304576527327299,0.7300272583961487,0.719391405582428,0.012611349113285542,OPEN
0.7173797488212585,0.8246621489524841,-4.5698138251282217e-07,0.6649226546287537,0.8047372102737427,-0.021822812035679817,0.6230422258377075,0.7412687540054321,-0.024419181048870087,0.611238956451416,0.6726319789886475,-0.026721302419900894,0.6292014718055725,0.632600724697113,-0.02258170023560524,0.6378297209739685,0.6778093576431274,0.014171643182635307,0.6378498673439026,0.6285465955734253,-0.009637868031859398,0.6460193991661072,0.6867128014564514,-0.018956704065203667,0.6474056243896484,0.697819173336029,-0.021619675680994987,0.6728017926216125,0.6769025325775146,0.0161864273250103,0.6707466840744019,0.6336007714271545,-0.009699494577944279,0.6725502014160156,0.7036483883857727,-0.012592151761054993,0.6704996824264526,0.7015201449394226,-0.006414296571165323,0.7049456238746643,0.681333601474762,0.010967682115733624,0.7042293548583984,0.6452226042747498,-0.015688933432102203,0.7018610239028931,0.7098498344421387,-0.005725683644413948,0.7013823986053467,0.7089711427688599,0.009028833359479904,0.7366809248924255,0.6871803998947144,0.003241580445319414,0.731960117816925,0.6689074635505676,-0.006954798474907875,0.7289001941680908,0.7145507335662842,0.003467969596385956,0.731386125087738,0.7179887890815735,0.015140113420784473,OPEN
0.7175439596176147,0.8207466006278992,-4.303067839828145e-07,0.6644607782363892,0.8003727197647095,-0.023472731932997704,0.6245627403259277,0.7400839328765869,-0.02751222625374794,0.6128045320510864,0.6728972792625427,-0.030875541269779205,0.6308625340461731,0.6303248405456543,-0.02772619016468525,0.6377131342887878,0.6746236085891724,0.012924006208777428,0.636643648147583,0.6294704675674438,-0.011364663019776344,0.6451464891433716,0.6869770288467407,-0.021008098497986794,0.646352231502533,0.6931535005569458,-0.024234768003225327,0.6725890040397644,0.6741607785224915,0.014914501458406448,0.6692430973052979,0.631605327129364,-0.012541969306766987,0.6712700128555298,0.7008671164512634,-0.016079112887382507,0.6699743866920471,0.6952375173568726,-0.01009536162018776,0.7046541571617126,0.6792539954185486,0.009483751840889454,0.7039284110069275,0.6466550230979919,-0.019494231790304184,0.701158344745636,0.7108635306358337,-0.010826585814356804,0.7002983689308167,0.7051143646240234,0.003509207395836711,0.7365261912345886,0.6851300001144409,0.0015476250555366278,0.7325554490089417,0.667752206325531,-0.010314089246094227,0.7288681864738464,0.7143567800521851,-0.0007039883057586849,0.7311320304870605,0.7168115377426147,0.010547393932938576,OPEN
0.7222328186035156,0.817843496799469,-4.3591597886916134e-07,0.671484112739563,0.8008299469947815,-0.02582910656929016,0.6317611336708069,0.741431713104248,-0.03129149600863457,0.6180722117424011,0.6740362644195557,-0.035608649253845215,0.6343132853507996,0.6323283910751343,-0.03320865333080292,0.6413469314575195,0.6754375100135803,0.008441602811217308,0.6422795057296753,0.6253284811973572,-0.01841253973543644,0.6502648591995239,0.6831412315368652,-0.028637761250138283,0.6498883962631226,0.696651816368103,-0.031146729364991188,0.6759368181228638,0.6750549674034119,0.011514485813677311,0.6749923229217529,0.6308165788650513,-0.0172907505184412,0.6775394678115845,0.7004562616348267,-0.020192598924040794,0.6735022068023682,0.6987466216087341,-0.01326980721205473,0.7078168988227844,0.6791773438453674,0.006969497073441744,0.708653450012207,0.6469171047210693,-0.022823475301265717,0.706461489200592,0.710304856300354,-0.013534549623727798,0.7024858593940735,0.7077270746231079,0.0014769898261874914,0.7390650510787964,0.6849462985992432,-0.0002500366827007383,0.73587965965271,0.6691102385520935,-0.01311893668025732,0.7335001826286316,0.7137177586555481,-0.0036656861193478107,0.7340333461761475,0.7165554761886597,0.007855264469981194,OPEN
0.7232680916786194,0.8186769485473633,-4.4451149960877956e-07,0.6730388402938843,0.7974909543991089,-0.022570427507162094,0.6345409750938416,0.7407031655311584,-0.027793698012828827,0.6206092238426208,0.6755731701850891,-0.03288862109184265,0.6338923573493958,0.6341760754585266,-0.03174151852726936,0.6451770067214966,0.6754567623138428,0.010660622268915176,0.6439806818962097,0.6267563700675964,-0.016590377315878868,0.6520358920097351,0.6841874122619629,-0.02773848921060562,0.6526541709899902,0.6965768933296204,-0.030747143551707268,0.6785441637039185,0.6760862469673157,0.011779804714024067,0.6760875582695007,0.6315110325813293,-0.017382271587848663,0.6782083511352539,0.7008146047592163,-0.020964253693819046,0.6757636070251465,0.6988063454627991,-0.014402742497622967,0.7094765901565552,0.6805598735809326,0.005573354661464691,0.7084720730781555,0.6465279459953308,-0.02425343357026577,0.7063629031181335,0.7105908989906311,-0.014936706982553005,0.7050121426582336,0.7087742686271667,0.0004039430932607502,0.740119993686676,0.6861774325370789,-0.003072487423196435,0.7354795932769775,0.6684788465499878,-0.015139843337237835,0.7323115468025208,0.7137970924377441,-0.004859523382037878,0.7341611981391907,0.7176157832145691,0.007345275022089481,OPEN
0.7227133512496948,0.8176771402359009,-4.4103506979809026e-07,0.6721553206443787,0.7967960834503174,-0.02370593696832657,0.6339588165283203,0.7395378947257996,-0.02912413328886032,0.6209478378295898,0.6747534871101379,-0.0339880995452404,0.6347208619117737,0.6336150169372559,-0.032485295087099075,0.6451303958892822,0.6744157671928406,0.008965902961790562,0.6444156765937805,0.6273565888404846,-0.018637871369719505,0.6520577073097229,0.6850578784942627,-0.0299525149166584,0.6521662473678589,0.6966325640678406,-0.033088330179452896,0.6790952086448669,0.6749953031539917,0.010833418928086758,0.6773828268051147,0.6327703595161438,-0.018579630181193352,0.6790091395378113,0.7018489837646484,-0.022248852998018265,0.6762059330940247,0.6981183886528015,-0.01592152938246727,0.7102908492088318,0.6795979142189026,0.005324434023350477,0.709861159324646,0.6469173431396484,-0.024767234921455383,0.7069307565689087,0.7108229994773865,-0.015634676441550255,0.7051758170127869,0.7075772285461426,-0.0005787565605714917,0.7405539751052856,0.6854538917541504,-0.0027099251747131348,0.7367467880249023,0.6686723828315735,-0.015176039189100266,0.7329258918762207,0.7139759659767151,-0.005378138739615679,0.7344948649406433,0.717380940914154,0.006410142872482538,OPEN
0.7274056077003479,0.8068677186965942,-4.4564635004462616e-07,0.6753858923912048,0.7933476567268372,-0.02127753011882305,0.6363868713378906,0.7368718385696411,-0.026563376188278198,0.6242462992668152,0.6690647006034851,-0.0316469669342041,0.6379098296165466,0.628764271736145,-0.031287286430597305,0.6496840119361877,0.6740833520889282,0.005801342893391848,0.6484919190406799,0.6216256618499756,-0.021748188883066177,0.6558926105499268,0.6765733957290649,-0.03319472074508667,0.6576297879219055,0.694272518157959,-0.036405935883522034,0.6838440895080566,0.6738986372947693,0.006509152241051197,0.6802712678909302,0.6275056600570679,-0.022088753059506416,0.6821328401565552,0.6937552690505981,-0.025739440694451332,0.679906964302063,0.6972383260726929,-0.020002366974949837,0.7151612043380737,0.6774193644523621,0.0005589532665908337,0.7129490375518799,0.6407517194747925,-0.028466152027249336,0.7108996510505676,0.7024409770965576,-0.01891554519534111,0.7086198329925537,0.7052816152572632,-0.004279440268874168,0.7460880875587463,0.6830151677131653,-0.007642095442861319,0.7404976487159729,0.666255533695221,-0.019918087869882584,0.7390737533569336,0.7093314528465271,-0.00995080079883337,0.7407742738723755,0.7143665552139282,0.001456544385291636,OPEN
0.7295145988464355,0.8087956309318542,-4.3311652575539483e-07,0.6786565184593201,0.7935100197792053,-0.021924801170825958,0.6367396116256714,0.7364554405212402,-0.02643795870244503,0.6220879554748535,0.6681948900222778,-0.03088746778666973,0.6381752490997314,0.6253529787063599,-0.029486501589417458,0.6497533917427063,0.6729384064674377,0.011453280225396156,0.6464822292327881,0.623490571975708,-0.014153200201690197,0.6549781560897827,0.6781536340713501,-0.025041891261935234,0.6562263369560242,0.6916152238845825,-0.028600936755537987,0.6829220056533813,0.6707900762557983,0.01221335306763649,0.678676187992096,0.6268583536148071,-0.015353446826338768,0.6821228265762329,0.6937571167945862,-0.01913744956254959,0.6805289387702942,0.6961574554443359,-0.01344988401979208,0.7139554023742676,0.6746110916137695,0.005785450339317322,0.7117214202880859,0.6395711898803711,-0.022702082991600037,0.7111131548881531,0.7019689679145813,-0.013724351301789284,0.7098647356033325,0.7041535377502441,0.0007370404782705009,0.7455139756202698,0.6803809404373169,-0.0030490646604448557,0.7395912408828735,0.6637251377105713,-0.015276210382580757,0.7379514575004578,0.7084565758705139,-0.005708756390959024,0.7398618459701538,0.7136418223381042,0.005612138193100691,OPEN
0.7278909087181091,0.811724841594696,-4.0727402961238113e-07,0.6781476736068726,0.7947379946708679,-0.023614313453435898,0.6373062133789062,0.7368699312210083,-0.02969934418797493,0.6214784383773804,0.6694061756134033,-0.03561092168092728,0.6371840238571167,0.6268041133880615,-0.03566674143075943,0.648939847946167,0.6723340749740601,0.008655479177832603,0.6451043486595154,0.6241975426673889,-0.017690887674689293,0.6543994545936584,0.6781105995178223,-0.02794969081878662,0.6558389663696289,0.6895971894264221,-0.030880378559231758,0.6826701164245605,0.67042475938797,0.009654332883656025,0.6779573559761047,0.6262475252151489,-0.01836925931274891,0.6821935176849365,0.6931447982788086,-0.020733505487442017,0.6805359125137329,0.6916719079017639,-0.013782119378447533,0.7141295075416565,0.6747594475746155,0.003286488354206085,0.7112566828727722,0.6403918266296387,-0.026042772457003593,0.7112725973129272,0.7024039626121521,-0.015989523380994797,0.7102524042129517,0.7013332843780518,-0.0005853785551153123,0.7454900145530701,0.680941641330719,-0.005638672970235348,0.7395017147064209,0.6633298397064209,-0.018300792202353477,0.7386817336082458,0.707378625869751,-0.008127003908157349,0.7414823770523071,0.7113997340202332,0.003737418679520488,OPEN
0.7203960418701172,0.8073275685310364,-4.642162139134598e-07,0.6706231832504272,0.8007214069366455,-0.0211044754832983,0.6255437135696411,0.7378458380699158,-0.024920839816331863,0.6136614084243774,0.6655707359313965,-0.028469711542129517,0.6285419464111328,0.6245481371879578,-0.02626926079392433,0.6405357718467712,0.6695077419281006,0.007252211682498455,0.6375667452812195,0.6224495768547058,-0.018401678651571274,0.6458190083503723,0.6796350479125977,-0.02845972590148449,0.64781254529953,0.692588210105896,-0.031611550599336624,0.6745198369026184,0.66741544008255,0.007894763723015785,0.6710971593856812,0.6255562901496887,-0.01864412985742092,0.6731235980987549,0.6949278116226196,-0.02064191736280918,0.6710070967674255,0.6929578185081482,-0.014552284963428974,0.7060645818710327,0.6721218824386597,0.0017120249103754759,0.7040754556655884,0.6389424800872803,-0.02516554296016693,0.7024648785591125,0.7033843994140625,-0.013605223037302494,0.7017968893051147,0.7024728059768677,0.0012764494167640805,0.7377159595489502,0.6771795749664307,-0.006937874015420675,0.7314652800559998,0.6602874994277954,-0.01811923086643219,0.729716420173645,0.7067201733589172,-0.007319512311369181,0.7325183749198914,0.7116597890853882,0.004087718203663826,OPEN
0.7180794477462769,0.8033233880996704,-4.766991992255498e-07,0.6679674983024597,0.7991160154342651,-0.02249167300760746,0.6230259537696838,0.7371927499771118,-0.025861507281661034,0.610808253288269,0.6636314392089844,-0.028341151773929596,0.6257771849632263,0.6208394765853882,-0.02509346231818199,0.636820912361145,0.6695160865783691,0.0061023300513625145,0.6361154317855835,0.6234490275382996,-0.01809743233025074,0.643306314945221,0.6798497438430786,-0.026709290221333504,0.6447933316230774,0.6902676820755005,-0.029309578239917755,0.6714005470275879,0.6672161817550659,0.007895157672464848,0.6685776114463806,0.6262774467468262,-0.018022585660219193,0.6702916026115417,0.6951608657836914,-0.01948096975684166,0.6684105396270752,0.6919494867324829,-0.01309872791171074,0.7033511996269226,0.6713405847549438,0.002849218435585499,0.7029537558555603,0.6390791535377502,-0.024415273219347,0.7011607885360718,0.7032124400138855,-0.013691075146198273,0.7000202536582947,0.7006669044494629,0.0006314963102340698,0.7356202602386475,0.6753743290901184,-0.004645204171538353,0.7307687401771545,0.6612362265586853,-0.016340475529432297,0.7294275164604187,0.7080309391021729,-0.006558635272085667,0.7319044470787048,0.7107589244842529,0.004007310140877962,OPEN
0.7171966433525085,0.8057705163955688,-4.286515036255878e-07,0.6639456152915955,0.793437659740448,-0.022020185366272926,0.6208025217056274,0.7373688817024231,-0.02670104056596756,0.6063217520713806,0.6691799759864807,-0.030965151265263557,0.6204380393028259,0.6264797449111938,-0.02952541410923004,0.635364294052124,0.669308602809906,0.009409706108272076,0.635001540184021,0.6234283447265625,-0.01606590487062931,0.6427724361419678,0.6802272200584412,-0.027112742885947227,0.6436151266098022,0.6943182945251465,-0.031163612380623817,0.6697537899017334,0.6674516797065735,0.009899218566715717,0.6675527095794678,0.6257047653198242,-0.017250070348381996,0.6694022417068481,0.694134533405304,-0.0213725958019495,0.6674668192863464,0.6956230998039246,-0.016660945490002632,0.7015591859817505,0.6724406480789185,0.0034281346015632153,0.7016431093215942,0.6373830437660217,-0.024433191865682602,0.6990633606910706,0.7007966637611389,-0.015092791989445686,0.6971214413642883,0.7020955681800842,-0.001198966521769762,0.7335560321807861,0.6797155737876892,-0.0054915305227041245,0.7303512096405029,0.6618747115135193,-0.01760849915444851,0.7276116609573364,0.7072333097457886,-0.007879871875047684,0.7284960746765137,0.7125783562660217,0.003138644155114889,OPEN
0.7177355289459229,0.8062261343002319,-4.416279750785179e-07,0.6627230644226074,0.7938722372055054,-0.021091612055897713,0.6198146343231201,0.7373213768005371,-0.024748200550675392,0.6068394780158997,0.6687323451042175,-0.027994368225336075,0.6212188601493835,0.6258348226547241,-0.02553933672606945,0.6346743702888489,0.670292854309082,0.010072311386466026,0.6343660950660706,0.62303626537323,-0.014814754016697407,0.6419438719749451,0.6801437139511108,-0.025698652490973473,0.6425231099128723,0.6938135623931885,-0.029800336807966232,0.6693609952926636,0.6684343218803406,0.01063067838549614,0.6672407984733582,0.6261088848114014,-0.016011150553822517,0.6688475012779236,0.6943318247795105,-0.020547468215227127,0.6664433479309082,0.6957588791847229,-0.016391845420002937,0.7013940811157227,0.6729355454444885,0.004431059584021568,0.7012457251548767,0.6373210549354553,-0.022935766726732254,0.6986757516860962,0.7010171413421631,-0.014065946452319622,0.6964563131332397,0.7021868228912354,-0.0007351435488089919,0.7335553169250488,0.6792575716972351,-0.004097618628293276,0.7299792766571045,0.6613964438438416,-0.015799792483448982,0.7273921966552734,0.7071457505226135,-0.006228632293641567,0.7285048961639404,0.7122837901115417,0.004501196555793285,OPEN
0.7062315344810486,0.810223400592804,-4.787533498529228e-07,0.6508234739303589,0.8010804653167725,-0.02146548219025135,0.599547266960144,0.7394373416900635,-0.022525198757648468,0.5847534537315369,0.6666173934936523,-0.022450992837548256,0.6063209772109985,0.6264782547950745,-0.01600579172372818,0.6182105541229248,0.672698438167572,0.012039043940603733,0.6220765709877014,0.6285574436187744,-0.011362551711499691,0.6288869380950928,0.6882643103599548,-0.02171148732304573,0.6243804097175598,0.6957754492759705,-0.02633700706064701,0.653827965259552,0.6699002385139465,0.014218573458492756,0.652604877948761,0.6293661594390869,-0.011113332584500313,0.6559346914291382,0.6990065574645996,-0.014724691398441792,0.651145875453949,0.6955785751342773,-0.010359063744544983,0.6863909363746643,0.6718097925186157,0.009476941078901291,0.6853873133659363,0.6384453177452087,-0.01545011904090643,0.6855270862579346,0.7031076550483704,-0.004948655143380165,0.6835273504257202,0.7010959386825562,0.008712399750947952,0.7192314863204956,0.6737448573112488,0.002181363059207797,0.7133525013923645,0.6554771661758423,-0.006798943039029837,0.7136936783790588,0.7016457319259644,0.003964181058108807,0.7163264155387878,0.7041317224502563,0.014850946143269539,OPEN
0.7034014463424683,0.80330890417099,-4.2543538825157157e-07,0.6490926146507263,0.8023568391799927,-0.028841493651270866,0.5990433692932129,0.7456241250038147,-0.035083699971437454,0.5789363384246826,0.6738846898078918,-0.03901858627796173,0.5922546982765198,0.6268430352210999,-0.03623087704181671,0.6120749115943909,0.6693071722984314,0.0023359244223684072,0.6138508915901184,0.6286603808403015,-0.022949399426579475,0.6218006610870361,0.6876707077026367,-0.03183211013674736,0.6212270855903625,0.6935428380966187,-0.035353951156139374,0.6490424275398254,0.664795994758606,0.006504851393401623,0.6464950442314148,0.6275354027748108,-0.022119231522083282,0.6501571536064148,0.7001954913139343,-0.024136468768119812,0.6478080749511719,0.6929417252540588,-0.017876986414194107,0.6825618147850037,0.6676489114761353,0.0032531293109059334,0.6826478242874146,0.6358532309532166,-0.02628442458808422,0.6820433139801025,0.7028173804283142,-0.014121027663350105,0.6806387305259705,0.6966736316680908,0.0015514031983911991,0.715951144695282,0.6710412502288818,-0.002998019801452756,0.7117829918861389,0.6562532782554626,-0.016366764903068542,0.711044430732727,0.7049451470375061,-0.0060745421797037125,0.7132971882820129,0.7058465480804443,0.005351093132048845,OPEN
0.7006592750549316,0.800701379776001,-4.995848712496809e-07,0.6494194269180298,0.8064967393875122,-0.02588038332760334,0.5965811014175415,0.7474877238273621,-0.030188478529453278,0.5774527788162231,0.670634925365448,-0.0324864536523819,0.588657021522522,0.6230921745300293,-0.028475265949964523,0.6124986410140991,0.6726834177970886,0.00046378051047213376,0.614794135093689,0.6274427175521851,-0.02608657069504261,0.6217464804649353,0.6861039400100708,-0.03527786582708359,0.6210066676139832,0.6962828040122986,-0.03864544257521629,0.6483278274536133,0.6684713959693909,0.0034625735133886337,0.6469871997833252,0.6272568106651306,-0.02534683421254158,0.6506213545799255,0.7010437846183777,-0.02648714929819107,0.6483204364776611,0.6970475316047668,-0.020038584247231483,0.6810890436172485,0.6706388592720032,-0.0006616112077608705,0.6822463274002075,0.6362026929855347,-0.030531981959939003,0.6816138625144958,0.7048600912094116,-0.017472438514232635,0.6799562573432922,0.702095627784729,-0.0016567554557695985,0.7136469483375549,0.6719251275062561,-0.007540430873632431,0.7112938761711121,0.6556418538093567,-0.02188502438366413,0.7113776206970215,0.7056311368942261,-0.011746386997401714,0.7137420177459717,0.7081917524337769,-0.000735584064386785,OPEN
0.694688081741333,0.793741762638092,-4.583363306664978e-07,0.6463047862052917,0.8066902160644531,-0.027058996260166168,0.5925830602645874,0.7492853999137878,-0.03124675527215004,0.5746617317199707,0.6732302904129028,-0.03238505497574806,0.5952929854393005,0.6276296377182007,-0.026704618707299232,0.6004418134689331,0.6606184244155884,0.00012703801621682942,0.606052577495575,0.6272528767585754,-0.02427545376121998,0.6120151281356812,0.6828712224960327,-0.0341942124068737,0.6089258790016174,0.687153160572052,-0.03995814546942711,0.6364402770996094,0.6545994281768799,0.004053743556141853,0.6353463530540466,0.6233702898025513,-0.024529799818992615,0.6405616402626038,0.6950992345809937,-0.028073709458112717,0.6371871829032898,0.6887126564979553,-0.02414863184094429,0.6693063378334045,0.6577444076538086,0.0012296735076233745,0.6708700060844421,0.6309935450553894,-0.026985034346580505,0.6727890968322754,0.699004054069519,-0.014236599206924438,0.6707864999771118,0.6915857195854187,0.0003445548936724663,0.7041582465171814,0.6585406064987183,-0.004506080411374569,0.6997206807136536,0.6471198797225952,-0.0176065806299448,0.7023056745529175,0.6979262232780457,-0.007710540201514959,0.7046719193458557,0.6975472569465637,0.002486529527232051,OPEN
0.6940812468528748,0.789913535118103,-4.6604603198829864e-07,0.6426171064376831,0.7986975312232971,-0.026064511388540268,0.5901117920875549,0.7402247190475464,-0.02882823348045349,0.5746769905090332,0.6677654385566711,-0.028249364346265793,0.5939703583717346,0.6247364282608032,-0.02111077308654785,0.5993145704269409,0.6610425710678101,-0.0005663253832608461,0.606403648853302,0.6232621073722839,-0.024728914722800255,0.6139724254608154,0.6799067854881287,-0.03546804562211037,0.6098001003265381,0.6880468130111694,-0.04149872437119484,0.6352744102478027,0.6552744507789612,0.0035471683368086815,0.6359910368919373,0.6187343001365662,-0.024244805797934532,0.6419333815574646,0.688687801361084,-0.029011521488428116,0.6369547843933105,0.6876322627067566,-0.02630085125565529,0.6684809923171997,0.656745195388794,0.0014579937560483813,0.6713085174560547,0.625603199005127,-0.025802575051784515,0.6730514168739319,0.692147433757782,-0.014372318983078003,0.6689284443855286,0.6900796294212341,-0.0009769836906343699,0.7024873495101929,0.6568576693534851,-0.0033288525883108377,0.6995180249214172,0.6444847583770752,-0.015940815210342407,0.7026769518852234,0.6937267780303955,-0.006082526873797178,0.7032440900802612,0.6942732930183411,0.003926844801753759,OPEN
0.6908659934997559,0.7832221984863281,-4.880780011262686e-07,0.6396062970161438,0.7943518757820129,-0.02302113175392151,0.5858001708984375,0.7357800602912903,-0.024829352274537086,0.5719460248947144,0.660165548324585,-0.024241501465439796,0.5944479703903198,0.6192529201507568,-0.01739656738936901,0.6006041169166565,0.6541857719421387,0.0006256064516492188,0.6043578386306763,0.6195580959320068,-0.023271333426237106,0.6110184788703918,0.6756761074066162,-0.03358279541134834,0.6084625720977783,0.6828309297561646,-0.03947994485497475,0.6364577412605286,0.6495827436447144,0.0029759404715150595,0.6337241530418396,0.616865873336792,-0.024224795401096344,0.6388972401618958,0.6869168877601624,-0.027831345796585083,0.6361573338508606,0.6840423941612244,-0.02454409934580326,0.6686875224113464,0.6526510715484619,-0.0008235307759605348,0.6688621044158936,0.6250734925270081,-0.026832187548279762,0.6697501540184021,0.6906328797340393,-0.014036829583346844,0.6678987145423889,0.6865318417549133,-0.00012129837705288082,0.7023797035217285,0.6538441777229309,-0.0073136622086167336,0.6973339319229126,0.6410658359527588,-0.017879117280244827,0.6993869543075562,0.690055251121521,-0.0067396280355751514,0.702041745185852,0.6907759308815002,0.0036859489046037197,OPEN
0.6872929334640503,0.77098548412323,-4.728125588826515e-07,0.6373417377471924,0.7823428511619568,-0.02170114405453205,0.5825761556625366,0.7257256507873535,-0.024467211216688156,0.5639645457267761,0.6485166549682617,-0.025252390652894974,0.5852320194244385,0.6070927977561951,-0.02002846635878086,0.6002532839775085,0.6470789313316345,0.0005386977572925389,0.6000387668609619,0.605944037437439,-0.02227790653705597,0.6072233319282532,0.662561297416687,-0.03121841885149479,0.6056464314460754,0.6721286177635193,-0.03584008291363716,0.6348003149032593,0.6408822536468506,0.0029341191984713078,0.6298393607139587,0.6047427654266357,-0.021462487056851387,0.6351069808006287,0.6728292107582092,-0.023358318954706192,0.6321853399276733,0.6708006858825684,-0.019401023164391518,0.6663389205932617,0.6425232887268066,-0.00048348907148465514,0.6640849113464355,0.6070919632911682,-0.02455361746251583,0.666433572769165,0.6718155741691589,-0.011344962753355503,0.6657007932662964,0.6714849472045898,0.0024712986778467894,0.6997038125991821,0.6422775983810425,-0.006364294793456793,0.6937972903251648,0.6251734495162964,-0.016891570761799812,0.6966171860694885,0.6727982759475708,-0.006521819159388542,0.6997506022453308,0.6757171154022217,0.0033183933701366186,OPEN
0.687195897102356,0.7689073085784912,-5.262501758807048e-07,0.6359509825706482,0.7800756692886353,-0.020549926906824112,0.5801482796669006,0.7207966446876526,-0.02062799409031868,0.5632068514823914,0.6439544558525085,-0.01864655874669552,0.5844082236289978,0.6060488224029541,-0.010162835009396076,0.5983324646949768,0.641365110874176,0.00501456530764699,0.6016091108322144,0.6012517809867859,-0.017994588240981102,0.60829097032547,0.6589965224266052,-0.027920376509428024,0.6041808724403381,0.667258620262146,-0.033201538026332855,0.6342160105705261,0.6377069354057312,0.007417094428092241,0.6319178342819214,0.5994565486907959,-0.017705539241433144,0.6362797021865845,0.6692436337471008,-0.02091882936656475,0.6307467818260193,0.6667906045913696,-0.017651231959462166,0.6659769415855408,0.6395837068557739,0.0037886633072048426,0.665850043296814,0.6040154695510864,-0.02061977982521057,0.6665688753128052,0.6696792840957642,-0.008200209587812424,0.6637408137321472,0.668187141418457,0.005260891746729612,0.6991948485374451,0.638107419013977,-0.0022555759642273188,0.6953923106193542,0.6201013922691345,-0.01216932199895382,0.6977620720863342,0.6688823103904724,-0.001671931822784245,0.6996623277664185,0.6711861491203308,0.008152990601956844,OPEN
0.6868210434913635,0.7725486755371094,-4.799609314432018e-07,0.6346547603607178,0.7739773392677307,-0.022835761308670044,0.5815311670303345,0.7167587280273438,-0.025936510413885117,0.5650693774223328,0.6432938575744629,-0.027285810559988022,0.5868399143218994,0.601796567440033,-0.02234930731356144,0.6009703874588013,0.639201283454895,0.004298993851989508,0.6006172299385071,0.6009426116943359,-0.01964804157614708,0.6084891557693481,0.6582634449005127,-0.02954585663974285,0.6056894063949585,0.6634836196899414,-0.034543395042419434,0.6363258957862854,0.6343641877174377,0.0064836605452001095,0.6317464709281921,0.5966885685920715,-0.01951514557003975,0.6374639868736267,0.6666203141212463,-0.021625204011797905,0.6344781517982483,0.6625163555145264,-0.01661468856036663,0.6684284210205078,0.6362043619155884,0.002115147188305855,0.66600102186203,0.602159321308136,-0.023792464286088943,0.667751669883728,0.6675141453742981,-0.0112716443836689,0.6669154167175293,0.6645545363426208,0.0035360429901629686,0.7019293904304504,0.6370788216590881,-0.00484337517991662,0.6949090361595154,0.6195763349533081,-0.015592174604535103,0.6962357759475708,0.6666209101676941,-0.004607712384313345,0.6994967460632324,0.6677631139755249,0.0064845820888876915,OPEN
0.6950280070304871,0.7726033926010132,-4.5404235038404295e-07,0.6429221034049988,0.7694623470306396,-0.025973321869969368,0.5924929976463318,0.7130488753318787,-0.029424259439110756,0.5728765726089478,0.6437553763389587,-0.030835648998618126,0.5892965197563171,0.6016725301742554,-0.025446448475122452,0.6052674651145935,0.6388256549835205,0.009563369676470757,0.6092978119850159,0.5976182818412781,-0.01492577139288187,0.6158542633056641,0.6542956233024597,-0.02604323998093605,0.611289381980896,0.6604845523834229,-0.031098809093236923,0.6411600708961487,0.6342278718948364,0.013710908591747284,0.6412017345428467,0.5951434373855591,-0.01301034726202488,0.6445112824440002,0.6642051935195923,-0.016943054273724556,0.6383574604988098,0.6581582427024841,-0.012442365288734436,0.6738853454589844,0.6353764533996582,0.010511169210076332,0.6748605370521545,0.601963222026825,-0.016946205869317055,0.6745421290397644,0.6661015748977661,-0.0069039566442370415,0.6719397306442261,0.6624500751495361,0.007014913484454155,0.7077106237411499,0.6349560022354126,0.004572875332087278,0.7038620710372925,0.617497444152832,-0.006580975838005543,0.7037230730056763,0.6644037961959839,0.0035517262294888496,0.7057913541793823,0.6652385592460632,0.014438892714679241,OPEN
0.7035654187202454,0.77092444896698,-4.725611120193207e-07,0.6508740186691284,0.7712712287902832,-0.02320799045264721,0.5958762168884277,0.7116276621818542,-0.025399863719940186,0.5774202346801758,0.6389197111129761,-0.02624683827161789,0.6022090315818787,0.6019716262817383,-0.02090325392782688,0.6137738227844238,0.6395628452301025,0.008230500854551792,0.616631805896759,0.5945225954055786,-0.015428906306624413,0.6243681907653809,0.6520858407020569,-0.025001749396324158,0.6212517023086548,0.6629413962364197,-0.029212674126029015,0.6492176651954651,0.6358065605163574,0.01047403272241354,0.6486687064170837,0.5934471487998962,-0.01604885421693325,0.6538555026054382,0.6623989939689636,-0.01933910697698593,0.6480348706245422,0.6625462770462036,-0.014576025307178497,0.6815035343170166,0.6373664736747742,0.005909076891839504,0.6833001971244812,0.6022147536277771,-0.020556772127747536,0.685023307800293,0.6667234897613525,-0.009649627842009068,0.6805000305175781,0.6665260791778564,0.004408372100442648,0.7150519490242004,0.6378249526023865,-0.0012232953449711204,0.7119495272636414,0.617810845375061,-0.011826793663203716,0.7149481177330017,0.6650216579437256,-0.0011609159409999847,0.7164943814277649,0.6686800122261047,0.009676224552094936,OPEN
0.7028619647026062,0.7745660543441772,-4.7576685346939485e-07,0.6515368223190308,0.7712993621826172,-0.023304101079702377,0.598186194896698,0.7119235992431641,-0.025146253407001495,0.580274760723114,0.6390897035598755,-0.025558263063430786,0.6032082438468933,0.6023867726325989,-0.019802965223789215,0.6146014332771301,0.6397395133972168,0.008415346033871174,0.6169796586036682,0.5957267880439758,-0.015319444239139557,0.6248990893363953,0.6538432240486145,-0.025087986141443253,0.6210706233978271,0.6611418128013611,-0.029564274474978447,0.6514806151390076,0.6362905502319336,0.010855400003492832,0.649146556854248,0.5938329696655273,-0.014939290471374989,0.6541467905044556,0.6642218232154846,-0.017667168751358986,0.6484870910644531,0.6604723334312439,-0.01270025223493576,0.6845768094062805,0.6380530595779419,0.006331044249236584,0.6833494901657104,0.601764976978302,-0.01944177784025669,0.6844143271446228,0.6672218441963196,-0.008274995721876621,0.6808084845542908,0.6641112565994263,0.005687926430255175,0.7173910140991211,0.6388229727745056,-0.0008814381435513496,0.7123498320579529,0.6209492087364197,-0.01099773682653904,0.7136498093605042,0.6687090396881104,-0.00043992645805701613,0.7155925035476685,0.670319676399231,0.010165533050894737,OPEN
0.6982327103614807,0.7779954075813293,-4.7490513566117443e-07,0.6461473703384399,0.769790530204773,-0.0209369920194149,0.592117428779602,0.712348222732544,-0.022714605554938316,0.576061487197876,0.6416056752204895,-0.023855265229940414,0.5994753837585449,0.6053370833396912,-0.018895801156759262,0.6119636297225952,0.6410788893699646,0.010685911402106285,0.6134432554244995,0.5999225378036499,-0.012453647330403328,0.6206867098808289,0.6577645540237427,-0.021902238950133324,0.6174736618995667,0.6625980138778687,-0.026303404942154884,0.6479852199554443,0.6379984617233276,0.011449531652033329,0.645616352558136,0.5985735058784485,-0.01402956061065197,0.6496440768241882,0.66802579164505,-0.0167112797498703,0.6450181007385254,0.6616063714027405,-0.011772075667977333,0.6809967160224915,0.6393828988075256,0.005333947483450174,0.6795681715011597,0.6070022583007812,-0.02004496566951275,0.6799603700637817,0.6718783378601074,-0.009256729856133461,0.6775459051132202,0.666387677192688,0.004449449945241213,0.7141252756118774,0.6406875252723694,-0.0033051741775125265,0.7083408236503601,0.6258559823036194,-0.013007019646465778,0.7082729935646057,0.6728008389472961,-0.002593414159491658,0.7110838294029236,0.672914981842041,0.007884207181632519,FIST
0.6947296857833862,0.781304121017456,-4.507926689711894e-07,0.6394587755203247,0.773253321647644,-0.024491166695952415,0.5872755646705627,0.7159867882728577,-0.027301901951432228,0.5704720616340637,0.64556485414505,-0.028379162773489952,0.593226969242096,0.606827437877655,-0.02290271781384945,0.6044417023658752,0.6457147002220154,0.009226790629327297,0.605602502822876,0.6049185395240784,-0.014692944474518299,0.6136385202407837,0.6638332009315491,-0.024888236075639725,0.6100444197654724,0.6672077178955078,-0.02960995025932789,0.6408615112304688,0.6414214968681335,0.012250387109816074,0.6372947096824646,0.6011360883712769,-0.014317341148853302,0.6421452164649963,0.6714523434638977,-0.017323307693004608,0.6383945345878601,0.6653887033462524,-0.012054798193275928,0.6739842891693115,0.6419726610183716,0.008046844974160194,0.6716449856758118,0.60756915807724,-0.01894092746078968,0.6729879975318909,0.6730791926383972,-0.008471215143799782,0.671880841255188,0.6679621934890747,0.005892538465559483,0.7072975039482117,0.6427732706069946,0.0011176221305504441,0.7017998695373535,0.6261363625526428,-0.009670279920101166,0.7018216252326965,0.6738868951797485,0.00035694160033017397,0.7047752141952515,0.6748587489128113,0.011126970872282982,FIST
0.6943025588989258,0.7821124196052551,-4.6531278030670364e-07,0.6395317316055298,0.7771604657173157,-0.02234610542654991,0.5872840881347656,0.7206094264984131,-0.024589315056800842,0.5711082816123962,0.6476427912712097,-0.02564890682697296,0.5933880805969238,0.6078716516494751,-0.020182795822620392,0.6032241582870483,0.6466023921966553,0.010513338260352612,0.6043018102645874,0.6055223941802979,-0.01312941126525402,0.6120113134384155,0.6638443470001221,-0.023047711700201035,0.608727216720581,0.668588399887085,-0.027601514011621475,0.6390097737312317,0.6422193050384521,0.012430493719875813,0.6362889409065247,0.6034072041511536,-0.013378150761127472,0.6407793164253235,0.6743481755256653,-0.016253434121608734,0.6356481313705444,0.6677252650260925,-0.0112601974979043,0.6715444326400757,0.6423611044883728,0.007346422411501408,0.6700050234794617,0.6093208193778992,-0.018232382833957672,0.6712468266487122,0.6754143834114075,-0.00711876479908824,0.6687840223312378,0.6699475049972534,0.007016169838607311,0.7049766182899475,0.6417807340621948,-0.00040599939529784024,0.6994478702545166,0.6266433596611023,-0.010237586684525013,0.7001540660858154,0.6747422814369202,0.00044079346116632223,0.7028685808181763,0.6751744747161865,0.011483672074973583,FIST
0.6919845938682556,0.7779233455657959,-5.073283091405756e-07,0.6410606503486633,0.7839674353599548,-0.02261979505419731,0.5841622948646545,0.724861204624176,-0.02443237230181694,0.5689424276351929,0.6469047665596008,-0.024672210216522217,0.5939666628837585,0.6073400378227234,-0.018541879951953888,0.6015050411224365,0.6455761194229126,0.005698450841009617,0.601252555847168,0.6062171459197998,-0.018102679401636124,0.608617901802063,0.6645687818527222,-0.027863655239343643,0.6071475148200989,0.6710723638534546,-0.03274624049663544,0.637072741985321,0.6406604051589966,0.008132586255669594,0.6333433389663696,0.6035481095314026,-0.017632197588682175,0.6388013958930969,0.6753877401351929,-0.019915655255317688,0.6345513463020325,0.6711642742156982,-0.015027369372546673,0.6694364547729492,0.6415508985519409,0.003941849805414677,0.6676421165466309,0.6080318093299866,-0.021236667409539223,0.6702396869659424,0.6756560206413269,-0.008466193452477455,0.6683887243270874,0.6717625260353088,0.0060087270103394985,0.7029687166213989,0.6405792236328125,-0.002950342372059822,0.6967498660087585,0.6263320446014404,-0.013856013305485249,0.6996514797210693,0.6762120127677917,-0.0033306865952908993,0.7027689814567566,0.6767147779464722,0.0072884997352957726,FIST
0.6897164583206177,0.7767037749290466,-5.114404189043853e-07,0.6392921805381775,0.7846274375915527,-0.02345992438495159,0.5828335285186768,0.7237886786460876,-0.02491571009159088,0.5662059187889099,0.6472310423851013,-0.024139976128935814,0.5915345549583435,0.610350489616394,-0.016846686601638794,0.5995057225227356,0.6458751559257507,0.0033573058899492025,0.6018893718719482,0.606052815914154,-0.020494716241955757,0.6085080504417419,0.6638911962509155,-0.030689576640725136,0.604450523853302,0.6699808239936829,-0.03647929057478905,0.6358925104141235,0.6414355039596558,0.0063921427354216576,0.6327043771743774,0.6026639938354492,-0.019729238003492355,0.6378446221351624,0.6752134561538696,-0.022735480219125748,0.6320733428001404,0.6711807250976562,-0.01897042989730835,0.6682564616203308,0.6428393721580505,0.002999480813741684,0.6672003865242004,0.6068613529205322,-0.021718017756938934,0.6688815355300903,0.6758527159690857,-0.008507340215146542,0.6658195853233337,0.6723307371139526,0.005497216247022152,0.7018964886665344,0.6409721374511719,-0.003212234005331993,0.6967683434486389,0.626263439655304,-0.013609915040433407,0.699580729007721,0.676770031452179,-0.0029960519168525934,0.70156329870224,0.676770806312561,0.007011596113443375,FIST
0.6901723146438599,0.7776473760604858,-5.269005214358913e-07,0.6401396989822388,0.7891913652420044,-0.022825200110673904,0.584180474281311,0.7264578938484192,-0.023294929414987564,0.568485677242279,0.6478911638259888,-0.02129719965159893,0.593267023563385,0.6091781258583069,-0.01262663584202528,0.5993788242340088,0.645304262638092,0.004320387262851,0.6026229858398438,0.6089766025543213,-0.018224360421299934,0.6092178821563721,0.6666740775108337,-0.028446882963180542,0.6045455932617188,0.6693267822265625,-0.03510470315814018,0.6352742314338684,0.639794111251831,0.007473328150808811,0.6324875354766846,0.6042124629020691,-0.017927732318639755,0.6372902989387512,0.6764065027236938,-0.021412646397948265,0.6312365531921387,0.6702760457992554,-0.018551845103502274,0.6669028401374817,0.6414381265640259,0.004325270652770996,0.666172444820404,0.6079098582267761,-0.019594039767980576,0.6674326062202454,0.6764770150184631,-0.006630156189203262,0.6648865938186646,0.6710442900657654,0.006645803339779377,0.7008594870567322,0.6388943791389465,-0.0016743585001677275,0.6959514021873474,0.6250673532485962,-0.011901501566171646,0.6984202861785889,0.6756708025932312,-0.0019550996366888285,0.7006567120552063,0.6749654412269592,0.007248367182910442,FIST
0.6883229613304138,0.7752838134765625,-5.201108592700621e-07,0.6384667158126831,0.7871240377426147,-0.022654259577393532,0.5841621160507202,0.7257696986198425,-0.024480976164340973,0.5695266723632812,0.6476279497146606,-0.02398885227739811,0.5938355326652527,0.6065552830696106,-0.01722683198750019,0.6023160219192505,0.6442539691925049,0.0008597358246333897,0.603617787361145,0.6088188886642456,-0.022664785385131836,0.6097961068153381,0.6654465198516846,-0.032980941236019135,0.6080330610275269,0.6709347367286682,-0.03932211175560951,0.6374576091766357,0.6391772627830505,0.0030797922518104315,0.6335036754608154,0.6048642992973328,-0.022774720564484596,0.6379430890083313,0.6752402782440186,-0.025865823030471802,0.6353104710578918,0.6719881892204285,-0.02273465134203434,0.6689519882202148,0.6415891051292419,-0.000814307015389204,0.6679549813270569,0.610172688961029,-0.025569571182131767,0.6685735583305359,0.677236795425415,-0.012356078252196312,0.6670454144477844,0.6732937097549438,0.0013014314463362098,0.7027066946029663,0.6415804028511047,-0.007452830672264099,0.6967641711235046,0.6273190975189209,-0.01845686137676239,0.6986227631568909,0.677375853061676,-0.008092205040156841,0.7013053297996521,0.6782839298248291,0.0016276778187602758,FIST
0.6942157745361328,0.7769880890846252,-4.945064802086563e-07,0.6431949734687805,0.7886614203453064,-0.025628717616200447,0.5859629511833191,0.7256955504417419,-0.0271052997559309,0.5696337223052979,0.6501569151878357,-0.025227226316928864,0.5915768146514893,0.6098644733428955,-0.016543954610824585,0.6011521816253662,0.6469302177429199,0.0008250981336459517,0.6061396598815918,0.6081629395484924,-0.021944664418697357,0.6125749945640564,0.6654003858566284,-0.03158656880259514,0.60760098695755,0.671369194984436,-0.037252623587846756,0.6368076801300049,0.6416719555854797,0.0054818433709442616,0.6360968351364136,0.6042735576629639,-0.01980653591454029,0.6411921381950378,0.6750271916389465,-0.02277522347867489,0.6347347497940063,0.6713504791259766,-0.019297584891319275,0.668972909450531,0.6435789465904236,0.0037898763548582792,0.6711680889129639,0.6098540425300598,-0.021078430116176605,0.6724109053611755,0.6766091585159302,-0.00869622454047203,0.668096125125885,0.6736811995506287,0.004568446893244982,0.7031974196434021,0.6425963044166565,-0.0007108428981155157,0.6996965408325195,0.6266611814498901,-0.01211481261998415,0.7030872702598572,0.6762086749076843,-0.0023118462413549423,0.7044486403465271,0.6769354939460754,0.007150544784963131,FIST
0.6938073039054871,0.7790684700012207,-4.924183940602234e-07,0.643664538860321,0.7863416075706482,-0.024093350395560265,0.5874382257461548,0.7259976267814636,-0.025345999747514725,0.571164071559906,0.6490734219551086,-0.024094680324196815,0.5960382223129272,0.6089836955070496,-0.01630977913737297,0.603297770023346,0.6487417221069336,0.004465299192816019,0.6054789423942566,0.6104477643966675,-0.017999857664108276,0.6127334237098694,0.667249321937561,-0.02736063487827778,0.6093360781669617,0.6719545125961304,-0.03259870037436485,0.6394488215446472,0.6433068513870239,0.008369478397071362,0.6364380121231079,0.6047003865242004,-0.0160765890032053,0.6421847939491272,0.6769393086433411,-0.0177389457821846,0.6373057961463928,0.6725099086761475,-0.013019911013543606,0.6716923713684082,0.6448967456817627,0.005654366221278906,0.6718330979347229,0.6096655130386353,-0.01849786378443241,0.6729461550712585,0.6777500510215759,-0.005550040863454342,0.6706975698471069,0.6746658682823181,0.008463460952043533,0.7054047584533691,0.6434879899024963,0.0001315104018431157,0.7006644606590271,0.6278151869773865,-0.010215961374342442,0.7023972868919373,0.6777005791664124,0.00016765351756475866,0.7047522664070129,0.6779475212097168,0.010175634175539017,FIST
0.6946845054626465,0.7802020311355591,-5.061897923042125e-07,0.6468346118927002,0.7888628244400024,-0.025080310180783272,0.5913911461830139,0.7272531390190125,-0.026553714647889137,0.574126124382019,0.6519982218742371,-0.025190170854330063,0.5962892770767212,0.6111882328987122,-0.01730354130268097,0.6039565205574036,0.6494948267936707,0.002282744273543358,0.6078917384147644,0.6106833815574646,-0.02074412629008293,0.6151661276817322,0.6674697995185852,-0.030310509726405144,0.6108688116073608,0.6723352074623108,-0.035626672208309174,0.6396191120147705,0.6439205408096313,0.006626248825341463,0.6381569504737854,0.6066626310348511,-0.018771585077047348,0.6433642506599426,0.6774921417236328,-0.02130028046667576,0.6370623707771301,0.6724519729614258,-0.017137672752141953,0.6717017292976379,0.6450273990631104,0.004436159040778875,0.6725232005119324,0.6118806004524231,-0.020658180117607117,0.6737831830978394,0.6789499521255493,-0.008312312886118889,0.6700677871704102,0.6751634478569031,0.005294141825288534,0.7052295207977295,0.6431955099105835,-0.0005541735445149243,0.7011132836341858,0.6280040740966797,-0.012044575065374374,0.7040044069290161,0.6777584552764893,-0.0023306652437895536,0.70607990026474,0.6781730055809021,0.007300704717636108,FIST
0.6934009790420532,0.7788441181182861,-5.229472321843787e-07,0.6416428089141846,0.7844730615615845,-0.020661521703004837,0.5876242518424988,0.7247528433799744,-0.021091599017381668,0.575119137763977,0.6479610800743103,-0.01988302543759346,0.6018064618110657,0.610310971736908,-0.01250450499355793,0.6079020500183105,0.6506737470626831,0.004613949451595545,0.6088809370994568,0.6107524037361145,-0.01861594431102276,0.6145347356796265,0.668009877204895,-0.028459792956709862,0.6122890710830688,0.6757922172546387,-0.03364766016602516,0.6428637504577637,0.6462185382843018,0.006446391344070435,0.6394327878952026,0.6080408096313477,-0.01866508275270462,0.643500804901123,0.6787756681442261,-0.020932480692863464,0.6401826739311218,0.6772796511650085,-0.016800496727228165,0.6746387481689453,0.647912859916687,0.002140417695045471,0.6734639406204224,0.6118886470794678,-0.02259202115237713,0.6742486953735352,0.6793510317802429,-0.009429393336176872,0.6735647916793823,0.6797648072242737,0.00486330222338438,0.7084391713142395,0.6480532288551331,-0.004716089926660061,0.7029737830162048,0.6310622096061707,-0.01541057974100113,0.7042021751403809,0.680820882320404,-0.0045402864925563335,0.707264244556427,0.68379807472229,0.005902775097638369,FIST
0.6961264610290527,0.7776950001716614,-5.082407028567104e-07,0.6448208689689636,0.7904751896858215,-0.02308979444205761,0.5893081426620483,0.7289627194404602,-0.024328915402293205,0.5751132369041443,0.6524887084960938,-0.022714797407388687,0.6003332734107971,0.6143918633460999,-0.014592539519071579,0.606495201587677,0.6492658853530884,5.642996620736085e-05,0.6123085021972656,0.6111393570899963,-0.022478686645627022,0.6169432401657104,0.6681545376777649,-0.03176207095384598,0.6119303107261658,0.6746046543121338,-0.0376754105091095,0.6413884162902832,0.6442517638206482,0.002865660935640335,0.6416998505592346,0.6084951162338257,-0.023203587159514427,0.6453174948692322,0.679278552532196,-0.026684286072850227,0.639465868473053,0.676367998123169,-0.023992838338017464,0.6728126406669617,0.646583616733551,-0.00016062092618085444,0.6758014559745789,0.6144139170646667,-0.02518310397863388,0.6765614748001099,0.6823765635490417,-0.012331738136708736,0.6725868582725525,0.6794561743736267,0.0008537049870938063,0.7068180441856384,0.6460846066474915,-0.005850899964570999,0.7038658261299133,0.6326808929443359,-0.01756191998720169,0.7072544693946838,0.6832172274589539,-0.007821755483746529,0.7085933685302734,0.6835655570030212,0.0012852170038968325,FIST
0.6952093839645386,0.7796497344970703,-4.969486440131732e-07,0.6436331272125244,0.7878326177597046,-0.02216176874935627,0.5881870985031128,0.7268489003181458,-0.022640952840447426,0.5745258331298828,0.6505814790725708,-0.02087402157485485,0.6008354425430298,0.6128004789352417,-0.012826548889279366,0.6083202362060547,0.6528125405311584,0.0038572894409298897,0.6089709401130676,0.6134982705116272,-0.01747838594019413,0.6156201362609863,0.6696325540542603,-0.026817815378308296,0.6143608093261719,0.6778752207756042,-0.0324113704264164,0.6440380215644836,0.6466169357299805,0.0072705443017184734,0.6389296054840088,0.6089012622833252,-0.016273176297545433,0.6435445547103882,0.6786629557609558,-0.018778253346681595,0.6408467888832092,0.6792348027229309,-0.015435379929840565,0.6753311157226562,0.648603081703186,0.004672739654779434,0.6733799576759338,0.612350583076477,-0.017573902383446693,0.6745637059211731,0.679038941860199,-0.0038779007736593485,0.6747153401374817,0.6814582347869873,0.00991564616560936,0.7088780999183655,0.6487268209457397,-0.0006736093782819808,0.7023860216140747,0.6314100623130798,-0.00957472249865532,0.7042754888534546,0.6801408529281616,0.001354528358206153,0.7075566053390503,0.6836114525794983,0.011219971813261509,FIST
0.6958065032958984,0.7816855907440186,-5.11387042934075e-07,0.6441149115562439,0.7899580597877502,-0.023442639037966728,0.5891317129135132,0.7290927171707153,-0.024696331471204758,0.5762035846710205,0.6539412140846252,-0.023357156664133072,0.5976731777191162,0.6155792474746704,-0.01580624468624592,0.6086569428443909,0.65557861328125,0.0005514204385690391,0.6127233505249023,0.6127400398254395,-0.023435078561306,0.6186981797218323,0.6694824695587158,-0.033060021698474884,0.6146805286407471,0.6798438429832458,-0.03757265955209732,0.6442819833755493,0.6510100960731506,0.004080644808709621,0.643345057964325,0.6112402677536011,-0.021714188158512115,0.6472954750061035,0.681283712387085,-0.024345874786376953,0.6414352059364319,0.6806075572967529,-0.02023530751466751,0.6760657429695129,0.6516047716140747,0.0014307033270597458,0.6774498820304871,0.6164433360099792,-0.024120209738612175,0.6781187057495117,0.6831557750701904,-0.011672534979879856,0.6741862893104553,0.6833521127700806,0.002227179240435362,0.7088651061058044,0.6499073505401611,-0.0037712231278419495,0.7055529356002808,0.6337515115737915,-0.015078685246407986,0.7081783413887024,0.6827301979064941,-0.004741308744996786,0.7097300291061401,0.6846141815185547,0.005344077944755554,FIST
0.6961740851402283,0.7828682661056519,-5.03058515732846e-07,0.6433938145637512,0.7874030470848083,-0.021714992821216583,0.5888739228248596,0.7281988859176636,-0.022721821442246437,0.5756984353065491,0.6538292169570923,-0.021450689062476158,0.6004883050918579,0.6170617938041687,-0.013862185180187225,0.6096206307411194,0.6540437936782837,0.0022189426235854626,0.6149987578392029,0.6144222617149353,-0.020259113982319832,0.6192224025726318,0.6712480187416077,-0.02910655550658703,0.6130273938179016,0.6781582236289978,-0.03396447375416756,0.6446486115455627,0.6497291922569275,0.004413271322846413,0.6446035504341125,0.6127532720565796,-0.020795494318008423,0.6480202674865723,0.6825864315032959,-0.02309650555253029,0.6423659920692444,0.6802234053611755,-0.019179530441761017,0.6763191819190979,0.6514171957969666,0.0006589493132196367,0.677841067314148,0.6182564496994019,-0.023603741079568863,0.678607702255249,0.6844162344932556,-0.01042872667312622,0.6752855181694031,0.6832653284072876,0.0034886710345745087,0.7096604108810425,0.651920735836029,-0.0056703039444983006,0.705544114112854,0.6355910897254944,-0.016166826710104942,0.7077351212501526,0.6844321489334106,-0.005298118107020855,0.7096651792526245,0.6863632798194885,0.004971620626747608,FIST
0.6967579126358032,0.7807928919792175,-5.071164537184814e-07,0.6456106901168823,0.7916786670684814,-0.02362721972167492,0.5906415581703186,0.7326439619064331,-0.0255895908921957,0.5757549405097961,0.6574100852012634,-0.024981452152132988,0.5980075597763062,0.6187485456466675,-0.01813199184834957,0.6089985370635986,0.653323769569397,0.0004465655074454844,0.613146185874939,0.6149691343307495,-0.023342758417129517,0.6183517575263977,0.6722182035446167,-0.03322649747133255,0.6136598587036133,0.6800829172134399,-0.038398824632167816,0.6439421772956848,0.6494211554527283,0.0033617625012993813,0.642676055431366,0.6134306788444519,-0.022861549630761147,0.6462409496307373,0.6828763484954834,-0.025810932740569115,0.6411918997764587,0.6804580092430115,-0.02198462001979351,0.6753675937652588,0.6514488458633423,5.284845974529162e-05,0.6765555143356323,0.6196486949920654,-0.02565811388194561,0.6768579483032227,0.6855617165565491,-0.013415589928627014,0.6736048460006714,0.6833755970001221,0.00017047612345777452,0.7083637714385986,0.651149332523346,-0.005916278809309006,0.7053802013397217,0.6366350054740906,-0.017277536913752556,0.7075348496437073,0.685382068157196,-0.007138196844607592,0.7091643214225769,0.6866791248321533,0.002676292322576046,FIST
0.6960612535476685,0.7816721796989441,-5.061751267021464e-07,0.6426616907119751,0.7855518460273743,-0.02174919843673706,0.5893770456314087,0.7269356846809387,-0.021712446585297585,0.5766613483428955,0.6542385816574097,-0.01940236985683441,0.5981751680374146,0.6159149408340454,-0.011080100201070309,0.6077709197998047,0.6569229960441589,0.004427285864949226,0.6121617555618286,0.6168041229248047,-0.01843055710196495,0.6182361245155334,0.6735552549362183,-0.028476683422923088,0.6141383647918701,0.682138204574585,-0.03352959081530571,0.6435853242874146,0.651421070098877,0.007485950831323862,0.6421319246292114,0.6127009391784668,-0.01749175414443016,0.6465083360671997,0.6815920472145081,-0.020556261762976646,0.6421403288841248,0.6812461018562317,-0.016771571710705757,0.6756978034973145,0.6520702838897705,0.004395787138491869,0.6764929294586182,0.6175584197044373,-0.02067442052066326,0.6769444942474365,0.6834352612495422,-0.009242761880159378,0.6749532222747803,0.6847814917564392,0.004138224292546511,0.7085046768188477,0.6519094705581665,-0.0011331416899338365,0.7052342891693115,0.6343536376953125,-0.012119627557694912,0.7066503763198853,0.6830500364303589,-0.002146529033780098,0.7085526585578918,0.6869468092918396,0.007746669929474592,FIST
0.6950705051422119,0.7815072536468506,-5.449753643915756e-07,0.6414520740509033,0.7920494079589844,-0.01979972794651985,0.5887047052383423,0.7292099595069885,-0.018971558660268784,0.5775289535522461,0.6514585018157959,-0.015744099393486977,0.600159764289856,0.6143357157707214,-0.006294344551861286,0.6096699833869934,0.6565539240837097,0.0011225735070183873,0.6128913760185242,0.6164811253547668,-0.0219939723610878,0.61751389503479,0.6749045252799988,-0.03154214844107628,0.6138554215431213,0.6846593022346497,-0.03661464899778366,0.6452800035476685,0.6519961357116699,0.0036099166609346867,0.642187237739563,0.6136464476585388,-0.0216233991086483,0.6451427340507507,0.6842781901359558,-0.023983657360076904,0.6413902640342712,0.6834536790847778,-0.020540999248623848,0.6766008734703064,0.6545689105987549,0.00048344183596782386,0.6766085624694824,0.6193220019340515,-0.023621687665581703,0.6757773160934448,0.6862602233886719,-0.009897924028337002,0.6744343042373657,0.6870473623275757,0.003991993144154549,0.7094725966453552,0.6544334888458252,-0.00505713140591979,0.705653965473175,0.6359833478927612,-0.01525714062154293,0.7066043615341187,0.6858787536621094,-0.004560507368296385,0.7087575197219849,0.6897189617156982,0.005094011779874563,FIST
0.6973126530647278,0.7820332050323486,-5.034289642935619e-07,0.6454982161521912,0.7927667498588562,-0.021282527595758438,0.5914962887763977,0.7320088148117065,-0.021867061033844948,0.5769206285476685,0.6566652655601501,-0.01987873762845993,0.5989759564399719,0.617031991481781,-0.011525663547217846,0.6093799471855164,0.6560274362564087,0.0015584263019263744,0.6155996918678284,0.6169280409812927,-0.02054494060575962,0.6192680597305298,0.6726238131523132,-0.030190017074346542,0.613806426525116,0.6798453330993652,-0.036206599324941635,0.643823504447937,0.650855302810669,0.004093185532838106,0.643042266368866,0.6142174005508423,-0.021825211122632027,0.6455681324005127,0.6818231344223022,-0.026258699595928192,0.640535295009613,0.6805911660194397,-0.024536974728107452,0.6749932765960693,0.6528198719024658,0.0011230690870434046,0.675997257232666,0.6187741756439209,-0.023018300533294678,0.6760232448577881,0.6836785078048706,-0.010071679949760437,0.6735033988952637,0.6831424832344055,0.0030044224113225937,0.7088755369186401,0.6520686745643616,-0.0043501099571585655,0.7041060328483582,0.6351439356803894,-0.014364266768097878,0.7068920135498047,0.6838187575340271,-0.0035567644517868757,0.7087550163269043,0.6862673163414001,0.00606576818972826,FIST
0.6952998042106628,0.7800922989845276,-5.05973957842798e-07,0.6423684358596802,0.7901026606559753,-0.021085655316710472,0.5887994170188904,0.730439305305481,-0.021074624732136726,0.5756344795227051,0.6555448770523071,-0.018699293956160545,0.5980879068374634,0.6179158091545105,-0.009958554059267044,0.6074337959289551,0.6537998914718628,0.0026816974859684706,0.6113011837005615,0.6167799830436707,-0.020316237583756447,0.6165570616722107,0.6730937361717224,-0.030341923236846924,0.612604558467865,0.6808054447174072,-0.035879746079444885,0.6434527635574341,0.6494525671005249,0.005132667254656553,0.6407006978988647,0.6127845048904419,-0.020788678899407387,0.6440107822418213,0.6819575428962708,-0.02427060529589653,0.6399832367897034,0.6802670359611511,-0.021160608157515526,0.674972653388977,0.651757001876831,0.0017311811679974198,0.6751698851585388,0.6183497905731201,-0.02317669242620468,0.6747375130653381,0.6837453842163086,-0.010473943315446377,0.6732794046401978,0.6829296350479126,0.003248932771384716,0.7084111571311951,0.6514201760292053,-0.004164694808423519,0.7042643427848816,0.6334834694862366,-0.014643603004515171,0.7056251764297485,0.682513415813446,-0.003891387954354286,0.7080263495445251,0.6858015060424805,0.006220128852874041,FIST
0.6965137720108032,0.7793005704879761,-4.983042458661657e-07,0.6457424163818359,0.7917734384536743,-0.022903716191649437,0.5903587937355042,0.7331916093826294,-0.0238446444272995,0.5750952959060669,0.6572524309158325,-0.022081946954131126,0.5991531610488892,0.6185609102249146,-0.013924277387559414,0.6075826287269592,0.654392659664154,0.001870213309302926,0.6121720671653748,0.6183275580406189,-0.020300723612308502,0.6169724464416504,0.6744447946548462,-0.029973693192005157,0.6117637157440186,0.6794915795326233,-0.03611409291625023,0.6426812410354614,0.6490850448608398,0.004880495369434357,0.6406601667404175,0.6136088371276855,-0.021099863573908806,0.6444624066352844,0.6827460527420044,-0.024982022121548653,0.6396085619926453,0.6798070669174194,-0.022515293210744858,0.6739814281463623,0.6509196162223816,0.0019744103774428368,0.6748811602592468,0.6179238557815552,-0.022813497111201286,0.6751656532287598,0.6839690804481506,-0.01016173791140318,0.6722885966300964,0.6818593740463257,0.003039392177015543,0.707633912563324,0.6500542759895325,-0.0036164866760373116,0.7035756707191467,0.6347764134407043,-0.014748076908290386,0.7061359882354736,0.6838337182998657,-0.00473023159429431,0.7078478932380676,0.6856411099433899,0.004604657646268606,FIST
0.6967746615409851,0.7795915603637695,-5.088651846563153e-07,0.6453853845596313,0.7921279072761536,-0.021916862577199936,0.5901899337768555,0.7321633100509644,-0.02187448926270008,0.575579047203064,0.6572475433349609,-0.018888182938098907,0.5981859564781189,0.6182655096054077,-0.009520001709461212,0.608522891998291,0.6549144983291626,0.0007005038787610829,0.614468514919281,0.6177604794502258,-0.021580923348665237,0.618487536907196,0.6737785339355469,-0.030873514711856842,0.6129587292671204,0.6814205646514893,-0.03636087849736214,0.6432689428329468,0.6499301791191101,0.0038713733665645123,0.6423648595809937,0.61324542760849,-0.02195568196475506,0.6457071900367737,0.6825380325317383,-0.025311287492513657,0.6413224935531616,0.681376039981842,-0.02250211499631405,0.6743829846382141,0.65175461769104,0.0013742094160988927,0.6767130494117737,0.6182243824005127,-0.023472053930163383,0.6764795184135437,0.6846736669540405,-0.010598083026707172,0.6739670038223267,0.6843944787979126,0.0029135665390640497,0.7073951959609985,0.6508147120475769,-0.003615717636421323,0.7042986154556274,0.6351750493049622,-0.014602487906813622,0.7068164348602295,0.6840700507164001,-0.004482747986912727,0.7085877656936646,0.6855787038803101,0.004954816773533821,FIST
0.6967543363571167,0.7802242040634155,-4.933127684125793e-07,0.6444385647773743,0.7931466102600098,-0.023780779913067818,0.5898235440254211,0.7308098077774048,-0.023669473826885223,0.5776057243347168,0.6558076739311218,-0.020020898431539536,0.6010960340499878,0.6179911494255066,-0.010011655278503895,0.6061183214187622,0.6540635228157043,-0.00010457210009917617,0.6146066188812256,0.6184715628623962,-0.02222432754933834,0.6187242865562439,0.6746278405189514,-0.0320257693529129,0.6111531853675842,0.6794172525405884,-0.038232605904340744,0.6418858170509338,0.6496217250823975,0.0038462451193481684,0.6424107551574707,0.6138859391212463,-0.022383272647857666,0.6457176208496094,0.6835070848464966,-0.026900814846158028,0.6393207311630249,0.679864227771759,-0.024943597614765167,0.6731088757514954,0.6517324447631836,0.0020074634812772274,0.6762969493865967,0.6194019317626953,-0.023375775665044785,0.6756946444511414,0.6865670680999756,-0.012017191387712955,0.6718262434005737,0.6835889220237732,0.00039080006536096334,0.7062118649482727,0.6502622365951538,-0.002420342294499278,0.7045047879219055,0.6352176666259766,-0.013543689623475075,0.7068467736244202,0.6848757266998291,-0.003928809426724911,0.707785964012146,0.6860820651054382,0.005018148571252823,FIST
0.6978592872619629,0.78058260679245,-5.167601671018929e-07,0.6479264497756958,0.7934601306915283,-0.02002710849046707,0.5932995676994324,0.7343830466270447,-0.02026020549237728,0.5760565996170044,0.6587585210800171,-0.018463075160980225,0.5959849953651428,0.6199143528938293,-0.01055296789854765,0.6105761528015137,0.6563602089881897,0.003277912735939026,0.6138049960136414,0.6177127361297607,-0.018679434433579445,0.6197800636291504,0.6736451983451843,-0.027748655527830124,0.6162038445472717,0.683789849281311,-0.03273061662912369,0.6450600624084473,0.6511681079864502,0.004874417092651129,0.6425427198410034,0.6132924556732178,-0.020290249958634377,0.6470372676849365,0.6823070645332336,-0.02352345921099186,0.6423466801643372,0.6831769943237305,-0.020406236872076988,0.6758843064308167,0.6532953977584839,0.0008830002625472844,0.6766128540039062,0.6179739832878113,-0.02395087666809559,0.6773477792739868,0.6835569143295288,-0.011310036294162273,0.6748607754707336,0.6855253577232361,0.002232117811217904,0.7091495394706726,0.6525559425354004,-0.005408643279224634,0.7052816152572632,0.6351717710494995,-0.01635134406387806,0.7082679271697998,0.6836050152778625,-0.005832481663674116,0.7098584771156311,0.6872354745864868,0.004035645630210638,FIST
0.6983823776245117,0.779452383518219,-5.145465138411964e-07,0.6455588936805725,0.7893182039260864,-0.01970977522432804,0.5910727381706238,0.7267811894416809,-0.01848423108458519,0.5774793028831482,0.6527992486953735,-0.015060333535075188,0.6006249189376831,0.6165921092033386,-0.005504593253135681,0.6085766553878784,0.6542266607284546,0.004636747296899557,0.6144124865531921,0.6179904937744141,-0.016361571848392487,0.6203479766845703,0.6746466159820557,-0.025232115760445595,0.6141451597213745,0.6808677911758423,-0.030419692397117615,0.6438888311386108,0.6490039825439453,0.0068415929563343525,0.642472505569458,0.6142168641090393,-0.017484154552221298,0.6472234725952148,0.6830422878265381,-0.020698852837085724,0.6412981152534485,0.681210458278656,-0.01761753484606743,0.6754283905029297,0.6504269242286682,0.003422841429710388,0.676091730594635,0.6197803020477295,-0.01980399899184704,0.6777069568634033,0.6853154897689819,-0.0076129864901304245,0.6746759414672852,0.6840565204620361,0.005234505981206894,0.708292543888092,0.6491269469261169,-0.0023556225933134556,0.7047533392906189,0.6361868977546692,-0.01162559911608696,0.7084187865257263,0.6850853562355042,-0.0012605845695361495,0.7104164958000183,0.6866527795791626,0.008146966807544231,FIST
0.6949427723884583,0.7835311889648438,-5.256637791717367e-07,0.6459470987319946,0.7946988344192505,-0.0195880439132452,0.5913577675819397,0.7337751388549805,-0.019556744024157524,0.5762495994567871,0.6579581499099731,-0.0175750982016325,0.5968255400657654,0.6181235313415527,-0.009747244417667389,0.6088820695877075,0.6573208570480347,0.0013062591897323728,0.6118389368057251,0.6186361908912659,-0.02152521163225174,0.6170896291732788,0.6740531921386719,-0.030664561316370964,0.613603949546814,0.6829990744590759,-0.035593431442976,0.6440789699554443,0.6519472599029541,0.002725758124142885,0.6403399705886841,0.614766001701355,-0.02269546128809452,0.6446592211723328,0.683221697807312,-0.025066785514354706,0.6416178941726685,0.6823925375938416,-0.021369867026805878,0.675853431224823,0.6538915038108826,-0.0014549096813425422,0.6748188734054565,0.6205640435218811,-0.026282116770744324,0.6755847930908203,0.6866495013237,-0.012806609272956848,0.6743126511573792,0.6875655651092529,0.0012709764996543527,0.7093101143836975,0.6536619067192078,-0.0079343281686306,0.703334391117096,0.6373037099838257,-0.018699858337640762,0.7057127952575684,0.686410665512085,-0.007815971970558167,0.7084438800811768,0.6895468831062317,0.0022407332435250282,FIST
0.6967230439186096,0.7827193737030029,-5.000515557185281e-07,0.6473026275634766,0.7936344742774963,-0.02413233183324337,0.5927872657775879,0.73565673828125,-0.025373343378305435,0.5764856934547424,0.659757137298584,-0.02353980951011181,0.5975219011306763,0.6200112104415894,-0.014875841327011585,0.6068549752235413,0.6574395895004272,0.0019693144131451845,0.611659586429596,0.6188289523124695,-0.0212998166680336,0.6166396141052246,0.6748882532119751,-0.031420815736055374,0.6121897101402283,0.6816230416297913,-0.03704718500375748,0.6424331068992615,0.6520025134086609,0.006531009916216135,0.6406367421150208,0.6153457164764404,-0.019718416035175323,0.6442704200744629,0.6843296885490417,-0.023337222635746002,0.6392073631286621,0.6807820200920105,-0.020224837586283684,0.6739529967308044,0.6535267233848572,0.004922873806208372,0.6749371290206909,0.6216393709182739,-0.020235411822795868,0.6747388243675232,0.686621904373169,-0.0075140781700611115,0.6726185083389282,0.6842739582061768,0.00628805672749877,0.7073830962181091,0.6519518494606018,0.0006199776544235647,0.7026023864746094,0.6363093256950378,-0.00992577150464058,0.7046784162521362,0.6842730045318604,0.00041849794797599316,0.7072224020957947,0.6852754354476929,0.010277696885168552,FIST
0.6963037252426147,0.7832980751991272,-4.765787764426932e-07,0.6447063684463501,0.7943980693817139,-0.022473199293017387,0.5904824137687683,0.7343505024909973,-0.023235829547047615,0.5761266350746155,0.6600212454795837,-0.021372495219111443,0.5966362953186035,0.6204316020011902,-0.01315518468618393,0.6041877269744873,0.6554802060127258,0.004162871278822422,0.6119493246078491,0.6186909675598145,-0.01762869767844677,0.616330087184906,0.673823356628418,-0.02767123281955719,0.6102541089057922,0.6829251646995544,-0.03368746116757393,0.6396717429161072,0.6492516398429871,0.007158761844038963,0.6397367715835571,0.6151394844055176,-0.017844991758465767,0.643943190574646,0.6830692887306213,-0.022466003894805908,0.6376476883888245,0.6830123662948608,-0.02055542916059494,0.6719849705696106,0.6513258218765259,0.004266402218490839,0.6740405559539795,0.6209122538566589,-0.019843459129333496,0.6754860281944275,0.685170590877533,-0.007892215624451637,0.6715534925460815,0.6855310797691345,0.004771979991346598,0.7066106796264648,0.6512625813484192,-0.001156194251962006,0.7022612690925598,0.6366910934448242,-0.011282389983534813,0.7063978910446167,0.6850009560585022,-0.0005265422514639795,0.707554280757904,0.6871575117111206,0.009367162361741066,FIST
0.6961962580680847,0.7854135036468506,-4.862235414293536e-07,0.6448616981506348,0.7914481163024902,-0.0223227608948946,0.5900983810424805,0.733683168888092,-0.022762712091207504,0.5738726854324341,0.6607269048690796,-0.020919306203722954,0.5958548188209534,0.621738612651825,-0.01263533253222704,0.6067067384719849,0.6571635007858276,0.006115997675806284,0.6108582615852356,0.6189534068107605,-0.016194742172956467,0.6172071099281311,0.6756656765937805,-0.02607322856783867,0.6128054261207581,0.6836740970611572,-0.03153901547193527,0.6420157551765442,0.6521187424659729,0.009066605940461159,0.6398448348045349,0.6142441034317017,-0.016313821077346802,0.6449668407440186,0.6842964887619019,-0.019990267232060432,0.6402009725570679,0.6829826235771179,-0.016701271757483482,0.6735446453094482,0.6539375185966492,0.005759462248533964,0.6742780804634094,0.619634747505188,-0.019364982843399048,0.6755256652832031,0.6861889362335205,-0.007367483340203762,0.6732121109962463,0.6854463815689087,0.0062850164249539375,0.707350492477417,0.6534894704818726,-0.00010703800217015669,0.7031779289245605,0.6358994245529175,-0.010655252262949944,0.7055714130401611,0.6855446100234985,-7.683482181164436e-06,0.7075955867767334,0.6880395412445068,0.010270843282341957,FIST
0.6967032551765442,0.7862518429756165,-4.829078079637839e-07,0.6455429196357727,0.7976425290107727,-0.023155255243182182,0.588971734046936,0.736190140247345,-0.02327936515212059,0.5741302967071533,0.6624306440353394,-0.02053464762866497,0.5983039736747742,0.6227385401725769,-0.01091187447309494,0.6013246774673462,0.654357373714447,0.004297439940273762,0.6075049638748169,0.6207153797149658,-0.016811203211545944,0.6137300729751587,0.6762205958366394,-0.026165742427110672,0.6094147562980652,0.6822301149368286,-0.03234964236617088,0.6368269920349121,0.6480653882026672,0.00759683595970273,0.6363875865936279,0.6150301098823547,-0.01889723353087902,0.6422212719917297,0.6852425932884216,-0.02394331805408001,0.6371362805366516,0.6832358837127686,-0.021969163790345192,0.6691335439682007,0.6499916315078735,0.005022582598030567,0.6711915731430054,0.6213473081588745,-0.02049734815955162,0.6734276413917542,0.6883846521377563,-0.008149689063429832,0.6704412698745728,0.6863773465156555,0.005267342086881399,0.7045193910598755,0.6493685841560364,-0.0001520821824669838,0.6993106007575989,0.6354079246520996,-0.011261360719799995,0.7037317752838135,0.6858221888542175,-0.0005267236265353858,0.7056037187576294,0.687036395072937,0.009633928537368774,FIST
0.6964681148529053,0.7850539684295654,-4.857492967857979e-07,0.6467699408531189,0.792227566242218,-0.024575265124440193,0.5903202891349792,0.734553873538971,-0.025421040132641792,0.5725010633468628,0.6627267599105835,-0.02356947958469391,0.5956012606620789,0.6231171488761902,-0.015373782254755497,0.6031616926193237,0.6577653884887695,0.004586299415677786,0.609038770198822,0.6203527450561523,-0.017754483968019485,0.6169176697731018,0.6765652894973755,-0.027072563767433167,0.6107977032661438,0.6807309985160828,-0.0322287380695343,0.6390104293823242,0.6519016623497009,0.00847494974732399,0.6385164856910706,0.6147398948669434,-0.01715213432908058,0.6450408101081848,0.6849673986434937,-0.020236309617757797,0.6381653547286987,0.6804904341697693,-0.016176655888557434,0.6715878248214722,0.651986837387085,0.005820708815008402,0.6735338568687439,0.6206276416778564,-0.020016342401504517,0.6756174564361572,0.6874959468841553,-0.008891073986887932,0.6708619594573975,0.6832427382469177,0.004352435935288668,0.7050234079360962,0.6498063802719116,0.0005220530438236892,0.7014310359954834,0.6365422606468201,-0.010846098884940147,0.7049923539161682,0.6862000226974487,-0.001089758356101811,0.7064691781997681,0.6861889958381653,0.008676651865243912,FIST
0.6952344179153442,0.7834374904632568,-4.858086981585075e-07,0.6409015655517578,0.7921178340911865,-0.02162802964448929,0.5847064256668091,0.7306643724441528,-0.021396277472376823,0.5730117559432983,0.6569719314575195,-0.01852692849934101,0.5984616875648499,0.6210765838623047,-0.009181353263556957,0.6028420329093933,0.6559547781944275,0.0023104010615497828,0.6095393896102905,0.6195552945137024,-0.019375327974557877,0.6150087714195251,0.6761584877967834,-0.028786972165107727,0.6091984510421753,0.682799756526947,-0.03474791720509529,0.6389461755752563,0.6502041816711426,0.005148278083652258,0.6381298899650574,0.6153188347816467,-0.02068767324090004,0.6429299712181091,0.6856335401535034,-0.024681974202394485,0.637872576713562,0.6837628483772278,-0.022248346358537674,0.6707346439361572,0.6519371867179871,0.0023050277959555387,0.6722782254219055,0.621336042881012,-0.021064698696136475,0.6734058856964111,0.6881905198097229,-0.008143981918692589,0.6705318093299866,0.6857525706291199,0.005020524375140667,0.7043675184249878,0.6509026288986206,-0.003189306939020753,0.7007182836532593,0.6397324204444885,-0.012111416086554527,0.7036648988723755,0.6890267133712769,-0.001365685136988759,0.7051365375518799,0.6888361573219299,0.008176231756806374,FIST
0.6939505338668823,0.7848243713378906,-4.792785830431967e-07,0.6414921879768372,0.7912456393241882,-0.021694879978895187,0.5863920450210571,0.7317947745323181,-0.022039368748664856,0.5721591114997864,0.6593698859214783,-0.020198022946715355,0.5964836478233337,0.6214146018028259,-0.012152236886322498,0.6028625965118408,0.6575884222984314,0.005146014969795942,0.6083376407623291,0.6217047572135925,-0.01641811802983284,0.6146431565284729,0.677158772945404,-0.025858426466584206,0.6097372770309448,0.6832649111747742,-0.031343258917331696,0.6381778120994568,0.6518872380256653,0.0076601686887443066,0.6369487643241882,0.6169275045394897,-0.0170590803027153,0.6421173810958862,0.6855228543281555,-0.020513538271188736,0.6371957063674927,0.6838346123695374,-0.017346320673823357,0.6698898077011108,0.6529112458229065,0.004149202723056078,0.6712042093276978,0.6215218305587769,-0.019688621163368225,0.6726104021072388,0.6868458986282349,-0.007684921380132437,0.6698645949363708,0.6860231161117554,0.005433742422610521,0.7034352421760559,0.6518815755844116,-0.0019327114569023252,0.6993820071220398,0.6377023458480835,-0.01173208374530077,0.7022800445556641,0.6859909892082214,-0.0012251763837412,0.704241931438446,0.6873995065689087,0.008663952350616455,FIST
0.6927351355552673,0.7842401266098022,-4.910362463306228e-07,0.6427856087684631,0.7934173941612244,-0.022549860179424286,0.5876007080078125,0.7354767322540283,-0.023898573592305183,0.5724157094955444,0.6614915132522583,-0.022886177524924278,0.5949963331222534,0.6203556060791016,-0.01553684938699007,0.6057734489440918,0.6566149592399597,0.0031903223134577274,0.60795658826828,0.6200762987136841,-0.019690847024321556,0.614096999168396,0.6754347085952759,-0.0293703805655241,0.6108689308166504,0.6818524599075317,-0.034783389419317245,0.6407309770584106,0.6511825323104858,0.00616886280477047,0.6369311213493347,0.6154842376708984,-0.019774161279201508,0.6417826414108276,0.6849672794342041,-0.02309265173971653,0.6379421949386597,0.682183563709259,-0.01956162415444851,0.6718886494636536,0.6527829170227051,0.002969557186588645,0.671466052532196,0.6206274628639221,-0.021941261366009712,0.6723535656929016,0.6871804594993591,-0.009390863589942455,0.6703158020973206,0.6843388676643372,0.004359070211648941,0.7048793435096741,0.6518397927284241,-0.002818821929395199,0.6991456747055054,0.6366773247718811,-0.013068068772554398,0.7016359567642212,0.686269998550415,-0.0023891713935881853,0.7044486403465271,0.687411367893219,0.007715881802141666,FIST
0.6953250765800476,0.7844905257225037,-4.914715532322589e-07,0.645849347114563,0.794827401638031,-0.024246113374829292,0.5905164480209351,0.7377939224243164,-0.026322152465581894,0.5733906030654907,0.6633911728858948,-0.025552749633789062,0.5935155153274536,0.6216233372688293,-0.018239183351397514,0.605552077293396,0.6582556366920471,0.0020462851971387863,0.6097700595855713,0.6196988821029663,-0.021351752802729607,0.6158254742622375,0.6757060885429382,-0.031050272285938263,0.6122077703475952,0.6825985312461853,-0.03613749518990517,0.6399885416030884,0.6521244645118713,0.005828952416777611,0.6390414237976074,0.6152843832969666,-0.020540349185466766,0.6437768340110779,0.6847686171531677,-0.023363692685961723,0.6393142342567444,0.682533860206604,-0.019088638946413994,0.6713942885398865,0.6529635190963745,0.0032512941397726536,0.6735466122627258,0.6220676898956299,-0.02239185757935047,0.674640953540802,0.6871374249458313,-0.010027579963207245,0.6717771291732788,0.6844038367271423,0.0039393100887537,0.7047933340072632,0.6516895294189453,-0.0019967725966125727,0.7009086608886719,0.6387582421302795,-0.013448276557028294,0.704130232334137,0.6864672899246216,-0.0035130183678120375,0.7062740325927734,0.6857241988182068,0.006444780621677637,FIST
0.6958598494529724,0.7863521575927734,-4.905380137643078e-07,0.6454288363456726,0.7985047698020935,-0.02333267219364643,0.5894472599029541,0.7385387420654297,-0.024478789418935776,0.5727370977401733,0.6628737449645996,-0.022944435477256775,0.5952948331832886,0.6233225464820862,-0.014622489921748638,0.6044728755950928,0.6583093404769897,0.003483256557956338,0.6088622212409973,0.6214483380317688,-0.018996255472302437,0.6142259240150452,0.6776815056800842,-0.028216952458024025,0.6097197532653809,0.6849095821380615,-0.03360055387020111,0.6394042372703552,0.6522331833839417,0.006748212967067957,0.63815838098526,0.6164012551307678,-0.019605329260230064,0.6427115797996521,0.68757164478302,-0.023072823882102966,0.6369806528091431,0.6844787001609802,-0.019741326570510864,0.6705356240272522,0.6541509628295898,0.0038433466106653214,0.6726008057594299,0.6224371790885925,-0.02140386775135994,0.673640787601471,0.6897936463356018,-0.00842925626784563,0.6704415678977966,0.6867833137512207,0.005409693345427513,0.7044193744659424,0.6525553464889526,-0.0017851596930995584,0.7010400295257568,0.6397640705108643,-0.01293537300080061,0.7044448256492615,0.6893909573554993,-0.002761507174000144,0.7059459090232849,0.6890690326690674,0.006984449923038483,FIST
0.6947777271270752,0.7877033948898315,-4.915705744679144e-07,0.6430345177650452,0.7956169247627258,-0.023721234872937202,0.5866991877555847,0.7337157130241394,-0.024219701066613197,0.5723538994789124,0.6600067019462585,-0.021791469305753708,0.5982642769813538,0.623142421245575,-0.012868709862232208,0.603776216506958,0.6563258171081543,0.002711055800318718,0.609025239944458,0.621735155582428,-0.01961074024438858,0.6150434017181396,0.679049551486969,-0.029522662982344627,0.6091489791870117,0.6833586096763611,-0.035610832273960114,0.6400554776191711,0.650837242603302,0.0065426453948020935,0.638164222240448,0.6154048442840576,-0.019053075462579727,0.6433606743812561,0.6866044402122498,-0.02242470346391201,0.6379184126853943,0.6828553676605225,-0.01916109398007393,0.6719851493835449,0.6528812646865845,0.004153408110141754,0.6732552647590637,0.6225621700286865,-0.01969735510647297,0.6739257574081421,0.6900721788406372,-0.00726286182180047,0.671105146408081,0.6859031915664673,0.005893615074455738,0.7053951621055603,0.6515374183654785,-0.001027578953653574,0.7014128565788269,0.6396704316139221,-0.01037834957242012,0.7035152912139893,0.6893142461776733,-0.00016805257473606616,0.7053459286689758,0.6880408525466919,0.009146160446107388,FIST
0.6925850510597229,0.7852996587753296,-4.797794304067793e-07,0.6427451372146606,0.7941200733184814,-0.023686479777097702,0.589037299156189,0.7351146936416626,-0.02572539448738098,0.5739576816558838,0.6616546511650085,-0.02523893490433693,0.5963457226753235,0.6222531795501709,-0.018655985593795776,0.6043473482131958,0.657688558101654,0.0006033951067365706,0.6084022521972656,0.620780885219574,-0.02287033386528492,0.6139792203903198,0.6751183271408081,-0.032927244901657104,0.6099356412887573,0.6816173195838928,-0.03864786773920059,0.6399528384208679,0.6523270010948181,0.003789997659623623,0.6377330422401428,0.6166185140609741,-0.02313953824341297,0.6421370506286621,0.6851426959037781,-0.026890946552157402,0.6382342576980591,0.6833068132400513,-0.023665521293878555,0.6721197962760925,0.6540259718894958,0.0009257022757083178,0.6725378632545471,0.6231191754341125,-0.02541341446340084,0.6733087301254272,0.6888786554336548,-0.013002044521272182,0.6712570190429688,0.6872943043708801,0.0009158317698165774,0.7060372829437256,0.653926432132721,-0.0045240893959999084,0.7005888223648071,0.6388469934463501,-0.015981314703822136,0.7025253176689148,0.6877846717834473,-0.0054181646555662155,0.7046582102775574,0.6897157430648804,0.004775159526616335,FIST
0.6949738264083862,0.7843990921974182,-5.007599384043715e-07,0.6450130939483643,0.7955511808395386,-0.023128552362322807,0.5896793603897095,0.7370734214782715,-0.023750731721520424,0.573073148727417,0.6614437103271484,-0.021778706461191177,0.5943278074264526,0.6200917959213257,-0.013262258842587471,0.6048787832260132,0.6595218777656555,0.003561154007911682,0.6076359152793884,0.6206344366073608,-0.019883597269654274,0.6154442429542542,0.6771152019500732,-0.030381692573428154,0.6126456260681152,0.6843308210372925,-0.036152418702840805,0.640423059463501,0.6535674333572388,0.007067511789500713,0.6373962759971619,0.6153181791305542,-0.018944762647151947,0.6435096263885498,0.6842480301856995,-0.022409707307815552,0.6395775675773621,0.6828792095184326,-0.018851635977625847,0.6724010705947876,0.6547682881355286,0.004226324614137411,0.6725102066993713,0.6215348243713379,-0.02114650420844555,0.6744707226753235,0.6865273118019104,-0.0090860640630126,0.6718775629997253,0.6850202679634094,0.004504872485995293,0.7055327892303467,0.6537423133850098,-0.0012659572530537844,0.701745331287384,0.6374215483665466,-0.012233526445925236,0.7043972611427307,0.6863361597061157,-0.0021788671147078276,0.7061609029769897,0.6886695027351379,0.007578135933727026,FIST
0.6932316422462463,0.786113440990448,-5.009579240322637e-07,0.6433776617050171,0.7941496968269348,-0.02152891829609871,0.5881556868553162,0.7356598973274231,-0.02227838523685932,0.5735925436019897,0.6605915427207947,-0.02099604532122612,0.5978028774261475,0.6223785877227783,-0.013442546129226685,0.6057168245315552,0.6566113233566284,0.004579298663884401,0.6098138093948364,0.6211186051368713,-0.017841992899775505,0.6149373054504395,0.6769012808799744,-0.027310287579894066,0.6093404293060303,0.6812185645103455,-0.03287268057465553,0.6405628323554993,0.6514754295349121,0.0065951868891716,0.638569176197052,0.6164429783821106,-0.018765674903988838,0.6428444981575012,0.6868378520011902,-0.021385978907346725,0.6371909976005554,0.6819304823875427,-0.017570918425917625,0.6720577478408813,0.6532852053642273,0.0023880735971033573,0.673670768737793,0.6225930452346802,-0.021928610280156136,0.6738665699958801,0.6888279914855957,-0.009301646612584591,0.670041561126709,0.6845580339431763,0.004092743154615164,0.7052148580551147,0.6530584096908569,-0.004490198101848364,0.7018031477928162,0.6397711634635925,-0.01500159502029419,0.7033931016921997,0.6888914108276367,-0.004908125381916761,0.7046746611595154,0.6887757182121277,0.0045870160683989525,FIST
0.6956616640090942,0.7848973870277405,-4.910269240099296e-07,0.6434069871902466,0.7984277009963989,-0.02293989062309265,0.5879462361335754,0.7374512553215027,-0.023757150396704674,0.5731562972068787,0.6606549024581909,-0.021538501605391502,0.5964852571487427,0.620124876499176,-0.01266772486269474,0.6021689176559448,0.6585010290145874,0.001399476663209498,0.607887864112854,0.6208152770996094,-0.021859383210539818,0.6136319637298584,0.6762638688087463,-0.03252992779016495,0.6097426414489746,0.6857568025588989,-0.039003290235996246,0.6374301314353943,0.652148962020874,0.0045350114814937115,0.6365143656730652,0.6154946684837341,-0.022833095863461494,0.641827404499054,0.6841902732849121,-0.028072653338313103,0.6368988752365112,0.6849635243415833,-0.02621566876769066,0.6693556308746338,0.653366208076477,0.0018811683403328061,0.6715974807739258,0.6213896870613098,-0.0240580216050148,0.673334002494812,0.6870989203453064,-0.011796114034950733,0.6692755222320557,0.6867873668670654,0.0014719003811478615,0.7036916017532349,0.6521427631378174,-0.003373383777216077,0.7005672454833984,0.6378763914108276,-0.015030371025204659,0.7046825885772705,0.6873118281364441,-0.004896723665297031,0.7052220702171326,0.6890302300453186,0.004675121046602726,FIST
0.6966185569763184,0.7852668166160583,-5.075276590105204e-07,0.6426804661750793,0.7908027768135071,-0.019541926681995392,0.585538387298584,0.7283808588981628,-0.017133746296167374,0.5724270939826965,0.6555304527282715,-0.012684251181781292,0.5969281792640686,0.62020343542099,-0.0019302705768495798,0.601680338382721,0.656399667263031,0.008476236835122108,0.6093849539756775,0.6205273866653442,-0.012202114798128605,0.6160529851913452,0.6771556735038757,-0.021742425858974457,0.6089772582054138,0.6830159425735474,-0.027544857934117317,0.6378417015075684,0.6510215997695923,0.010834397748112679,0.6379074454307556,0.6161693334579468,-0.012707607820630074,0.6436859965324402,0.6860989928245544,-0.01598123461008072,0.6371191143989563,0.6840928792953491,-0.012943696230649948,0.6701624393463135,0.651799201965332,0.0071477945894002914,0.6724185943603516,0.6216776371002197,-0.015244165435433388,0.6745095252990723,0.6879081726074219,-0.0038150143809616566,0.6706023812294006,0.6867645978927612,0.008442594669759274,0.703325629234314,0.6495406627655029,0.0009866496548056602,0.7011610269546509,0.637566328048706,-0.007856466807425022,0.7042219638824463,0.6869168877601624,0.0018394200596958399,0.705064594745636,0.6879149675369263,0.01074254047125578,FIST
0.694445788860321,0.7856630086898804,-5.009862320548564e-07,0.6435909271240234,0.7925527095794678,-0.021547019481658936,0.5874489545822144,0.7334338426589966,-0.02213008888065815,0.5725141763687134,0.6576833128929138,-0.020762864500284195,0.5970973968505859,0.618725061416626,-0.013245467096567154,0.6061820387840271,0.6580325365066528,0.004227507393807173,0.6073745489120483,0.6219725608825684,-0.018056534230709076,0.614988386631012,0.678503692150116,-0.026941215619444847,0.611771285533905,0.6837747693061829,-0.03159844130277634,0.6415054202079773,0.6531453728675842,0.0065913419239223,0.6370981335639954,0.6159366965293884,-0.01825191266834736,0.6435272097587585,0.6866251826286316,-0.019616369158029556,0.6401830315589905,0.6827782392501831,-0.014527222141623497,0.6730308532714844,0.6550214886665344,0.0026930237654596567,0.6719653606414795,0.621407151222229,-0.02193739451467991,0.6736837029457092,0.6885036826133728,-0.008740251883864403,0.6727309226989746,0.6861487030982971,0.005763925611972809,0.7060670852661133,0.6548448204994202,-0.0037700547836720943,0.7010915279388428,0.6375071406364441,-0.013706782832741737,0.702844500541687,0.6869338154792786,-0.0026296789292246103,0.7058806419372559,0.6893007159233093,0.007860676385462284,FIST
0.6959744691848755,0.7866072654724121,-4.5802067916156375e-07,0.6423869729042053,0.7873977422714233,-0.02289467863738537,0.5890855193138123,0.7311509847640991,-0.0239737406373024,0.5738968849182129,0.6604045033454895,-0.022916020825505257,0.5949798226356506,0.6216866970062256,-0.015355798415839672,0.6028943061828613,0.6567716002464294,0.00842013955116272,0.6074976921081543,0.6194942593574524,-0.013895830139517784,0.6152107119560242,0.6758804321289062,-0.023487482219934464,0.6099578142166138,0.6824977397918701,-0.028253864496946335,0.6385267376899719,0.651187539100647,0.011686744168400764,0.6377868056297302,0.6154252290725708,-0.01328079029917717,0.6439335346221924,0.684792697429657,-0.01646498590707779,0.6375617980957031,0.6814097762107849,-0.012227288447320461,0.67115318775177,0.6520218849182129,0.00827090349048376,0.6730512976646423,0.6218588352203369,-0.016891255974769592,0.6750316619873047,0.6868128180503845,-0.00642295042052865,0.6703483462333679,0.6842139363288879,0.006638118997216225,0.7046132683753967,0.6520757675170898,0.002296501537784934,0.702199399471283,0.6386592388153076,-0.008443403989076614,0.7043350338935852,0.6871431469917297,0.0008787715341895819,0.7046673893928528,0.6877923607826233,0.010542044416069984,FIST
0.6958640217781067,0.7867538928985596,-5.035712433709705e-07,0.6457724571228027,0.795960009098053,-0.023221313953399658,0.5902746915817261,0.735764741897583,-0.023754362016916275,0.5740395784378052,0.6595194935798645,-0.021502697840332985,0.5975205302238464,0.6194804906845093,-0.012616781517863274,0.6052736043930054,0.6566610336303711,0.0035368595272302628,0.6100021004676819,0.6207473278045654,-0.018016241490840912,0.615492582321167,0.676720142364502,-0.0272165946662426,0.6100437641143799,0.6799594759941101,-0.03300599008798599,0.6406145691871643,0.6512245535850525,0.007151128724217415,0.6384142637252808,0.614818274974823,-0.01753050647675991,0.6430671215057373,0.685616672039032,-0.020219171419739723,0.6379781365394592,0.6802700161933899,-0.016798831522464752,0.6720460653305054,0.653303861618042,0.004549000877887011,0.6729310154914856,0.6214259266853333,-0.019283566623926163,0.6732367873191833,0.6881817579269409,-0.006545928306877613,0.6706797480583191,0.6833231449127197,0.006728744134306908,0.7056096792221069,0.6521966457366943,-0.0008212670800276101,0.700933575630188,0.638778030872345,-0.011026724241673946,0.702729344367981,0.6875438094139099,-0.0011185797629877925,0.7048246264457703,0.6867662072181702,0.008107251487672329,FIST
0.694358229637146,0.785982072353363,-4.844225145461678e-07,0.6443901658058167,0.791918933391571,-0.023140398785471916,0.5889902114868164,0.7342936992645264,-0.024380849674344063,0.5734046101570129,0.6609655618667603,-0.02338595688343048,0.5972479581832886,0.6216481924057007,-0.015973586589097977,0.6060508489608765,0.6552051901817322,0.005289196968078613,0.6086242198944092,0.6216179728507996,-0.017468150705099106,0.6145004630088806,0.6780679821968079,-0.0276270043104887,0.6102156043052673,0.6823832392692566,-0.033327288925647736,0.641243577003479,0.6502803564071655,0.008450920693576336,0.6377173066139221,0.6158517599105835,-0.017135366797447205,0.6423494219779968,0.6864861845970154,-0.020211590453982353,0.6381390690803528,0.6822497248649597,-0.01620972901582718,0.6728700995445251,0.6524031758308411,0.005117966327816248,0.6725369691848755,0.6213275194168091,-0.01983361877501011,0.6730230450630188,0.6881738305091858,-0.007868519984185696,0.6710496544837952,0.6845182180404663,0.005835742224007845,0.7060081362724304,0.652415931224823,-0.0008960108971223235,0.7011821269989014,0.6373056173324585,-0.011435002088546753,0.7023009061813354,0.6872555613517761,-0.0012248813873156905,0.7045593857765198,0.6881093978881836,0.00885124783962965,FIST
0.693358838558197,0.7818379998207092,-5.14409862262255e-07,0.6400278210639954,0.7924364805221558,-0.018890010192990303,0.5861107110977173,0.7320005297660828,-0.018224282190203667,0.573366641998291,0.6581358909606934,-0.01558772474527359,0.5976517796516418,0.6229152679443359,-0.0068680173717439175,0.6045717000961304,0.6576806306838989,0.0021390272304415703,0.6085783839225769,0.6180286407470703,-0.020343586802482605,0.6146073937416077,0.673957109451294,-0.03032984770834446,0.610368549823761,0.6831392645835876,-0.03613981232047081,0.6405665278434753,0.6533315181732178,0.0037310051266103983,0.6382668018341064,0.6161494255065918,-0.021942727267742157,0.6428827047348022,0.6833178400993347,-0.026150790974497795,0.638268232345581,0.6839165687561035,-0.023923641070723534,0.6726741790771484,0.6547549366950989,6.390986527549103e-06,0.6721752882003784,0.621119499206543,-0.02403278462588787,0.6738161444664001,0.6847763061523438,-0.011631174944341183,0.6710575222969055,0.6851995587348938,0.0014590206556022167,0.7064575552940369,0.6535170078277588,-0.005969368387013674,0.7016900777816772,0.6357026100158691,-0.015721268951892853,0.7050663828849792,0.6830146908760071,-0.004950664006173611,0.7070621848106384,0.6866105794906616,0.004828331526368856,FIST
0.6952210664749146,0.7853096723556519,-4.783100280292274e-07,0.6427451968193054,0.7903438210487366,-0.022197097539901733,0.5879819393157959,0.7336535453796387,-0.022231100127100945,0.5729432106018066,0.6618738770484924,-0.019864922389388084,0.5965032577514648,0.6235713958740234,-0.01090194284915924,0.6029898524284363,0.6585347056388855,0.007354217115789652,0.6096894145011902,0.621512234210968,-0.014630560763180256,0.6156989336013794,0.6769073605537415,-0.02480696141719818,0.6091296076774597,0.6817008852958679,-0.031009037047624588,0.6379033923149109,0.6529530882835388,0.010152041912078857,0.6385698318481445,0.6166773438453674,-0.015331503935158253,0.6438770294189453,0.6854921579360962,-0.019823256880044937,0.636896550655365,0.682496190071106,-0.017365653067827225,0.6698179841041565,0.6535190939903259,0.0066511547192931175,0.6738985180854797,0.6221142411231995,-0.018283525481820107,0.6752201318740845,0.6879397630691528,-0.007382338400930166,0.6698952913284302,0.6855243444442749,0.0051069618202745914,0.7038692235946655,0.6521516442298889,0.0005641827010549605,0.7023040056228638,0.6367397308349609,-0.010671299882233143,0.7054340839385986,0.6862775087356567,-0.0012239478528499603,0.7058252096176147,0.6875302791595459,0.008069542236626148,FIST
0.6965634822845459,0.7833225131034851,-4.99250347729685e-07,0.6457980871200562,0.7953858375549316,-0.021242013201117516,0.591439425945282,0.7361893057823181,-0.021126763895154,0.5748530030250549,0.6617268323898315,-0.018429236486554146,0.5971693992614746,0.6227278113365173,-0.00927045289427042,0.6031467318534851,0.6574591994285583,0.00389379495754838,0.609630286693573,0.6218854188919067,-0.017460865899920464,0.6156690716743469,0.6775134205818176,-0.02678166702389717,0.610304057598114,0.6831361651420593,-0.03276633098721504,0.6384499669075012,0.651407778263092,0.006547185126692057,0.6376445889472961,0.6167678833007812,-0.019212322309613228,0.6428412199020386,0.6861234903335571,-0.02364726923406124,0.6369706392288208,0.6837244629859924,-0.0216735377907753,0.6703026294708252,0.6525693535804749,0.0035881565418094397,0.6721936464309692,0.620897650718689,-0.021106448024511337,0.6739223003387451,0.6874481439590454,-0.008796808309853077,0.6706283688545227,0.6858940124511719,0.004129162523895502,0.7043730616569519,0.6505880355834961,-0.0018119777087122202,0.7007846832275391,0.6357617378234863,-0.01242926623672247,0.7046501040458679,0.6858447790145874,-0.0021021622233092785,0.7058782577514648,0.6874716281890869,0.00740389758720994,FIST
0.69619220495224,0.7825589179992676,-5.169039809516107e-07,0.643541157245636,0.7944697737693787,-0.02136492170393467,0.5877565145492554,0.7335128784179688,-0.02063741907477379,0.5740344524383545,0.6576367616653442,-0.017173195257782936,0.5972902774810791,0.6194833517074585,-0.007532910909503698,0.6044342517852783,0.6580361723899841,0.0014293498825281858,0.6098878979682922,0.6209360957145691,-0.02076520398259163,0.6165952086448669,0.6772885322570801,-0.030391870066523552,0.6115447282791138,0.6844912767410278,-0.03592298924922943,0.6405988335609436,0.6524307727813721,0.004590608645230532,0.6391672492027283,0.6155931949615479,-0.020335160195827484,0.644363522529602,0.6849423050880432,-0.02351941168308258,0.639127790927887,0.6840548515319824,-0.020439505577087402,0.6725433468818665,0.6530368328094482,0.002036832273006439,0.6735303997993469,0.6203916072845459,-0.021938106045126915,0.6747266054153442,0.6869474053382874,-0.009937127120792866,0.671829879283905,0.6864010691642761,0.0029460801742970943,0.7057309150695801,0.650412917137146,-0.002950564492493868,0.7022954821586609,0.6354823112487793,-0.012921526096761227,0.7049868702888489,0.6848688721656799,-0.0028815222904086113,0.7066457867622375,0.6866928935050964,0.006441085133701563,FIST
0.6961250305175781,0.7785542607307434,-5.022264986109803e-07,0.6433635950088501,0.7918102741241455,-0.02209017053246498,0.5885385870933533,0.7339685559272766,-0.022523334249854088,0.5742286443710327,0.658747136592865,-0.02008894458413124,0.5968570709228516,0.6206002235412598,-0.011499173007905483,0.6033216118812561,0.6593180298805237,0.000950726680457592,0.6087494492530823,0.6215485334396362,-0.02154630236327648,0.615088701248169,0.6778432130813599,-0.031469397246837616,0.6103833317756653,0.686004102230072,-0.03717757761478424,0.6389154195785522,0.6539874076843262,0.004274164326488972,0.6375738382339478,0.6164045929908752,-0.021269826218485832,0.642539918422699,0.6851440668106079,-0.025101635605096817,0.6370692253112793,0.6857044100761414,-0.02252613566815853,0.6707517504692078,0.6544229388237,0.0019141895463690162,0.6724535226821899,0.6210215091705322,-0.023052942007780075,0.6735082864761353,0.6866880059242249,-0.011543485336005688,0.6700392365455627,0.6876524686813354,0.0011258508311584592,0.7039353847503662,0.6519779562950134,-0.002839909866452217,0.7009453773498535,0.6366568207740784,-0.013346238061785698,0.7041153311729431,0.685063898563385,-0.003361948998644948,0.7055834531784058,0.6873798370361328,0.005906084086745977,FIST
0.6948407888412476,0.7875966429710388,-4.7446812345697253e-07,0.646232008934021,0.795181930065155,-0.022909075021743774,0.5901044011116028,0.7346984148025513,-0.023871803656220436,0.5737063884735107,0.6607120633125305,-0.0222878810018301,0.5981171131134033,0.6201114058494568,-0.014471487142145634,0.6050391793251038,0.6588034629821777,0.0037065150681883097,0.6109002232551575,0.624064028263092,-0.017553187906742096,0.6171606779098511,0.6781042218208313,-0.02609601430594921,0.6111912727355957,0.6818844079971313,-0.03130023181438446,0.6397111415863037,0.651898980140686,0.006582516711205244,0.639345645904541,0.6163368821144104,-0.018418530002236366,0.6452767848968506,0.6857426762580872,-0.020551089197397232,0.6394941210746765,0.6824217438697815,-0.01626100018620491,0.6708595156669617,0.65317302942276,0.003229748923331499,0.6742635369300842,0.6218493580818176,-0.020884130150079727,0.6756220459938049,0.6878445744514465,-0.00841688085347414,0.672187864780426,0.6852839589118958,0.004999238066375256,0.7047984600067139,0.6515210866928101,-0.002854769118130207,0.7021768093109131,0.6359145045280457,-0.013643614947795868,0.7052755951881409,0.684484601020813,-0.003921539057046175,0.706917405128479,0.6858925819396973,0.005452021490782499,FIST
0.6933066844940186,0.7842351794242859,-4.757431781854393e-07,0.6455345749855042,0.7961204051971436,-0.024088671430945396,0.5919593572616577,0.7372545599937439,-0.026352595537900925,0.5767248868942261,0.6623179316520691,-0.02582816779613495,0.5976212024688721,0.6201478838920593,-0.019066592678427696,0.6060975193977356,0.655249297618866,0.0003370781196281314,0.6120821237564087,0.6218530535697937,-0.02227483130991459,0.6161016225814819,0.6752611398696899,-0.032263804227113724,0.6114083528518677,0.6804500818252563,-0.03863874077796936,0.6406028270721436,0.6497056484222412,0.003585050581023097,0.6391972303390503,0.6162330508232117,-0.02313806489109993,0.6432749032974243,0.684618353843689,-0.027172144502401352,0.63942950963974,0.6822818517684937,-0.024612873792648315,0.6720321178436279,0.6518704891204834,0.0008457177318632603,0.673082709312439,0.6216480135917664,-0.024856632575392723,0.6736770868301392,0.6867710947990417,-0.01209985464811325,0.6715835928916931,0.6845436692237854,0.0014283941127359867,0.7061228156089783,0.6518741846084595,-0.004593527875840664,0.7008819580078125,0.6365748047828674,-0.016412630677223206,0.7031980156898499,0.6848617196083069,-0.006185718346387148,0.7052701115608215,0.6865077018737793,0.003574035130441189,FIST
0.6959101557731628,0.7805284857749939,-4.799851467396365e-07,0.643840491771698,0.79353928565979,-0.02139297127723694,0.5890464782714844,0.7335717082023621,-0.02218880131840706,0.5745213031768799,0.6578713655471802,-0.02020924910902977,0.5953574180603027,0.6174860596656799,-0.011880245991051197,0.6046239733695984,0.6581315398216248,0.00033321778755635023,0.6110658049583435,0.6192776560783386,-0.02243528515100479,0.615827202796936,0.6740397214889526,-0.03258172795176506,0.6111421585083008,0.6840077042579651,-0.03856696933507919,0.6400055885314941,0.652596652507782,0.003303011180832982,0.639037549495697,0.6159550547599792,-0.022261109203100204,0.6432214379310608,0.6823639273643494,-0.026135040447115898,0.6385858058929443,0.6827183365821838,-0.024097023531794548,0.6716050505638123,0.6548532247543335,0.0007695801905356348,0.6733067035675049,0.6223537921905518,-0.023395853117108345,0.6744622588157654,0.6851898431777954,-0.010437441058456898,0.6720256209373474,0.6864426732063293,0.0026017180643975735,0.7053042650222778,0.6545279622077942,-0.0042133270762860775,0.7018057703971863,0.6389374136924744,-0.014412022195756435,0.7050991058349609,0.6857509613037109,-0.003952428232878447,0.7064882516860962,0.6883983016014099,0.005363461095839739,FIST
0.6962604522705078,0.7823580503463745,-4.91844787120499e-07,0.6456488966941833,0.7952369451522827,-0.023385023698210716,0.5892634987831116,0.7347691059112549,-0.023258496075868607,0.574496328830719,0.660270094871521,-0.019976191222667694,0.5962329506874084,0.6229992508888245,-0.010151552967727184,0.6020612120628357,0.6567815542221069,0.0014757253229618073,0.6097100973129272,0.6210818886756897,-0.01924891397356987,0.6163134574890137,0.6768888831138611,-0.02769843116402626,0.6093959808349609,0.681494951248169,-0.03306812793016434,0.6373515129089355,0.6500654816627502,0.005352751351892948,0.6381324529647827,0.6163247227668762,-0.01934121735394001,0.6437666416168213,0.685900092124939,-0.022641945630311966,0.6365885138511658,0.6819896697998047,-0.019855108112096786,0.6691867709159851,0.6507048010826111,0.0033975911792367697,0.6725619435310364,0.6209516525268555,-0.020109202712774277,0.6745173931121826,0.6871498227119446,-0.00789859052747488,0.6701348423957825,0.6839858889579773,0.004661486018449068,0.7024422287940979,0.6483412981033325,-0.0012645453680306673,0.700340211391449,0.6361146569252014,-0.011671866290271282,0.7043220400810242,0.6850321888923645,-0.0022835482377558947,0.7052031755447388,0.684482753276825,0.006454901769757271,FIST
0.697062611579895,0.7851163148880005,-4.918992431157676e-07,0.6448250412940979,0.7906877994537354,-0.02010314166545868,0.5892460942268372,0.7317535877227783,-0.018537580966949463,0.5733635425567627,0.659174382686615,-0.015056272968649864,0.5942979454994202,0.6217366456985474,-0.005186777096241713,0.6044541001319885,0.6573880314826965,0.00992398988455534,0.610696017742157,0.6204062700271606,-0.01080265175551176,0.6179496049880981,0.6761725544929504,-0.020128019154071808,0.6124511957168579,0.6827815175056458,-0.0254451222717762,0.6398991942405701,0.6519572734832764,0.01258927583694458,0.6397819519042969,0.6166714429855347,-0.01128315832465887,0.6453731060028076,0.6852537393569946,-0.014999560080468655,0.6391664743423462,0.6827747821807861,-0.012112272903323174,0.6718479990959167,0.6529970169067383,0.009061669930815697,0.674330472946167,0.6220955848693848,-0.013696948066353798,0.6757721900939941,0.6866186857223511,-0.002459131646901369,0.6720553040504456,0.6848343014717102,0.009886055253446102,0.7051871418952942,0.6511086225509644,0.0030227305833250284,0.7028587460517883,0.637546956539154,-0.005455033853650093,0.7053250670433044,0.6854869723320007,0.004436546936631203,0.7062612175941467,0.6857754588127136,0.013532678596675396,FIST
0.69691401720047,0.7852658033370972,-4.928262455905497e-07,0.6453405022621155,0.7956702709197998,-0.021396519616246223,0.5890284180641174,0.7365043759346008,-0.021845072507858276,0.573885977268219,0.6612977981567383,-0.020039711147546768,0.5963543653488159,0.6234846115112305,-0.011911766603589058,0.6030619144439697,0.6557685732841492,0.004038259387016296,0.6104025840759277,0.6198862791061401,-0.018404589965939522,0.6166413426399231,0.6746166348457336,-0.028321100398898125,0.6108434200286865,0.6831170916557312,-0.034046947956085205,0.6388669013977051,0.6510308384895325,0.006229983642697334,0.6392161846160889,0.6175740361213684,-0.0191014613956213,0.6446226835250854,0.6864377856254578,-0.022641310468316078,0.637933611869812,0.6846919059753418,-0.019731855019927025,0.6709317564964294,0.6531809568405151,0.0023893513716757298,0.6735802292823792,0.624272346496582,-0.022198671475052834,0.6751823425292969,0.689237654209137,-0.010097460821270943,0.6705208420753479,0.687588632106781,0.002900195773690939,0.7046636343002319,0.6523487567901611,-0.003976457752287388,0.7016974687576294,0.639765202999115,-0.014411259442567825,0.705112099647522,0.6883550882339478,-0.004062074702233076,0.7056685090065002,0.6894361972808838,0.005619034171104431,FIST
0.6971337795257568,0.7851077318191528,-5.295248115544382e-07,0.646880567073822,0.7959160208702087,-0.020978309214115143,0.589470624923706,0.7343862652778625,-0.019427580758929253,0.5745683908462524,0.6605018973350525,-0.015056410804390907,0.5992485284805298,0.6236429214477539,-0.0041438560001552105,0.6031147241592407,0.6571643352508545,0.0022924738004803658,0.6096915602684021,0.6232771873474121,-0.019146675243973732,0.6159553527832031,0.6797083020210266,-0.028376294299960136,0.6092696189880371,0.6837534308433533,-0.03452006354928017,0.6386443972587585,0.6507977843284607,0.005018203519284725,0.6376586556434631,0.6161146759986877,-0.02014016918838024,0.6438007950782776,0.686867356300354,-0.02337156981229782,0.6374937295913696,0.6832818388938904,-0.020702658221125603,0.6708604693412781,0.6515989899635315,0.002124176360666752,0.6724980473518372,0.6213432550430298,-0.021648772060871124,0.6748960018157959,0.6887593269348145,-0.008495204150676727,0.6712336540222168,0.6863400340080261,0.004577508196234703,0.7044937610626221,0.6495903134346008,-0.0033231305424124002,0.7007184028625488,0.6379997730255127,-0.013898368924856186,0.7048982977867126,0.6879991888999939,-0.0038747626822441816,0.706373929977417,0.6879870891571045,0.005193401128053665,FIST
0.6985256671905518,0.7852588891983032,-5.021730089538323e-07,0.6458466649055481,0.7971638441085815,-0.02056385576725006,0.5888373851776123,0.7336193323135376,-0.018565746024250984,0.5744507908821106,0.6586416363716125,-0.013945581391453743,0.5998212695121765,0.6235287189483643,-0.0026470369193702936,0.6021542549133301,0.6579859852790833,0.005331088788807392,0.6081817150115967,0.6224144697189331,-0.014574090018868446,0.6156243681907654,0.6784985065460205,-0.023170430213212967,0.6099648475646973,0.6842517256736755,-0.029052577912807465,0.6379584670066833,0.6511195302009583,0.008216426707804203,0.6368990540504456,0.6160535216331482,-0.016010219231247902,0.6436170339584351,0.686555802822113,-0.019630951806902885,0.6370655298233032,0.6845153570175171,-0.01733425259590149,0.6698988080024719,0.6521185636520386,0.005478372797369957,0.6718420386314392,0.6209505200386047,-0.017554501071572304,0.6747595071792603,0.6879905462265015,-0.004697445780038834,0.6713096499443054,0.6868017315864563,0.008192016743123531,0.7042357325553894,0.649829626083374,0.0002319712220923975,0.7010025978088379,0.6364472508430481,-0.009450276382267475,0.7055097222328186,0.6862543821334839,0.0008372633019462228,0.7068154811859131,0.6875628232955933,0.01004008948802948,FIST
0.6955245137214661,0.7831555604934692,-5.149757953404333e-07,0.6463336944580078,0.7937052249908447,-0.022688889876008034,0.59153813123703,0.7368672490119934,-0.023872165009379387,0.5768133997917175,0.6623883843421936,-0.022749248892068863,0.5996195077896118,0.6223497986793518,-0.015539218671619892,0.6060972809791565,0.6604288220405579,0.0007695737294852734,0.6076208353042603,0.6224647760391235,-0.02252199314534664,0.6160693764686584,0.6797488331794739,-0.03250740468502045,0.6131978631019592,0.6858829259872437,-0.03823186084628105,0.6411237716674805,0.6541769504547119,0.003582489676773548,0.6369592547416687,0.6163314580917358,-0.02190251089632511,0.6433829665184021,0.6869998574256897,-0.024309277534484863,0.6398661136627197,0.6846511363983154,-0.020482303574681282,0.6726394295692444,0.6543062925338745,0.0002819076180458069,0.6722592711448669,0.6204888224601746,-0.024424508213996887,0.6743795275688171,0.6884886622428894,-0.01122430618852377,0.6730312705039978,0.6872374415397644,0.0026803247164934874,0.7051924467086792,0.6521233320236206,-0.005730870179831982,0.7010261416435242,0.6361325979232788,-0.01647564023733139,0.7033793926239014,0.6864158511161804,-0.005841829814016819,0.7058801651000977,0.688582181930542,0.00413313927128911,FIST
0.6963762044906616,0.7862101793289185,-5.243022087597637e-07,0.64778071641922,0.7949817776679993,-0.022359298542141914,0.5925661325454712,0.7364786267280579,-0.02223166450858116,0.5751512050628662,0.6626942157745361,-0.019879508763551712,0.5928657054901123,0.6227771043777466,-0.011324696242809296,0.6067395806312561,0.661104142665863,0.005045903380960226,0.6083893179893494,0.6220693588256836,-0.018462831154465675,0.6161450743675232,0.6782404780387878,-0.028278876096010208,0.6123868823051453,0.685433566570282,-0.03295719623565674,0.6418827772140503,0.6548057794570923,0.008164096623659134,0.6373654007911682,0.615868330001831,-0.017243893817067146,0.6438045501708984,0.6856547594070435,-0.019058074802160263,0.6392768621444702,0.6831465363502502,-0.013851214200258255,0.6738589406013489,0.6547214388847351,0.004702168051153421,0.6722479462623596,0.6211733818054199,-0.021105516701936722,0.6745039224624634,0.6867964863777161,-0.008823029696941376,0.6727782487869263,0.6853523850440979,0.005493781995028257,0.7067816853523254,0.6529346704483032,-0.0013150308514013886,0.7016346454620361,0.6370069980621338,-0.013138876296579838,0.7044289112091064,0.6852869391441345,-0.0031898648012429476,0.7072886824607849,0.6872251033782959,0.006983174476772547,FIST
0.696614146232605,0.7850179672241211,-4.935931769978197e-07,0.6441404223442078,0.7920544147491455,-0.02178959921002388,0.5885393619537354,0.7321956157684326,-0.02161463536322117,0.5738444328308105,0.6584761738777161,-0.019052382558584213,0.5973777174949646,0.6227481961250305,-0.010218617506325245,0.6039538383483887,0.6580626368522644,0.005322554148733616,0.6103546619415283,0.6195003390312195,-0.017809055745601654,0.6163700819015503,0.6752000451087952,-0.028423920273780823,0.6106540560722351,0.6847277879714966,-0.03400976210832596,0.6403018236160278,0.6528888940811157,0.008800677955150604,0.639157235622406,0.6157896518707275,-0.017139188945293427,0.6449728012084961,0.6846567392349243,-0.021205000579357147,0.6388760209083557,0.6847758293151855,-0.017997363582253456,0.6726782321929932,0.6535117030143738,0.006150302477180958,0.6731905937194824,0.6215189099311829,-0.01868513971567154,0.6752253174781799,0.6866757273674011,-0.00714340852573514,0.6713113188743591,0.686930775642395,0.006192055065184832,0.7057662606239319,0.651830792427063,0.0010510890278965235,0.7014548182487488,0.6374099850654602,-0.00904220063239336,0.7051150798797607,0.6852640509605408,0.0011529277544468641,0.706533670425415,0.6870169043540955,0.011046985164284706,FIST
0.6963911056518555,0.7874119281768799,-5.005963430448901e-07,0.643927812576294,0.7949969172477722,-0.021345898509025574,0.5892747044563293,0.7348271012306213,-0.02085336297750473,0.5748992562294006,0.6606218814849854,-0.0179137010127306,0.5984784364700317,0.6221015453338623,-0.008518756367266178,0.6047282218933105,0.6582262516021729,0.004940031562000513,0.61020827293396,0.6230995059013367,-0.017148850485682487,0.6161002516746521,0.6783602237701416,-0.02696136012673378,0.61081862449646,0.6834238171577454,-0.032797496765851974,0.640320360660553,0.652768611907959,0.007675263099372387,0.6389851570129395,0.6166956424713135,-0.018029889091849327,0.6438759565353394,0.6859327554702759,-0.021781649440526962,0.6385953426361084,0.6828789114952087,-0.018771830946207047,0.672003984451294,0.6541637778282166,0.004424471873790026,0.6732948422431946,0.6227938532829285,-0.020299198105931282,0.6743978261947632,0.6884888410568237,-0.008129340596497059,0.6714586019515991,0.6857851147651672,0.005286157596856356,0.7057029008865356,0.6526449918746948,-0.001340891350992024,0.701619565486908,0.6370693445205688,-0.011787696741521358,0.7044132351875305,0.6857886910438538,-0.001469327020458877,0.7063646912574768,0.6869508028030396,0.008404544554650784,FIST
0.6947509050369263,0.7847806811332703,-4.796878556589945e-07,0.6461160182952881,0.7928793430328369,-0.022347986698150635,0.5914418697357178,0.7387354373931885,-0.02434762753546238,0.5727423429489136,0.6674001812934875,-0.024377988651394844,0.592835009098053,0.6266351342201233,-0.018224913626909256,0.6059392094612122,0.6576658487319946,0.0037476515863090754,0.6086898446083069,0.6201585531234741,-0.019838429987430573,0.6151665449142456,0.675832211971283,-0.0301956869661808,0.6109761595726013,0.6830132603645325,-0.03572145849466324,0.6407942175865173,0.65287184715271,0.0060152024962008,0.6376868486404419,0.6169826984405518,-0.02058120258152485,0.642805814743042,0.6854184865951538,-0.02454248256981373,0.6385681629180908,0.6833280324935913,-0.021138029173016548,0.6728104948997498,0.654241144657135,0.002112347399815917,0.671921968460083,0.62178635597229,-0.02397465519607067,0.674084484577179,0.687445878982544,-0.012093250639736652,0.67201828956604,0.6860063672065735,0.0017627108609303832,0.7062991857528687,0.6540801525115967,-0.004262246191501617,0.7006595134735107,0.6371989846229553,-0.01538186613470316,0.7033920288085938,0.6866481304168701,-0.004644113592803478,0.7056983709335327,0.6893006563186646,0.005957983434200287,FIST
0.6972506046295166,0.7859527468681335,-5.044271347287577e-07,0.644077479839325,0.7969977855682373,-0.021444635465741158,0.5877724885940552,0.7328295111656189,-0.020352356135845184,0.5744055509567261,0.6589604616165161,-0.01625490002334118,0.6003814935684204,0.6234538555145264,-0.00560323242098093,0.6022804975509644,0.657226026058197,0.0020011551678180695,0.6110832095146179,0.6220901012420654,-0.018884005025029182,0.615904688835144,0.6776321530342102,-0.027844427153468132,0.6083176732063293,0.6832543611526489,-0.033837366849184036,0.6385486721992493,0.6509404182434082,0.005202211439609528,0.6394314169883728,0.6165722608566284,-0.020370028913021088,0.644475519657135,0.6866012215614319,-0.02438918687403202,0.637599766254425,0.6840673685073853,-0.022177090868353844,0.6710863709449768,0.6520233154296875,0.0029919787775725126,0.6738846302032471,0.6219084858894348,-0.02104921080172062,0.6757177710533142,0.68924880027771,-0.007833960466086864,0.6717236638069153,0.687443733215332,0.005508230067789555,0.7056465744972229,0.6499276161193848,-0.0017098812386393547,0.7018605470657349,0.6379610896110535,-0.012134598568081856,0.7065813541412354,0.6876386404037476,-0.0015678716590628028,0.7079376578330994,0.6876202821731567,0.008000651374459267,FIST
0.6956816911697388,0.7869428396224976,-4.708414564902341e-07,0.6441875696182251,0.7931755781173706,-0.023929618299007416,0.5928104519844055,0.7377220392227173,-0.02667474001646042,0.577775776386261,0.6662112474441528,-0.02705858089029789,0.5979690551757812,0.624887228012085,-0.021065495908260345,0.6075193881988525,0.6591576933860779,0.0032806473318487406,0.6119594573974609,0.622003436088562,-0.020164398476481438,0.6179599165916443,0.6784579753875732,-0.03033636510372162,0.6158021688461304,0.6892284154891968,-0.03553904592990875,0.6418973207473755,0.6529504656791687,0.006039055064320564,0.6403615474700928,0.6174512505531311,-0.02022530697286129,0.6456561088562012,0.6866891980171204,-0.024030392989516258,0.6430839896202087,0.6870627403259277,-0.02046881429851055,0.6737259030342102,0.6543388962745667,0.00248234742321074,0.6755820512771606,0.6238563060760498,-0.02344079129397869,0.6764258146286011,0.688793420791626,-0.011572309769690037,0.6740664839744568,0.6888884902000427,0.002263619564473629,0.7076367735862732,0.6552267670631409,-0.003732447512447834,0.7030139565467834,0.6392175555229187,-0.014783687889575958,0.7049460411071777,0.6869074702262878,-0.0038182002026587725,0.7063629031181335,0.6891888976097107,0.006996877025812864,FIST
0.6963326334953308,0.7882444262504578,-4.7120616386564507e-07,0.6461952924728394,0.7945664525032043,-0.024712948128581047,0.5932775139808655,0.7369111180305481,-0.02661687321960926,0.5773548483848572,0.665692925453186,-0.025389857590198517,0.5986640453338623,0.6240395307540894,-0.01749275252223015,0.6054987907409668,0.6577029228210449,0.0020003006793558598,0.6129378080368042,0.6241348385810852,-0.02045499160885811,0.6189572215080261,0.6788884401321411,-0.03035847470164299,0.6135581135749817,0.6833887696266174,-0.03635591268539429,0.6404445171356201,0.651880145072937,0.005654521752148867,0.6412403583526611,0.6176137924194336,-0.02017032727599144,0.6466939449310303,0.6866809129714966,-0.02363533526659012,0.6416164040565491,0.6826682686805725,-0.020295994356274605,0.6725513935089111,0.6535505652427673,0.0030757817439734936,0.6757558584213257,0.6247106790542603,-0.02258860506117344,0.6770461797714233,0.6898338794708252,-0.010601227171719074,0.6735442280769348,0.6857408285140991,0.0028773010708391666,0.7063823342323303,0.6539658308029175,-0.002228368539363146,0.7034565210342407,0.6414074301719666,-0.014294256456196308,0.705939531326294,0.6895564198493958,-0.004495399072766304,0.7068965435028076,0.6891979575157166,0.005372374318540096,FIST
0.6965701580047607,0.787937581539154,-4.75073164807327e-07,0.6474223732948303,0.7961416840553284,-0.024223482236266136,0.5921062231063843,0.7376716732978821,-0.02575121819972992,0.5755892395973206,0.663864016532898,-0.02443118393421173,0.5966433882713318,0.6249334216117859,-0.01680828258395195,0.6049522161483765,0.6592960357666016,0.002305396366864443,0.6115906834602356,0.6218141913414001,-0.0213004183024168,0.617986798286438,0.6769770383834839,-0.031279608607292175,0.6123542785644531,0.6864132881164551,-0.0361713208258152,0.6405302286148071,0.6546118259429932,0.005873863119632006,0.6404458284378052,0.616808295249939,-0.020700018852949142,0.6467048525810242,0.6858876347541809,-0.02379247359931469,0.6407508254051208,0.6857011914253235,-0.01935598812997341,0.6727734804153442,0.655849039554596,0.003078596666455269,0.6748822331428528,0.6242868304252625,-0.02398354932665825,0.6771993637084961,0.6894965767860413,-0.012739297933876514,0.6728223562240601,0.6891227960586548,0.0011392277665436268,0.7061665058135986,0.655400276184082,-0.002207739045843482,0.702917218208313,0.6402907967567444,-0.015028296038508415,0.7065119743347168,0.688815712928772,-0.005324112717062235,0.7071687579154968,0.6909008622169495,0.004932259675115347,FIST
0.6981658935546875,0.7897853255271912,-4.99305883749912e-07,0.6470146179199219,0.800322949886322,-0.025579452514648438,0.5904392600059509,0.7385417819023132,-0.02594488486647606,0.5751670002937317,0.6638363003730774,-0.022582149133086205,0.5982567071914673,0.6256697773933411,-0.012391467578709126,0.601434588432312,0.6609665751457214,-6.57420468996861e-06,0.6087008714675903,0.6230816841125488,-0.022523796185851097,0.6167953014373779,0.6799871325492859,-0.03168606013059616,0.6102240085601807,0.6860533952713013,-0.03685837984085083,0.638529896736145,0.6551771759986877,0.005129678174853325,0.6386041641235352,0.6176967024803162,-0.02062920480966568,0.6460748314857483,0.6893910765647888,-0.02350238710641861,0.6384015679359436,0.6860346794128418,-0.01958562806248665,0.6717715263366699,0.6554334759712219,0.0040389723144471645,0.6735467314720154,0.6241590976715088,-0.02147880755364895,0.6770101189613342,0.6924762725830078,-0.009306374937295914,0.6721769571304321,0.6890116930007935,0.004253495950251818,0.7057620882987976,0.6522898077964783,0.0002407597057754174,0.702303946018219,0.6397307515144348,-0.011309408582746983,0.70688396692276,0.6902498006820679,-0.0016407743096351624,0.708092987537384,0.690021276473999,0.007881734520196915,FIST
0.695565402507782,0.7928552627563477,-5.068575887889892e-07,0.6441672444343567,0.7958900332450867,-0.022541770711541176,0.5888446569442749,0.7334001064300537,-0.021427664905786514,0.5760438442230225,0.6626015305519104,-0.01763777993619442,0.6019837856292725,0.6282903552055359,-0.007507432717829943,0.6034501791000366,0.6594108939170837,0.004562560003250837,0.6103527545928955,0.6218737363815308,-0.017146192491054535,0.6168239712715149,0.678853452205658,-0.02597293071448803,0.6091640591621399,0.684649646282196,-0.030654745176434517,0.6403018832206726,0.654662013053894,0.00786634348332882,0.639792263507843,0.61713045835495,-0.01642644591629505,0.6460233330726624,0.6886215209960938,-0.01875380612909794,0.6387127041816711,0.6851627230644226,-0.014368182979524136,0.6736021041870117,0.6555752158164978,0.004931320436298847,0.6748544573783875,0.6238182783126831,-0.01931341178715229,0.6772363781929016,0.6912593245506287,-0.007963945157825947,0.6725267767906189,0.6880877017974854,0.0051027629524469376,0.7074685096740723,0.6544987559318542,-0.0005250397371128201,0.7029113173484802,0.6390936970710754,-0.010592388920485973,0.7060317993164062,0.6883454322814941,-0.00033731129951775074,0.7074052691459656,0.6889529824256897,0.009559870697557926,FIST
0.6986196041107178,0.7908504009246826,-4.599631608925847e-07,0.6444968581199646,0.7891108989715576,-0.022074691951274872,0.5933780074119568,0.7338781952857971,-0.023867754265666008,0.5776716470718384,0.6657783389091492,-0.02413114905357361,0.598203718662262,0.6246910095214844,-0.01794804446399212,0.6081702709197998,0.6591495871543884,0.009486780501902103,0.6101566553115845,0.62127685546875,-0.013423940166831017,0.6162493228912354,0.6781399250030518,-0.023536963388323784,0.613185465335846,0.6859681606292725,-0.02837268076837063,0.6420958042144775,0.6532840728759766,0.011800871230661869,0.6396007537841797,0.6166790723800659,-0.013638708740472794,0.6440423727035522,0.6858494877815247,-0.01711507886648178,0.6407895684242249,0.683873176574707,-0.012708611786365509,0.673875629901886,0.6541045308113098,0.007501014042645693,0.6735957860946655,0.623623251914978,-0.017904754728078842,0.6750742197036743,0.6878852248191833,-0.006964575033634901,0.6736463904380798,0.6855960488319397,0.0069880313239991665,0.7079178690910339,0.6554823517799377,0.0006964110070839524,0.702050507068634,0.6393439769744873,-0.009267888963222504,0.7032729983329773,0.6864516139030457,0.0016671025659888983,0.7057991027832031,0.6875947713851929,0.012916547246277332,FIST
0.6978740096092224,0.7900276184082031,-4.842293606088788e-07,0.6453548073768616,0.7940219044685364,-0.02346399798989296,0.590684175491333,0.7331271171569824,-0.02298682928085327,0.577632486820221,0.661429762840271,-0.019765252247452736,0.6018683910369873,0.6231790781021118,-0.009901909157633781,0.6035842895507812,0.6590777039527893,0.006128471344709396,0.6106399893760681,0.6229376792907715,-0.015647633001208305,0.6161898374557495,0.679266095161438,-0.024798115715384483,0.6096439361572266,0.6838148832321167,-0.029572896659374237,0.6392678618431091,0.6530877351760864,0.010388948023319244,0.6401158571243286,0.617989182472229,-0.014726340770721436,0.6450191736221313,0.6873572468757629,-0.017872609198093414,0.6390843987464905,0.6833078265190125,-0.013761411421000957,0.6719761490821838,0.6534117460250854,0.008176454342901707,0.6743074059486389,0.62455815076828,-0.0164002925157547,0.675948977470398,0.6904796361923218,-0.005366811528801918,0.6720567941665649,0.6863904595375061,0.007774180732667446,0.7052330374717712,0.6523799300193787,0.003339761169627309,0.701444685459137,0.6390519142150879,-0.0064410557970404625,0.7040069699287415,0.6882836222648621,0.0034957388415932655,0.705578625202179,0.6882652044296265,0.013326512649655342,FIST
0.6976116299629211,0.7891643643379211,-4.7316436280198104e-07,0.6492952108383179,0.7979004979133606,-0.026150505989789963,0.59441077709198,0.7390057444572449,-0.028154660016298294,0.5760165452957153,0.6666081547737122,-0.026910126209259033,0.5962250828742981,0.6243707537651062,-0.019077064469456673,0.6032165288925171,0.6585206985473633,0.001686403644271195,0.6104860305786133,0.6225648522377014,-0.020849725231528282,0.6176766157150269,0.6782985329627991,-0.030509022995829582,0.6127092242240906,0.6856232285499573,-0.036022771149873734,0.6387373805046082,0.6523007154464722,0.006131552159786224,0.6391274333000183,0.6162825226783752,-0.020856909453868866,0.6454839110374451,0.6863930821418762,-0.025210266932845116,0.6399160623550415,0.685524046421051,-0.022016895934939384,0.6712299585342407,0.6534745693206787,0.004278667736798525,0.6742174625396729,0.6232559680938721,-0.02278890833258629,0.6765578389167786,0.689418613910675,-0.01158995646983385,0.6723036766052246,0.6881217956542969,0.001915551139973104,0.705406129360199,0.6525322198867798,-0.0002100722776958719,0.7015312314033508,0.6375887393951416,-0.012849698774516582,0.7056628465652466,0.6866931915283203,-0.0029967871960252523,0.7063916921615601,0.6886782646179199,0.007179787382483482,FIST
0.7000810503959656,0.7879046201705933,-5.020550588596961e-07,0.6471399664878845,0.797563374042511,-0.02077586203813553,0.5907586216926575,0.7380754947662354,-0.019667213782668114,0.5754031538963318,0.6637068390846252,-0.016138853505253792,0.5976712107658386,0.6240208148956299,-0.0060806977562606335,0.6030852198600769,0.6603065729141235,0.006488678976893425,0.610534131526947,0.623634934425354,-0.014475059695541859,0.6169655919075012,0.6796646118164062,-0.02436627633869648,0.610457181930542,0.6865056157112122,-0.03077862225472927,0.6385701894760132,0.6535098552703857,0.009242251515388489,0.6388956308364868,0.617914617061615,-0.015605796128511429,0.6452778577804565,0.6875211596488953,-0.020505502820014954,0.6386221051216125,0.6866942644119263,-0.018867939710617065,0.6711227297782898,0.6539360880851746,0.006252732593566179,0.6729556322097778,0.6222385168075562,-0.01767674647271633,0.6764284372329712,0.6887884140014648,-0.005959304515272379,0.6723971366882324,0.6883817315101624,0.006543767172843218,0.7054352760314941,0.6520575881004333,0.0008367116097360849,0.7014183402061462,0.6388552188873291,-0.009129180572926998,0.7062545418739319,0.6883887648582458,0.001152598299086094,0.7073374390602112,0.6896423697471619,0.010631217621266842,FIST
0.6990229487419128,0.7862550020217896,-4.7268622438423336e-07,0.6495059728622437,0.7981518507003784,-0.02613203413784504,0.5942595601081848,0.7404977083206177,-0.027534665539860725,0.576835036277771,0.6675141453742981,-0.025448160246014595,0.5969004034996033,0.6261729001998901,-0.016807707026600838,0.6026343703269958,0.6591137647628784,0.002861658576875925,0.6122268438339233,0.623393177986145,-0.01888718642294407,0.6186924576759338,0.6790734529495239,-0.028396235778927803,0.6116209626197815,0.6861404776573181,-0.033943355083465576,0.638062596321106,0.6524866223335266,0.00774237047880888,0.6394222974777222,0.6175373196601868,-0.018060490489006042,0.6459636688232422,0.6869276165962219,-0.022263364866375923,0.6389902830123901,0.6851187944412231,-0.019201645627617836,0.6704195737838745,0.652563750743866,0.006265529431402683,0.6742952466011047,0.6238717436790466,-0.019320469349622726,0.676990807056427,0.6894906759262085,-0.008377688005566597,0.6713033318519592,0.6863789558410645,0.004438270814716816,0.7040292620658875,0.6499490737915039,0.0020638250280171633,0.701155424118042,0.6375159621238708,-0.009212123230099678,0.7063506841659546,0.6862370371818542,0.0006425809697248042,0.7070653438568115,0.6859667897224426,0.010404471307992935,FIST
0.6991979479789734,0.7915534973144531,-4.7249045564967673e-07,0.6481648683547974,0.7964272499084473,-0.025489909574389458,0.5946317315101624,0.7399502396583557,-0.027452606707811356,0.5770888924598694,0.6691188812255859,-0.026693321764469147,0.5964356660842896,0.6268106698989868,-0.01947060413658619,0.605952262878418,0.6579993963241577,0.005477678030729294,0.6116598844528198,0.621795654296875,-0.017516518011689186,0.6188308596611023,0.6794232726097107,-0.02777387760579586,0.61324542760849,0.6862607002258301,-0.03307652100920677,0.6410988569259644,0.65290367603302,0.009341701865196228,0.6405211091041565,0.6170400977134705,-0.015704985707998276,0.646599292755127,0.6878259778022766,-0.018745293840765953,0.6414840221405029,0.6847546696662903,-0.014444360509514809,0.6736174821853638,0.6546594500541687,0.006312405224889517,0.674939751625061,0.6231766939163208,-0.019350001588463783,0.676875650882721,0.6895187497138977,-0.008567538112401962,0.6739789247512817,0.686573326587677,0.0048558455891907215,0.7075527906417847,0.6549049615859985,0.0004952751914970577,0.7030690312385559,0.6385883092880249,-0.010823974385857582,0.7052635550498962,0.687662661075592,-0.0008580180001445115,0.7071803212165833,0.6887341141700745,0.009539303369820118,FIST
0.6959428787231445,0.7915255427360535,-4.709291090421175e-07,0.6447985172271729,0.7919211387634277,-0.022861259058117867,0.5919203758239746,0.7367991209030151,-0.024994973093271255,0.575729250907898,0.6658689379692078,-0.025339258834719658,0.5988339781761169,0.6253156661987305,-0.01934116892516613,0.60744309425354,0.6580464243888855,0.005671860184520483,0.609194278717041,0.6222609281539917,-0.017863929271697998,0.614673376083374,0.6783089637756348,-0.02872505970299244,0.6112946271896362,0.684075117111206,-0.03474058955907822,0.6430478096008301,0.6534145474433899,0.008219541050493717,0.6387129426002502,0.6175795793533325,-0.017839297652244568,0.6431761980056763,0.6869261264801025,-0.021555187180638313,0.6408596634864807,0.6830848455429077,-0.01804909110069275,0.6754467487335205,0.6554294228553772,0.004321891814470291,0.6733883619308472,0.6222295761108398,-0.02103510871529579,0.6735742688179016,0.6878878474235535,-0.008715689182281494,0.6730808019638062,0.6856082677841187,0.005498590879142284,0.7091681957244873,0.6567686796188354,-0.0022847545333206654,0.701474666595459,0.6389758586883545,-0.01257227174937725,0.7017986178398132,0.6872597932815552,-0.0012666387483477592,0.7049777507781982,0.6894720196723938,0.009823357686400414,FIST
0.6955858469009399,0.7871776223182678,-5.113431598147145e-07,0.6449460387229919,0.7932762503623962,-0.02200029045343399,0.5900100469589233,0.7358042001724243,-0.023261619731783867,0.5758076310157776,0.6635863184928894,-0.02254067361354828,0.5990384221076965,0.6252279877662659,-0.015691522508859634,0.6077361702919006,0.6590465307235718,0.003570947563275695,0.6109752655029297,0.6213944554328918,-0.02076636254787445,0.6163679957389832,0.6791418194770813,-0.0313824862241745,0.6128088235855103,0.6880872845649719,-0.03667548671364784,0.642028272151947,0.6540838479995728,0.006163479294627905,0.6395922899246216,0.6173858642578125,-0.01998540759086609,0.6443047523498535,0.6868152618408203,-0.022677592933177948,0.640727162361145,0.6857566833496094,-0.018371915444731712,0.6737784743309021,0.6551609635353088,0.002405740786343813,0.6737714409828186,0.6230468153953552,-0.023236911743879318,0.6752120852470398,0.688727080821991,-0.010738423094153404,0.672833263874054,0.6884888410568237,0.0033887242898344994,0.7061218023300171,0.6555275321006775,-0.0039161439053714275,0.7017320990562439,0.6399028897285461,-0.015201280824840069,0.7041269540786743,0.6887982487678528,-0.004765892866998911,0.7059891819953918,0.6914039850234985,0.0055336602963507175,FIST
0.6962223052978516,0.7895561456680298,-4.998913709641783e-07,0.6434023380279541,0.8008697032928467,-0.022696223109960556,0.5888838768005371,0.739176869392395,-0.02321389690041542,0.5747596025466919,0.6647796630859375,-0.020973829552531242,0.5968953371047974,0.6255268454551697,-0.012476354837417603,0.6033627986907959,0.6592539548873901,0.002141324570402503,0.6117174029350281,0.6224232316017151,-0.020465631037950516,0.6170029640197754,0.67767333984375,-0.031113428995013237,0.611398458480835,0.6869664192199707,-0.03755304589867592,0.6393094658851624,0.6535005569458008,0.005065728444606066,0.6400741338729858,0.6187114119529724,-0.02054353803396225,0.6449692249298096,0.6871585249900818,-0.02512110024690628,0.6395807862281799,0.6879605054855347,-0.02305973507463932,0.672064483165741,0.654895544052124,0.0020995934028178453,0.6749045252799988,0.6252554059028625,-0.02296442538499832,0.6763901710510254,0.6903136968612671,-0.011182337068021297,0.6725721955299377,0.690847635269165,0.0016818216536194086,0.7067047357559204,0.6545869708061218,-0.003396386280655861,0.7031845450401306,0.6399526000022888,-0.014245357364416122,0.7068387866020203,0.6886334419250488,-0.003701370907947421,0.7080276012420654,0.691128134727478,0.00618149247020483,FIST
0.6982563734054565,0.7916131615638733,-4.655918530716008e-07,0.6437654495239258,0.7922548055648804,-0.022244170308113098,0.5907915830612183,0.7357853651046753,-0.02333769202232361,0.574715793132782,0.6673001050949097,-0.022323286160826683,0.5949016809463501,0.6270416975021362,-0.014882005751132965,0.6060813069343567,0.6595638394355774,0.007195810321718454,0.6117847561836243,0.6214088201522827,-0.01487478893250227,0.618375837802887,0.6782745122909546,-0.024778293445706367,0.61296147108078,0.6863236427307129,-0.03017043136060238,0.6407448649406433,0.6540682315826416,0.009878087788820267,0.6407821774482727,0.6180136203765869,-0.014575508423149586,0.6460083723068237,0.6875575184822083,-0.01822279579937458,0.6406521201133728,0.6854560375213623,-0.014979432336986065,0.673134982585907,0.6554725766181946,0.006215763743966818,0.6755045056343079,0.6238754987716675,-0.018373975530266762,0.6769453883171082,0.6896538138389587,-0.007620784919708967,0.6732212901115417,0.6882341504096985,0.005143067799508572,0.7070995569229126,0.6566959619522095,4.731477747554891e-05,0.7040838003158569,0.6409503221511841,-0.010494030080735683,0.7057917714118958,0.6896103620529175,-0.0005546957836486399,0.7062646746635437,0.6908704042434692,0.009370451793074608,FIST
0.6974248886108398,0.7901942133903503,-4.725291375962115e-07,0.6446062922477722,0.7940360903739929,-0.024316612631082535,0.5905349850654602,0.7366027235984802,-0.026118945330381393,0.5761427283287048,0.6657314896583557,-0.025254569947719574,0.5998077988624573,0.6249656081199646,-0.017858190461993217,0.6060036420822144,0.6579570174217224,0.004115001298487186,0.612991213798523,0.6224422454833984,-0.019348811358213425,0.6172716021537781,0.6792603731155396,-0.029981141909956932,0.6113928556442261,0.6857891082763672,-0.03576718643307686,0.6407844424247742,0.6528098583221436,0.007916150614619255,0.6412410140037537,0.618404746055603,-0.018753444775938988,0.6447872519493103,0.688510000705719,-0.022998373955488205,0.6395896077156067,0.685533881187439,-0.019699789583683014,0.6725749969482422,0.653840184211731,0.005270988680422306,0.6748942136764526,0.6248921751976013,-0.020328283309936523,0.6754534244537354,0.6909093260765076,-0.009097517468035221,0.6718989610671997,0.6872094869613647,0.00429954519495368,0.7055936455726624,0.6533210873603821,-7.414678839268163e-05,0.7015212774276733,0.6393572092056274,-0.010876421816647053,0.7038936614990234,0.6877972483634949,-0.0006372516509145498,0.7055070400238037,0.6877517104148865,0.009706452488899231,FIST
0.6955004930496216,0.7878420352935791,-5.01474403336033e-07,0.6444064974784851,0.7945525050163269,-0.022621914744377136,0.587893009185791,0.7379767894744873,-0.02317778393626213,0.5722495913505554,0.6665375232696533,-0.021294787526130676,0.5956499576568604,0.6289601922035217,-0.013316004537045956,0.6034082770347595,0.660993218421936,0.0035220070276409388,0.6106862425804138,0.6209186315536499,-0.020957201719284058,0.6166292428970337,0.6774584650993347,-0.03181960806250572,0.6096618175506592,0.6877657175064087,-0.037230148911476135,0.6392648816108704,0.6562517285346985,0.006508077494800091,0.6393638849258423,0.6177334785461426,-0.02098892256617546,0.6455100774765015,0.687449038028717,-0.025278976187109947,0.6382273435592651,0.6877411603927612,-0.021638881415128708,0.6723037362098694,0.6563943028450012,0.0032436007168143988,0.6743136048316956,0.623490035533905,-0.02401760034263134,0.6771993041038513,0.69033282995224,-0.013198177330195904,0.6711664795875549,0.6899694800376892,0.00029753841226920485,0.7055812478065491,0.6551745533943176,-0.0023681463208049536,0.7023940682411194,0.6392492055892944,-0.014690057374536991,0.7067210078239441,0.6893544793128967,-0.004819152876734734,0.7070564031600952,0.6913712620735168,0.005302708595991135,FIST
0.6976110339164734,0.790087103843689,-4.598557552526472e-07,0.6433031558990479,0.7913966774940491,-0.023828845471143723,0.5906695127487183,0.7347573637962341,-0.025059444829821587,0.5762548446655273,0.6669830679893494,-0.023965738713741302,0.5986770391464233,0.6266407370567322,-0.01651802659034729,0.6067562699317932,0.6591995358467102,0.007368634454905987,0.6120425462722778,0.622759222984314,-0.014577662572264671,0.6171198487281799,0.6795340180397034,-0.024512721225619316,0.6120070219039917,0.6871375441551208,-0.029796557500958443,0.6411553025245667,0.653545618057251,0.010818307287991047,0.6403618454933167,0.6174493432044983,-0.014433293603360653,0.644439697265625,0.6869581341743469,-0.018822429701685905,0.6402112245559692,0.6860707402229309,-0.01543750986456871,0.6732614040374756,0.6544273495674133,0.0077619715593755245,0.6748616099357605,0.6235735416412354,-0.01734650693833828,0.6753705739974976,0.6893817782402039,-0.007285850588232279,0.6722645163536072,0.6881301999092102,0.0055923559702932835,0.7068774700164795,0.6548343300819397,0.0021135457791388035,0.7019867897033691,0.639017641544342,-0.00847702007740736,0.7035685777664185,0.6872525215148926,0.0015028381021693349,0.7051470279693604,0.6889216303825378,0.011769058182835579,FIST
0.6983996629714966,0.7921433448791504,-4.488625506837707e-07,0.6440359950065613,0.7925189733505249,-0.0236689243465662,0.5907145142555237,0.7362000942230225,-0.025548730045557022,0.575858473777771,0.6658793091773987,-0.025215156376361847,0.598835825920105,0.624586284160614,-0.018528930842876434,0.6059315800666809,0.6597533822059631,0.007206818088889122,0.612986147403717,0.6231321692466736,-0.01619407720863819,0.6178854703903198,0.6790976524353027,-0.027185508981347084,0.6116589307785034,0.6865812540054321,-0.03299270197749138,0.6409395337104797,0.6544072031974792,0.010171322152018547,0.641670286655426,0.6184037923812866,-0.015782268717885017,0.6456133723258972,0.6868985891342163,-0.0203124787658453,0.6404337882995605,0.6848796010017395,-0.017097996547818184,0.6731999516487122,0.655369758605957,0.006505167111754417,0.6753171682357788,0.624132513999939,-0.019179455935955048,0.6759997010231018,0.6888166069984436,-0.008795876987278461,0.672596275806427,0.6868964433670044,0.004375858698040247,0.7073109149932861,0.6561155915260315,0.00020404800307005644,0.7029998302459717,0.6395438313484192,-0.010525725781917572,0.7045236825942993,0.6875978112220764,-0.0001629787147976458,0.7059277892112732,0.6896867156028748,0.010486727580428123,FIST
0.6953727602958679,0.79112708568573,-4.84268866784987e-07,0.6440492272377014,0.7946971654891968,-0.024546263739466667,0.5931801199913025,0.7373669147491455,-0.02705720253288746,0.5788865685462952,0.6662974953651428,-0.027100570499897003,0.5987569689750671,0.6249738335609436,-0.02093733847141266,0.6061643362045288,0.658622682094574,0.002468767110258341,0.610542356967926,0.6223491430282593,-0.021752333268523216,0.6179187297821045,0.6801957488059998,-0.03212700039148331,0.6140673160552979,0.6865488290786743,-0.03728891536593437,0.6420304179191589,0.6541383266448975,0.005546575412154198,0.6404009461402893,0.6173720359802246,-0.020829664543271065,0.6459926962852478,0.688321590423584,-0.02353333868086338,0.6421846151351929,0.6854903697967529,-0.018809257075190544,0.6751648187637329,0.6556527018547058,0.0020295872818678617,0.6755759119987488,0.6242626905441284,-0.02487473376095295,0.6769180297851562,0.6910315752029419,-0.013294688425958157,0.674392819404602,0.6887848377227783,0.0008577024564146996,0.7086054682731628,0.6569053530693054,-0.004123112186789513,0.7041657567024231,0.6403544545173645,-0.016071371734142303,0.7055060863494873,0.6898967027664185,-0.005527860019356012,0.7072719931602478,0.6921074390411377,0.005350606516003609,FIST
0.6988292336463928,0.7906981110572815,-4.708369374384347e-07,0.6469529271125793,0.7950186729431152,-0.025149941444396973,0.5927306413650513,0.7383407950401306,-0.02764236368238926,0.5773345232009888,0.6674779057502747,-0.027210203930735588,0.5991955995559692,0.6270461082458496,-0.020419836044311523,0.6065294742584229,0.6640007495880127,0.0010539565701037645,0.6123278737068176,0.6217896938323975,-0.02317408286035061,0.6193451881408691,0.6785373687744141,-0.032999660819768906,0.614604651927948,0.6875972151756287,-0.037681277841329575,0.6410518884658813,0.6580769419670105,0.004969100467860699,0.6419416666030884,0.617016077041626,-0.021861450746655464,0.6480321288108826,0.6867702007293701,-0.024733975529670715,0.642285943031311,0.6865522265434265,-0.020013974979519844,0.6734732985496521,0.657444417476654,0.002405584091320634,0.6766572594642639,0.6235044002532959,-0.024847880005836487,0.6791324019432068,0.6895347237586975,-0.01424489263445139,0.6739038228988647,0.6885955333709717,-0.0006700490484945476,0.7066121697425842,0.6566070914268494,-0.002712331246584654,0.704723060131073,0.6396802663803101,-0.01575447805225849,0.7082686424255371,0.6885282397270203,-0.006684623192995787,0.7084832191467285,0.6908190250396729,0.0031937945168465376,FIST
0.6974921226501465,0.7916632294654846,-4.852822144130187e-07,0.6482201218605042,0.7975220084190369,-0.02587812766432762,0.5960291028022766,0.7434016466140747,-0.030151698738336563,0.5793322324752808,0.6699726581573486,-0.03186250105500221,0.5988971590995789,0.6251693367958069,-0.027118369936943054,0.6084801554679871,0.6640950441360474,0.0003006072947755456,0.6105431318283081,0.6236591339111328,-0.025017444044351578,0.6183101534843445,0.6807259321212769,-0.03543615713715553,0.6151661276817322,0.6887402534484863,-0.04061976075172424,0.6428857445716858,0.6565321683883667,0.003666838863864541,0.6397926211357117,0.6181091666221619,-0.024051986634731293,0.6464295983314514,0.6880977153778076,-0.02686837501823902,0.6430040001869202,0.6861090660095215,-0.022222090512514114,0.6750065684318542,0.6560472846031189,0.0003372234059497714,0.6747987866401672,0.623431384563446,-0.027181081473827362,0.6772783994674683,0.6890746355056763,-0.015079147182404995,0.6748009324073792,0.6869644522666931,-0.0005637596477754414,0.7084687948226929,0.655539870262146,-0.0058328527957201,0.702725350856781,0.6388750672340393,-0.018566643819212914,0.7055078744888306,0.6866773962974548,-0.00844248104840517,0.7077901363372803,0.6887162923812866,0.0022077318280935287,FIST
0.6974972486495972,0.788154661655426,-4.969133442500606e-07,0.6475583910942078,0.8001236319541931,-0.02374251000583172,0.5926917791366577,0.7399364709854126,-0.02542591094970703,0.5778473615646362,0.6653450131416321,-0.024303048849105835,0.6014861464500427,0.6256888508796692,-0.01697622612118721,0.606450617313385,0.6599774956703186,-0.0002828335273079574,0.6112467050552368,0.6229084730148315,-0.023507146164774895,0.6178404092788696,0.6781153678894043,-0.03375347703695297,0.6143625378608704,0.6863945722579956,-0.039884958416223526,0.6419151425361633,0.6536059975624084,0.0027140111196786165,0.6394572854042053,0.616465151309967,-0.023926815018057823,0.6457828879356384,0.6861324906349182,-0.027797626331448555,0.6422715187072754,0.6871618032455444,-0.024694517254829407,0.6742070317268372,0.6548525094985962,-0.00021398169337771833,0.6746469140052795,0.6235294342041016,-0.026281794533133507,0.6775517463684082,0.6900441646575928,-0.013682061806321144,0.6749027371406555,0.6900203227996826,0.00023244712792802602,0.7082694172859192,0.6548985242843628,-0.005752116907387972,0.7028065323829651,0.6404421925544739,-0.01755933277308941,0.7070401906967163,0.6899173259735107,-0.006883550900965929,0.7089553475379944,0.6924989223480225,0.0034199911169707775,FIST
0.6979038119316101,0.7928301095962524,-4.803190449820249e-07,0.6443365812301636,0.79825359582901,-0.024270040914416313,0.5904995799064636,0.7370789051055908,-0.02474600076675415,0.5781208276748657,0.664813756942749,-0.021972980350255966,0.6017544865608215,0.6264877319335938,-0.01248293835669756,0.6058676242828369,0.6604763865470886,0.00217556138522923,0.6135022640228271,0.6247144937515259,-0.01966932602226734,0.618744432926178,0.6808508634567261,-0.02952224761247635,0.6131981611251831,0.6874870657920837,-0.03548232465982437,0.6417973041534424,0.6543463468551636,0.006599894724786282,0.6423007845878601,0.6189386248588562,-0.01845247484743595,0.6470027565956116,0.6888838410377502,-0.02250371128320694,0.6421213746070862,0.6863765120506287,-0.019971344619989395,0.6743676066398621,0.6556971073150635,0.0050390432588756084,0.6768138408660889,0.6245619654655457,-0.01918213441967964,0.6775339841842651,0.6911466717720032,-0.007030511740595102,0.6749334931373596,0.6892234086990356,0.006147041916847229,0.7087173461914062,0.6555665135383606,0.0007674068328924477,0.7043609023094177,0.640406608581543,-0.009407619014382362,0.706682562828064,0.6886748671531677,0.00110950309317559,0.7086400985717773,0.6888889074325562,0.011075438931584358,FIST
0.6988713145256042,0.7910677790641785,-4.6980113665995304e-07,0.6466691493988037,0.7968075275421143,-0.024594949558377266,0.5934929251670837,0.7396149635314941,-0.02636953443288803,0.5791427493095398,0.6673768758773804,-0.02557784877717495,0.602989137172699,0.6265710592269897,-0.018473265692591667,0.6076245307922363,0.6609102487564087,0.00547268521040678,0.6137003898620605,0.6246331930160522,-0.01781284064054489,0.6203908324241638,0.6815495491027832,-0.02860121987760067,0.6153352856636047,0.687493085861206,-0.03466353565454483,0.6427949070930481,0.6553369760513306,0.008854719810187817,0.6422885656356812,0.6188283562660217,-0.017518283799290657,0.6474772691726685,0.6882617473602295,-0.02198101580142975,0.6421610713005066,0.6857742667198181,-0.01871345564723015,0.6750531792640686,0.6560354828834534,0.005587839987128973,0.676675021648407,0.6257870197296143,-0.020826430991292,0.6783424019813538,0.6919059157371521,-0.010426882654428482,0.6741748452186584,0.6889535188674927,0.002623164327815175,0.7089807987213135,0.6554390788078308,-0.0003580711781978607,0.7050082087516785,0.6406965255737305,-0.012377314269542694,0.7078522443771362,0.6901077032089233,-0.002764600096270442,0.7091016173362732,0.6915243268013,0.0072471387684345245,FIST
0.7004823684692383,0.7965655326843262,-4.5653482061425166e-07,0.6486020088195801,0.7968220114707947,-0.02679544873535633,0.596354603767395,0.7372964024543762,-0.029611442238092422,0.5804699659347534,0.6668441891670227,-0.029788045212626457,0.603278398513794,0.6252427697181702,-0.023182367905974388,0.611172080039978,0.6615884900093079,0.005668697878718376,0.6131911873817444,0.6229896545410156,-0.017018325626850128,0.6210249662399292,0.6814432740211487,-0.02587135322391987,0.6183705925941467,0.6886334419250488,-0.029958562925457954,0.6460553407669067,0.6554054617881775,0.010307405143976212,0.6428514719009399,0.6171082258224487,-0.014750167727470398,0.6488097310066223,0.6900768876075745,-0.016383955255150795,0.6450117230415344,0.6865043044090271,-0.010459723882377148,0.6784470677375793,0.6567414999008179,0.007810548413544893,0.6785132884979248,0.6248821020126343,-0.017654232680797577,0.679665207862854,0.6923252940177917,-0.005675731226801872,0.6776062250137329,0.6889838576316833,0.008940373547375202,0.7126321196556091,0.657625138759613,0.0023442276287823915,0.7070745229721069,0.641031801700592,-0.008267439901828766,0.7081584334373474,0.6894240975379944,0.0023526044096797705,0.7106689810752869,0.6899356842041016,0.013304650783538818,FIST
0.7017354965209961,0.7989285588264465,-4.5618043031936395e-07,0.6476085782051086,0.7955279350280762,-0.025406140834093094,0.5963631272315979,0.736957848072052,-0.028631368651986122,0.5819747447967529,0.6673590540885925,-0.02981395460665226,0.6031357049942017,0.6259654760360718,-0.0243437048047781,0.6117720007896423,0.6617035865783691,0.005954074207693338,0.6130532026290894,0.6220958232879639,-0.017600800842046738,0.6196780800819397,0.6808797717094421,-0.02676856890320778,0.6175629496574402,0.6879714131355286,-0.030769525095820427,0.6461663246154785,0.6562809348106384,0.009500727988779545,0.6429542899131775,0.6171531677246094,-0.01662597991526127,0.6473100781440735,0.6897164583206177,-0.018719131126999855,0.6447179317474365,0.6858042478561401,-0.012873762287199497,0.6785567998886108,0.6574499607086182,0.006022490095347166,0.6778972148895264,0.6249696016311646,-0.020266614854335785,0.6781736016273499,0.6924403309822083,-0.008619416505098343,0.676800012588501,0.6890397667884827,0.006128830835223198,0.7125012874603271,0.6591450572013855,-0.00029993162024766207,0.706218957901001,0.6419603824615479,-0.011217239312827587,0.7061049938201904,0.6903910636901855,-0.0006152756395749748,0.7089647650718689,0.6913550496101379,0.010601088404655457,FIST
0.7007981538772583,0.7984702587127686,-4.6608289494542987e-07,0.6456580758094788,0.7914813160896301,-0.02370942011475563,0.5949944853782654,0.7334619164466858,-0.025700852274894714,0.5823677778244019,0.6646214723587036,-0.025988545268774033,0.6083129644393921,0.6276494264602661,-0.02007778361439705,0.6105471253395081,0.662208616733551,0.008051997981965542,0.6152729392051697,0.6220322847366333,-0.016222035512328148,0.6222583055496216,0.6799169778823853,-0.026054250076413155,0.6176055073738098,0.6858693957328796,-0.030409522354602814,0.645649790763855,0.657163679599762,0.010515406727790833,0.6456136703491211,0.6174333095550537,-0.0167673472315073,0.6507969498634338,0.6892496347427368,-0.019451962783932686,0.6456685662269592,0.6856309771537781,-0.013629973866045475,0.67829829454422,0.6577064990997314,0.005872955545783043,0.680300772190094,0.6259902119636536,-0.022114144638180733,0.6813851594924927,0.6935867071151733,-0.012091820128262043,0.6770134568214417,0.6896555423736572,0.0021393243223428726,0.7118186354637146,0.6594132781028748,-0.0013683082070201635,0.7082990407943726,0.642719566822052,-0.013578685000538826,0.7092782258987427,0.6921378374099731,-0.003979850094765425,0.7101925015449524,0.6937385201454163,0.006701568141579628,FIST
0.7043120265007019,0.8007051348686218,-4.268236750704091e-07,0.6477927565574646,0.7881550788879395,-0.024648409336805344,0.5983303785324097,0.7350643873214722,-0.027974601835012436,0.5825014710426331,0.6700447797775269,-0.02979889325797558,0.6054698824882507,0.6297137141227722,-0.02488277480006218,0.6129896640777588,0.6631954908370972,0.01185700111091137,0.6161161065101624,0.6226052641868591,-0.012110010720789433,0.6230224370956421,0.6807256937026978,-0.02280513383448124,0.619279146194458,0.6882789731025696,-0.027817368507385254,0.6485083103179932,0.6578571796417236,0.014620303176343441,0.646571159362793,0.6177751421928406,-0.012099262326955795,0.6510754227638245,0.6890036463737488,-0.016089512035250664,0.6466456651687622,0.685749888420105,-0.011306440457701683,0.6814107894897461,0.6592332720756531,0.00997116044163704,0.6814584136009216,0.6267681121826172,-0.01686127856373787,0.6819632053375244,0.6923066973686218,-0.006689958740025759,0.6787168979644775,0.6884099841117859,0.007603621110320091,0.715404748916626,0.6629698872566223,0.00253442395478487,0.7093819379806519,0.645060658454895,-0.008149889297783375,0.7095984220504761,0.6918999552726746,0.0024314261972904205,0.7115107774734497,0.6932964324951172,0.013870499096810818,FIST
0.7010413408279419,0.7977946400642395,-4.509489599513472e-07,0.6470062732696533,0.7913667559623718,-0.02473650872707367,0.5983574986457825,0.7365173697471619,-0.02887636609375477,0.5846595764160156,0.6679636836051941,-0.030991649255156517,0.605905294418335,0.6263640522956848,-0.026662401854991913,0.6149045825004578,0.6604898571968079,0.0037646295968443155,0.6170264482498169,0.6248900294303894,-0.020574010908603668,0.6229580640792847,0.6826554536819458,-0.03098829835653305,0.6199242472648621,0.6845042109489441,-0.036406319588422775,0.6500596404075623,0.6561225056648254,0.0063551804050803185,0.6466009616851807,0.6195907592773438,-0.021069319918751717,0.6498651504516602,0.6908484697341919,-0.02447003684937954,0.6474180221557617,0.6837365031242371,-0.01988168992102146,0.6820223331451416,0.6579210162162781,0.0022736869286745787,0.6797974705696106,0.6262117028236389,-0.024815956130623817,0.6801295280456543,0.6927281618118286,-0.013347897678613663,0.6798075437545776,0.6856821179389954,0.0012339182430878282,0.7146205902099609,0.6601209044456482,-0.004580235108733177,0.7077325582504272,0.6444194912910461,-0.01595121994614601,0.7071134448051453,0.6916577816009521,-0.005309422500431538,0.7104706168174744,0.6905473470687866,0.005979176610708237,FIST
0.7021408677101135,0.7991883158683777,-4.6706452394573716e-07,0.6499542593955994,0.7987710237503052,-0.024139177054166794,0.5974836945533752,0.7404260635375977,-0.026800861582159996,0.5822364091873169,0.6686561703681946,-0.02761334925889969,0.6053834557533264,0.6268523931503296,-0.02199881337583065,0.6136056780815125,0.6634954214096069,0.00700222235172987,0.6163084506988525,0.6254944205284119,-0.0172568466514349,0.6236311197280884,0.6824008822441101,-0.02791649103164673,0.6218364834785461,0.6913039088249207,-0.03323369845747948,0.6478513479232788,0.6574431657791138,0.009573678486049175,0.6454822421073914,0.619568943977356,-0.01800963096320629,0.651898205280304,0.6897305250167847,-0.02187963016331196,0.6500944495201111,0.6900436282157898,-0.017226876690983772,0.6800362467765808,0.6581127047538757,0.0052650729194283485,0.6796827912330627,0.6267791986465454,-0.02224535495042801,0.6828112602233887,0.6930385231971741,-0.010711283423006535,0.6809702515602112,0.6919249296188354,0.004199066665023565,0.7139312624931335,0.6601486802101135,-0.0017558418912813067,0.7084251642227173,0.6435152888298035,-0.014232289977371693,0.7107951641082764,0.6922179460525513,-0.0038731589447706938,0.7126935720443726,0.6953303217887878,0.007379746995866299,FIST
0.7010910511016846,0.7968778014183044,-4.5447433194567566e-07,0.6473989486694336,0.7949207425117493,-0.024087250232696533,0.5966992974281311,0.7378008365631104,-0.027277788147330284,0.5840606689453125,0.6659756302833557,-0.02873324044048786,0.6074819564819336,0.6252602934837341,-0.023916907608509064,0.6136245727539062,0.6632752418518066,0.006315413396805525,0.6148505806922913,0.6249912977218628,-0.017622768878936768,0.6207768321037292,0.68207848072052,-0.027387920767068863,0.6189914345741272,0.6889158487319946,-0.031836360692977905,0.648311972618103,0.6575596928596497,0.009040755219757557,0.6449628472328186,0.6195589303970337,-0.017916182056069374,0.6490626931190491,0.6902849078178406,-0.020885059610009193,0.6472155451774597,0.687475860118866,-0.015614315867424011,0.6803225874900818,0.6585164070129395,0.0049401577562093735,0.6796459555625916,0.6274716258049011,-0.022254208102822304,0.6799678206443787,0.6934502720832825,-0.011015997268259525,0.6786849498748779,0.6906066536903381,0.003705759532749653,0.7137100696563721,0.6601645946502686,-0.0018057597335428,0.7072570323944092,0.644472062587738,-0.013248997740447521,0.7081547379493713,0.6922675371170044,-0.0025265091098845005,0.711279571056366,0.6934912800788879,0.008926178328692913,FIST
0.7019798159599304,0.7994486093521118,-4.3614107880785014e-07,0.6479048132896423,0.7948035597801208,-0.02524132840335369,0.5980239510536194,0.7402384281158447,-0.02921094000339508,0.5836516618728638,0.6711381673812866,-0.03130078688263893,0.6062689423561096,0.6293351650238037,-0.02675674669444561,0.6139285564422607,0.6634711623191833,0.007564197294414043,0.6175193786621094,0.6249344348907471,-0.016901060938835144,0.6235072612762451,0.6811678409576416,-0.027475684881210327,0.6194707155227661,0.6884856224060059,-0.032624758780002594,0.6480579972267151,0.6577361822128296,0.010467564687132835,0.647103488445282,0.6199041604995728,-0.016934694722294807,0.6516229510307312,0.6902340650558472,-0.020752307027578354,0.647272527217865,0.6870469450950623,-0.016110772266983986,0.6801578402519226,0.6587820649147034,0.0062640453688800335,0.6810241937637329,0.62766033411026,-0.021410342305898666,0.6824218034744263,0.6935154795646667,-0.010557005181908607,0.6792344450950623,0.6899107098579407,0.003991831559687853,0.7143139839172363,0.6611278653144836,-0.0007216584053821862,0.7088631987571716,0.6441203951835632,-0.012821365147829056,0.710015058517456,0.6921665668487549,-0.002427244558930397,0.7116727828979492,0.6932608485221863,0.008940145373344421,FIST
0.7009223103523254,0.7960721850395203,-4.895450160802284e-07,0.65074622631073,0.7992345690727234,-0.024195609614253044,0.598783016204834,0.7402145266532898,-0.026640133932232857,0.5828161835670471,0.6661022901535034,-0.026728369295597076,0.6047058701515198,0.6237044334411621,-0.020486515015363693,0.6106350421905518,0.6659559011459351,0.0026756084989756346,0.6146104335784912,0.626498818397522,-0.02100159041583538,0.6214414834976196,0.6838775277137756,-0.030570141971111298,0.6185455322265625,0.6894504427909851,-0.035404812544584274,0.6459760069847107,0.6599499583244324,0.006132900714874268,0.6446067690849304,0.6207666993141174,-0.020173223689198494,0.6496413946151733,0.6915457844734192,-0.022535648196935654,0.6463106870651245,0.6886929273605347,-0.01769883558154106,0.6788569092750549,0.6601454019546509,0.003125627525150776,0.6791868805885315,0.6263512372970581,-0.023221055045723915,0.6809345483779907,0.6935144662857056,-0.01083237212151289,0.6794633269309998,0.6914182901382446,0.0037094969302415848,0.7125556468963623,0.6599137783050537,-0.0025244303978979588,0.7073623538017273,0.6439797878265381,-0.014072560705244541,0.7092998623847961,0.6930750012397766,-0.0036794019397348166,0.712092399597168,0.6947299838066101,0.0069237989373505116,FIST
0.7027976512908936,0.7977684736251831,-4.6954201593507605e-07,0.650461733341217,0.7964221835136414,-0.025797028094530106,0.5989429950714111,0.7404458522796631,-0.02911984734237194,0.5842069983482361,0.6686711311340332,-0.030275404453277588,0.6058139204978943,0.6265225410461426,-0.024841098114848137,0.6161465644836426,0.6661313772201538,0.006335014011710882,0.6182200908660889,0.6254807710647583,-0.017669470980763435,0.6249275207519531,0.6846112012863159,-0.027354907244443893,0.6215822100639343,0.6915668249130249,-0.03187968581914902,0.6501185297966003,0.6599311232566833,0.009939491748809814,0.6476011872291565,0.6212686896324158,-0.016406774520874023,0.652318000793457,0.693293035030365,-0.018604040145874023,0.6486871242523193,0.6898464560508728,-0.013127656653523445,0.6815156936645508,0.6611486673355103,0.006256630644202232,0.6818443536758423,0.6277350187301636,-0.020427800714969635,0.6824102997779846,0.6944538950920105,-0.008868357166647911,0.6798591017723083,0.6914362907409668,0.005660687573254108,0.7145081758499146,0.6630741953849792,-0.00034792773658409715,0.7097318172454834,0.645272970199585,-0.011998673900961876,0.7101672887802124,0.6933919787406921,-0.0018318432848900557,0.7120216488838196,0.6953132152557373,0.008958842605352402,FIST
0.7022358179092407,0.8041254878044128,-4.282390762000432e-07,0.6479192972183228,0.7950937747955322,-0.025353800505399704,0.5987510681152344,0.7413762211799622,-0.029670314863324165,0.5844029188156128,0.6731703877449036,-0.03231749311089516,0.6070789694786072,0.6289276480674744,-0.028220519423484802,0.615073561668396,0.6653167605400085,0.009132357314229012,0.6158537864685059,0.6301004886627197,-0.015093965455889702,0.6225976347923279,0.6869049668312073,-0.025491563603281975,0.6200300455093384,0.6896306276321411,-0.030735976994037628,0.6492752432823181,0.658804714679718,0.011660126969218254,0.6462230682373047,0.6212814450263977,-0.016053956001996994,0.6509760022163391,0.6929045915603638,-0.019466252997517586,0.648555338382721,0.6871170997619629,-0.014218464493751526,0.6814126372337341,0.6598616242408752,0.006840331479907036,0.6808292865753174,0.6286853551864624,-0.021012697368860245,0.6814662218093872,0.6957136988639832,-0.009667059406638145,0.6798076033592224,0.6899346113204956,0.005549886263906956,0.7153768539428711,0.6630066633224487,-0.000872413394972682,0.7091628909111023,0.6462578773498535,-0.012783036567270756,0.7087465524673462,0.6945143342018127,-0.0022400803864002228,0.7109077572822571,0.6951561570167542,0.009355506859719753,FIST
0.7024235129356384,0.8039880394935608,-4.251917857800436e-07,0.6495150327682495,0.7950749397277832,-0.026019908487796783,0.6002870798110962,0.7418873310089111,-0.031518712639808655,0.5843288898468018,0.6744207739830017,-0.035376548767089844,0.6066645383834839,0.6299425959587097,-0.03258891403675079,0.6135531663894653,0.6658979058265686,0.00728837912902236,0.6137210726737976,0.630364179611206,-0.01725880429148674,0.6220879554748535,0.6875045895576477,-0.027320777997374535,0.6200565695762634,0.6902772784233093,-0.032201070338487625,0.6478344798088074,0.6587743759155273,0.00986876804381609,0.6439974308013916,0.6218233108520508,-0.018675658851861954,0.6498833298683167,0.6931145191192627,-0.021844396367669106,0.6470292806625366,0.6881799101829529,-0.016172239556908607,0.6803486347198486,0.6594412922859192,0.005155741702765226,0.6790084838867188,0.6274048089981079,-0.024140996858477592,0.6813114285469055,0.6947588920593262,-0.012678134255111217,0.6798521876335144,0.6909946799278259,0.003055023495107889,0.7148509621620178,0.6629083156585693,-0.0023936883080750704,0.7083258628845215,0.644878089427948,-0.01584663800895214,0.7090952396392822,0.6929639577865601,-0.005667124409228563,0.7112990021705627,0.6949741840362549,0.006003982853144407,FIST
0.7025421261787415,0.7996716499328613,-4.873454031439906e-07,0.6500418782234192,0.802249014377594,-0.02261042222380638,0.597380518913269,0.7413539290428162,-0.02344256080687046,0.5849384069442749,0.667902410030365,-0.022153301164507866,0.6082992553710938,0.6284933686256409,-0.014296365901827812,0.6121712923049927,0.6646651029586792,0.0057123759761452675,0.6164482235908508,0.6285237073898315,-0.016440508887171745,0.6228391528129578,0.6859326362609863,-0.02611398883163929,0.6199283599853516,0.6902101635932922,-0.03194490447640419,0.6472340226173401,0.6587963700294495,0.008357656188309193,0.6457167267799377,0.6230459809303284,-0.018013978376984596,0.6500298380851746,0.6944358944892883,-0.022363580763339996,0.6461036205291748,0.6912201642990112,-0.01921551115810871,0.6797793507575989,0.6599730849266052,0.0048150597140192986,0.6799241304397583,0.6277984976768494,-0.020600276067852974,0.6823289394378662,0.6960225105285645,-0.00827813521027565,0.6805744171142578,0.6925620436668396,0.0057286471128463745,0.713839054107666,0.6603562831878662,-0.0014067114097997546,0.7086451053619385,0.6462488174438477,-0.012520264834165573,0.7110815048217773,0.6962631344795227,-0.0020262268371880054,0.7134649753570557,0.696911633014679,0.008449831046164036,FIST
0.7050636410713196,0.7977641820907593,-4.7427127469745756e-07,0.6537256836891174,0.8042283654212952,-0.02568919025361538,0.5982958674430847,0.7443864345550537,-0.02651999518275261,0.5834825038909912,0.6699605584144592,-0.024428123608231544,0.6092831492424011,0.6298102736473083,-0.015473009087145329,0.6092604994773865,0.6649330854415894,0.006377070210874081,0.6160475015640259,0.6289085149765015,-0.017083192244172096,0.6232801079750061,0.6858956813812256,-0.027957988902926445,0.618320107460022,0.6904130578041077,-0.03431134670972824,0.6456249952316284,0.6587569117546082,0.010838518850505352,0.6454690098762512,0.6222942471504211,-0.017500560730695724,0.6521221995353699,0.6943131685256958,-0.023111309856176376,0.6468629837036133,0.6913172006607056,-0.020122921094298363,0.678972065448761,0.6593826413154602,0.008606156334280968,0.6801777482032776,0.6293066740036011,-0.018995000049471855,0.6832132339477539,0.6978012919425964,-0.008003801107406616,0.6793276071548462,0.6936997771263123,0.005926706828176975,0.7136214375495911,0.6581010222434998,0.0036290197167545557,0.70827716588974,0.644193172454834,-0.008478361181914806,0.7121075391769409,0.6950133442878723,0.0016317410627380013,0.7137663960456848,0.6956725120544434,0.012202119454741478,FIST
0.7022382020950317,0.7979536056518555,-4.913740667689126e-07,0.651703953742981,0.8040624856948853,-0.022278811782598495,0.5980709195137024,0.7444808483123779,-0.02367968112230301,0.58283931016922,0.6714115738868713,-0.022880803793668747,0.6066963076591492,0.6303536891937256,-0.015766508877277374,0.6115598082542419,0.6652048826217651,0.004350550472736359,0.6164615154266357,0.626973569393158,-0.018218643963336945,0.6222831010818481,0.6841049194335938,-0.028259404003620148,0.6190533638000488,0.6943750381469727,-0.03391225263476372,0.646917998790741,0.6589118838310242,0.006726214196532965,0.6452489495277405,0.6221092343330383,-0.019247839227318764,0.6504521369934082,0.6924602389335632,-0.023818200454115868,0.6468625068664551,0.69364333152771,-0.021025722846388817,0.6797746419906616,0.6604282259941101,0.0031672874465584755,0.6799985766410828,0.6285801529884338,-0.022018782794475555,0.6822572946548462,0.694587767124176,-0.010255173780024052,0.6797109246253967,0.6946999430656433,0.00322476658038795,0.7147247195243835,0.6609243154525757,-0.0028599833603948355,0.7080868482589722,0.6457571387290955,-0.013797009363770485,0.7119612693786621,0.693956732749939,-0.002979056676849723,0.7141993045806885,0.6958926320075989,0.007657438516616821,FIST
0.7028255462646484,0.799568772315979,-4.904651973447471e-07,0.6540306210517883,0.8103976845741272,-0.026618050411343575,0.5989431142807007,0.747992217540741,-0.028321558609604836,0.5837580561637878,0.6736607551574707,-0.026142394170165062,0.6065085530281067,0.630437970161438,-0.016989650204777718,0.608081579208374,0.6658863425254822,-0.0010413785930722952,0.617831826210022,0.6299960613250732,-0.023947039619088173,0.6235225796699524,0.6865857839584351,-0.03402920067310333,0.6180634498596191,0.6930734515190125,-0.04062867909669876,0.6431180834770203,0.6578904986381531,0.004098421894013882,0.6453090906143188,0.6221832036972046,-0.023879174143075943,0.6515669226646423,0.6944375038146973,-0.028975896537303925,0.6467905640602112,0.6925393342971802,-0.02684231847524643,0.6762607097625732,0.6584121584892273,0.0032607431057840586,0.6801912784576416,0.6295197606086731,-0.023567350581288338,0.6827453970909119,0.6980717182159424,-0.01118683535605669,0.6790147423744202,0.6948854923248291,0.0023874675389379263,0.7111855149269104,0.6570410132408142,-0.0003424947499297559,0.7070688009262085,0.6457867622375488,-0.013213218189775944,0.7118585109710693,0.6954940557479858,-0.003467790549620986,0.7132217288017273,0.6945281624794006,0.006223903503268957,FIST
0.705489993095398,0.8026708960533142,-4.3422062390163774e-07,0.6517982482910156,0.7979952096939087,-0.026673151180148125,0.5995149612426758,0.7433563470840454,-0.029520826414227486,0.5819063782691956,0.6770985126495361,-0.02989218384027481,0.6052125096321106,0.6339906454086304,-0.023351531475782394,0.6125703454017639,0.667895495891571,0.008780919015407562,0.6174650192260742,0.6294668316841125,-0.015302298590540886,0.625400722026825,0.6878489851951599,-0.02635720558464527,0.6199651956558228,0.6945158243179321,-0.03211083263158798,0.6474531888961792,0.6611705422401428,0.013102436438202858,0.6477354168891907,0.6235910058021545,-0.014105386100709438,0.6542341113090515,0.6948994994163513,-0.0188192967325449,0.6482674479484558,0.6913732290267944,-0.014990164898335934,0.6800454258918762,0.6616069078445435,0.010111507959663868,0.6822332739830017,0.6303791403770447,-0.017014523968100548,0.6850993633270264,0.697080671787262,-0.00670033460482955,0.6806318759918213,0.6927051544189453,0.00715257553383708,0.7139486074447632,0.6623114347457886,0.004206277895718813,0.7102387547492981,0.646140456199646,-0.007416275329887867,0.7128632068634033,0.6950758695602417,0.0026365737430751324,0.7137398719787598,0.6956654191017151,0.013489644043147564,FIST
0.7059653997421265,0.8052381277084351,-4.0528107092541177e-07,0.6531270146369934,0.7968933582305908,-0.029965531080961227,0.603890061378479,0.7445860505104065,-0.03618946671485901,0.5837444067001343,0.6789623498916626,-0.04003125801682472,0.6015164852142334,0.6322259902954102,-0.03690481558442116,0.6141705513000488,0.6686837673187256,0.007454088423401117,0.6161525249481201,0.630675733089447,-0.017551353201270103,0.6250661611557007,0.6879119873046875,-0.02762615866959095,0.6212800145149231,0.6917216181755066,-0.032041504979133606,0.6491546034812927,0.661047101020813,0.012635192833840847,0.646681547164917,0.6224958896636963,-0.01563870906829834,0.6536674499511719,0.6949424147605896,-0.018426168709993362,0.6490311622619629,0.6873618960380554,-0.012285654433071613,0.6818298697471619,0.66143399477005,0.009844448417425156,0.682101845741272,0.6302289366722107,-0.0195928905159235,0.6843331456184387,0.697245180606842,-0.008753287605941296,0.6812027096748352,0.690907895565033,0.0066062272526323795,0.7144305109977722,0.6635110378265381,0.003903367090970278,0.709839940071106,0.6482357978820801,-0.00897210743278265,0.7105633616447449,0.6962049007415771,0.0008268997189588845,0.7119275331497192,0.6957621574401855,0.01206274051219225,FIST
0.7053779363632202,0.8035647869110107,-4.5367488610281725e-07,0.6528373956680298,0.8032062649726868,-0.024099627509713173,0.6017570495605469,0.7461815476417542,-0.026428135111927986,0.5859070420265198,0.6736251711845398,-0.02697458118200302,0.609247088432312,0.6324605941772461,-0.02092466503381729,0.6126224398612976,0.6680858135223389,0.008696313947439194,0.614817202091217,0.6326106786727905,-0.014356333762407303,0.6223782300949097,0.6883392333984375,-0.024725213646888733,0.6195370554924011,0.6915920972824097,-0.030420487746596336,0.6480125784873962,0.6620439291000366,0.011682081036269665,0.6455062627792358,0.6260820627212524,-0.014716374687850475,0.6507681608200073,0.6966221928596497,-0.01873164437711239,0.6472551822662354,0.6912568807601929,-0.014794724062085152,0.6805505156517029,0.6627188324928284,0.007825509645044804,0.679445207118988,0.630696177482605,-0.018488809466362,0.6816434860229492,0.6981504559516907,-0.0069482168182730675,0.6804636120796204,0.6936074495315552,0.007392860949039459,0.7142066359519958,0.6630523800849915,0.0011568354675546288,0.7081514000892639,0.6480271220207214,-0.01004709117114544,0.7096981406211853,0.6971855163574219,0.00041043918463401496,0.7125794887542725,0.6976923942565918,0.011402786709368229,FIST
0.7028531432151794,0.8032416105270386,-4.0162055370274174e-07,0.6505817174911499,0.8023827075958252,-0.02884538099169731,0.601772665977478,0.7464177012443542,-0.034282386302948,0.5856841802597046,0.6783278584480286,-0.03685816377401352,0.6085768342018127,0.6335293054580688,-0.03279038518667221,0.6092911958694458,0.6665744185447693,0.002845343202352524,0.6142938137054443,0.632846474647522,-0.020121989771723747,0.6214934587478638,0.6889119148254395,-0.029369164258241653,0.6196913719177246,0.6935649514198303,-0.03433791548013687,0.6444229483604431,0.6583431363105774,0.007294042035937309,0.6447560787200928,0.624302864074707,-0.020278561860322952,0.6503071188926697,0.6957728266716003,-0.023859309032559395,0.64876389503479,0.6923249959945679,-0.018994003534317017,0.6778436899185181,0.659115195274353,0.0047881645150482655,0.6803158521652222,0.6331761479377747,-0.02335037849843502,0.6819421648979187,0.7009170651435852,-0.012133026495575905,0.6802144646644592,0.6961133480072021,0.0026906130369752645,0.7129929065704346,0.6614900827407837,-0.0006455580587498844,0.7074965238571167,0.6486288905143738,-0.013541633263230324,0.7090593576431274,0.6976025700569153,-0.003176475176587701,0.7113320827484131,0.6976795196533203,0.00831178855150938,FIST
0.7026158571243286,0.8067964911460876,-4.3089434598186926e-07,0.6497555375099182,0.8022639155387878,-0.025850940495729446,0.5989333391189575,0.7446284294128418,-0.029251903295516968,0.5840132832527161,0.6773132681846619,-0.030788065865635872,0.6088053584098816,0.6353203058242798,-0.025739887729287148,0.6135726571083069,0.6672496199607849,0.0078062936663627625,0.6164872050285339,0.6310483813285828,-0.015415295027196407,0.6233685612678528,0.6884906888008118,-0.025085024535655975,0.6211069822311401,0.6942617893218994,-0.03003738261759281,0.6481962203979492,0.6607056260108948,0.010609869845211506,0.646622359752655,0.6246121525764465,-0.016504663974046707,0.6518173217773438,0.6960016489028931,-0.01962079480290413,0.6500999927520752,0.692995548248291,-0.014298164285719395,0.6803394556045532,0.6629044413566589,0.0061376504600048065,0.6813494563102722,0.6333313584327698,-0.021271925419569016,0.6825340390205383,0.6993901133537292,-0.010312479920685291,0.6807533502578735,0.6952267289161682,0.004343884531408548,0.7145798802375793,0.6667160987854004,-0.0012906123884022236,0.7095803022384644,0.6488725543022156,-0.013659339398145676,0.7104448080062866,0.6969504952430725,-0.003558906726539135,0.7122162580490112,0.6994021534919739,0.007609100081026554,FIST
0.7059525847434998,0.8075786828994751,-4.439629037733539e-07,0.6533257365226746,0.8003387451171875,-0.025911936536431313,0.6036370396614075,0.7481754422187805,-0.030972721055150032,0.5875506401062012,0.6796945929527283,-0.03450433164834976,0.6091857552528381,0.634024977684021,-0.03113272599875927,0.6199972629547119,0.6731557250022888,0.009143125265836716,0.6193172335624695,0.6322810649871826,-0.01625269278883934,0.6278625726699829,0.6895830035209656,-0.026301754638552666,0.6266065239906311,0.6972801089286804,-0.030048269778490067,0.6534482836723328,0.6665653586387634,0.011903125792741776,0.6510709524154663,0.6266766786575317,-0.015978019684553146,0.656934380531311,0.6968182325363159,-0.018285376951098442,0.6540071964263916,0.693515419960022,-0.01146774273365736,0.6851398944854736,0.6666579842567444,0.006960059516131878,0.6853501200675964,0.6367089748382568,-0.02199499122798443,0.6871359944343567,0.7009056210517883,-0.011426866985857487,0.6840968132019043,0.6957881450653076,0.004084011074155569,0.7185731530189514,0.6684520244598389,-0.0007672302890568972,0.7132425308227539,0.6512628793716431,-0.01320467796176672,0.7141465544700623,0.6977226138114929,-0.0028007652144879103,0.7156803607940674,0.698840320110321,0.009203465655446053,FIST
0.7069854140281677,0.810920238494873,-4.156787269948836e-07,0.6537575721740723,0.8043385744094849,-0.027715222910046577,0.6060379147529602,0.7513362765312195,-0.03462425619363785,0.5892804861068726,0.6849238276481628,-0.03980328515172005,0.6078097820281982,0.6370198130607605,-0.0382036492228508,0.6191706657409668,0.6731061935424805,0.005922428332269192,0.6187310814857483,0.635741114616394,-0.020680364221334457,0.6273645162582397,0.6920376420021057,-0.032039280980825424,0.6271693110466003,0.6996052861213684,-0.03716650232672691,0.6530579924583435,0.6651970744132996,0.008759072050452232,0.6485841274261475,0.6257599592208862,-0.02195834368467331,0.6555637121200562,0.6973136067390442,-0.026137812063097954,0.6556738615036011,0.6960471272468567,-0.02049613744020462,0.6854336857795715,0.6659278273582458,0.00409282511100173,0.6840881109237671,0.633167028427124,-0.026911158114671707,0.6862472891807556,0.7001733779907227,-0.015100084245204926,0.6853816509246826,0.698506236076355,0.00151739118155092,0.7195317149162292,0.6697056293487549,-0.0035730223171412945,0.7131772637367249,0.6501964330673218,-0.017697475850582123,0.713377833366394,0.697998583316803,-0.00675023440271616,0.7148616909980774,0.7014592289924622,0.005862477235496044,FIST
0.7101753950119019,0.812421441078186,-4.3544642380766163e-07,0.6582134366035461,0.8074748516082764,-0.026811761781573296,0.6077557802200317,0.7519940733909607,-0.03154774382710457,0.5891696214675903,0.6817460060119629,-0.03418740630149841,0.609235942363739,0.6372724771499634,-0.02977921813726425,0.620086669921875,0.6740819811820984,0.0080106221139431,0.6235324144363403,0.6359438300132751,-0.015840452164411545,0.6295793056488037,0.6925893425941467,-0.025870151817798615,0.6267619132995605,0.6987529993057251,-0.030873067677021027,0.6538476347923279,0.667636513710022,0.01182552520185709,0.6522573828697205,0.628862202167511,-0.015309545211493969,0.6570990681648254,0.7004664540290833,-0.018434422090649605,0.6542683839797974,0.6957005262374878,-0.01335487887263298,0.6857394576072693,0.6689708828926086,0.008328537456691265,0.6866461634635925,0.6349368095397949,-0.019272835925221443,0.6875653862953186,0.7012486457824707,-0.0075410157442092896,0.6858867406845093,0.6976525187492371,0.007541115861386061,0.7196317911148071,0.6713986992835999,0.0018411073833703995,0.7144685983657837,0.6536869406700134,-0.010479101911187172,0.7149024605751038,0.7013448476791382,-0.00025708298198878765,0.7166087627410889,0.7027503848075867,0.010945139452815056,FIST
0.7081987261772156,0.8087322115898132,-4.370319857116556e-07,0.6532011032104492,0.8029853105545044,-0.02373139001429081,0.6045730710029602,0.7483822703361511,-0.02751247212290764,0.5924001932144165,0.6794081926345825,-0.030006039887666702,0.6157228946685791,0.6373142600059509,-0.026260631158947945,0.6232599020004272,0.6755565404891968,0.007890631444752216,0.6212884187698364,0.6374081969261169,-0.01610485650599003,0.6285321116447449,0.6937071084976196,-0.026479952037334442,0.6276222467422485,0.6992167234420776,-0.0314997173845768,0.6576489210128784,0.6683797836303711,0.010217648930847645,0.6515268087387085,0.6300637722015381,-0.016775088384747505,0.6565936207771301,0.700069010257721,-0.020197389647364616,0.6561519503593445,0.6965388059616089,-0.015387266874313354,0.6893087029457092,0.6689097285270691,0.005670513026416302,0.6856314539909363,0.6344857215881348,-0.021512150764465332,0.6872572898864746,0.7015786170959473,-0.009619263000786304,0.6880881786346436,0.6991373300552368,0.005656135734170675,0.7220061421394348,0.6711089611053467,-0.0016327358316630125,0.7139458656311035,0.652445375919342,-0.01328891422599554,0.7138561606407166,0.7014153599739075,-0.002337648533284664,0.7172950506210327,0.7048136591911316,0.009367870166897774,FIST
0.7077071666717529,0.8070693612098694,-4.450623407592502e-07,0.655958354473114,0.8097358345985413,-0.02678273618221283,0.6049042344093323,0.7539230585098267,-0.032362595200538635,0.5903002619743347,0.680925190448761,-0.03580298647284508,0.6124925017356873,0.6374877095222473,-0.03260927274823189,0.622203528881073,0.6739247441291809,0.0019347361521795392,0.6223869323730469,0.6372186541557312,-0.023234637454152107,0.6291469931602478,0.6941589117050171,-0.03353096544742584,0.6287002563476562,0.7000038027763367,-0.03881929814815521,0.6559436917304993,0.6674805283546448,0.005005915183573961,0.6524648070335388,0.6307467818260193,-0.02370907925069332,0.6571603417396545,0.7021802663803101,-0.027064943686127663,0.656724214553833,0.6985330581665039,-0.022162923589348793,0.6871151328086853,0.6685514450073242,0.0011555609526112676,0.6866827607154846,0.6366909146308899,-0.02684706076979637,0.6879944801330566,0.704420804977417,-0.01401204988360405,0.6879384517669678,0.6996354460716248,0.0015835532685741782,0.7201952934265137,0.6700632572174072,-0.005757420789450407,0.7150280475616455,0.6547272205352783,-0.018386898562312126,0.7157386541366577,0.7033161520957947,-0.00789186917245388,0.7184624075889587,0.7044222950935364,0.0033691758289933205,FIST
0.708222508430481,0.8095420002937317,-4.362414642855583e-07,0.6562247276306152,0.8030872344970703,-0.027275683358311653,0.6060097217559814,0.7492417693138123,-0.03248449042439461,0.5896848440170288,0.6803550720214844,-0.03577215597033501,0.6110830307006836,0.637138843536377,-0.03226933255791664,0.6225671768188477,0.6736518144607544,0.006982129067182541,0.6227258443832397,0.6354013085365295,-0.01872597634792328,0.6314570307731628,0.6934939026832581,-0.029046261683106422,0.6299650073051453,0.6991912722587585,-0.03324778378009796,0.6569416522979736,0.6673470139503479,0.010575097054243088,0.6537362337112427,0.6291307806968689,-0.01790841668844223,0.6596449017524719,0.7009803056716919,-0.020255811512470245,0.657471776008606,0.6955093741416931,-0.013603023253381252,0.6888795495033264,0.6681575179100037,0.00645840959623456,0.6883150935173035,0.637207567691803,-0.022759338840842247,0.689732015132904,0.7032192349433899,-0.011363803409039974,0.6886227130889893,0.697321891784668,0.0045441216789186,0.7215591073036194,0.6701878905296326,-0.0006298989173956215,0.7162602543830872,0.6539158821105957,-0.013132138177752495,0.7166606187820435,0.7011149525642395,-0.002666860818862915,0.719160258769989,0.7013570070266724,0.009167279116809368,FIST
0.7085089087486267,0.8126241564750671,-4.1617690271777974e-07,0.6557515263557434,0.8061552047729492,-0.026920558884739876,0.6074846386909485,0.7511152625083923,-0.03307652473449707,0.5920724272727966,0.6826203465461731,-0.037553999572992325,0.6145742535591125,0.6400483250617981,-0.03529706224799156,0.6225318312644958,0.6735845804214478,0.006285754032433033,0.6224700808525085,0.6367334127426147,-0.01843523606657982,0.6300477385520935,0.6939215660095215,-0.028431760147213936,0.6288254261016846,0.6995896100997925,-0.033042456954717636,0.6567150354385376,0.667232871055603,0.009170892648398876,0.6534495949745178,0.6302704215049744,-0.018634982407093048,0.6583741307258606,0.7020411491394043,-0.02164711058139801,0.6564109325408936,0.6970102190971375,-0.015958106145262718,0.6885929107666016,0.6684306859970093,0.004722146783024073,0.6874000430107117,0.6366831660270691,-0.023180369287729263,0.6890484094619751,0.7036653757095337,-0.011156890541315079,0.6882479190826416,0.6985285878181458,0.004600455518811941,0.7221641540527344,0.6711709499359131,-0.002778582042083144,0.7161704897880554,0.6548125743865967,-0.015302346087992191,0.7167376279830933,0.7024109363555908,-0.004730831831693649,0.7193765044212341,0.7034482359886169,0.007165918126702309,FIST
0.708102822303772,0.8098553419113159,-4.143598175687657e-07,0.6543821692466736,0.799443244934082,-0.026275916025042534,0.6064959168434143,0.7472804188728333,-0.03201211243867874,0.5918019413948059,0.6799721121788025,-0.036180879920721054,0.6136026978492737,0.6372127532958984,-0.033857107162475586,0.622160017490387,0.6741981506347656,0.00783372949808836,0.6217872500419617,0.6383475065231323,-0.017582951113581657,0.6290962100028992,0.6936246752738953,-0.028626348823308945,0.6274816989898682,0.6972326040267944,-0.03368672728538513,0.6566254496574402,0.6687620878219604,0.010507404804229736,0.6528424620628357,0.6313906908035278,-0.01803250052034855,0.6569951176643372,0.7013810873031616,-0.02183815836906433,0.6547368168830872,0.6958313584327698,-0.01660587638616562,0.6885012984275818,0.669402003288269,0.005759647116065025,0.6874587535858154,0.6357219815254211,-0.02369670756161213,0.6873952150344849,0.7019006013870239,-0.013040476478636265,0.6864422559738159,0.6978274583816528,0.002287666779011488,0.7214629650115967,0.6724997758865356,-0.0018712576711550355,0.7158921957015991,0.6545543074607849,-0.015316969715058804,0.7151932716369629,0.7018458843231201,-0.005273032002151012,0.7176869511604309,0.704414963722229,0.006437860894948244,FIST
0.7086788415908813,0.8129622936248779,-4.2204496253361867e-07,0.6558049321174622,0.8076395988464355,-0.02623218111693859,0.6062708497047424,0.7526455521583557,-0.03169047832489014,0.5914294719696045,0.6842655539512634,-0.03549965098500252,0.6127787232398987,0.6410353779792786,-0.032694391906261444,0.6218579411506653,0.6750624775886536,0.0064127398654818535,0.6218835711479187,0.6361068487167358,-0.018203483894467354,0.6299825310707092,0.6928877830505371,-0.028890615329146385,0.62842857837677,0.6980152726173401,-0.03423301875591278,0.6563026905059814,0.6684776544570923,0.009382560849189758,0.6534069776535034,0.6313744783401489,-0.01832096464931965,0.6580883264541626,0.7021582126617432,-0.022342825308442116,0.6552579402923584,0.6977876424789429,-0.017777016386389732,0.6883039474487305,0.6692693829536438,0.005183922126889229,0.68728107213974,0.636095404624939,-0.022381344810128212,0.6882537603378296,0.7034324407577515,-0.011270876973867416,0.6868407726287842,0.7002187967300415,0.0034873648546636105,0.7220297455787659,0.6713074445724487,-0.001975773833692074,0.7159725427627563,0.6549385786056519,-0.014328993856906891,0.7162424325942993,0.702900767326355,-0.004285757429897785,0.718600869178772,0.7045000791549683,0.006961442530155182,FIST
0.7086800336837769,0.8182125091552734,-4.202948389320227e-07,0.6561264395713806,0.8085249066352844,-0.028490515425801277,0.6091381907463074,0.754283607006073,-0.035340528935194016,0.5919225215911865,0.6872244477272034,-0.040192656219005585,0.6118646264076233,0.640210747718811,-0.038097839802503586,0.6241861581802368,0.6785550117492676,0.005743461661040783,0.6233808994293213,0.6376721858978271,-0.019469328224658966,0.6311894059181213,0.6958787441253662,-0.0300284493714571,0.6311637163162231,0.7033634781837463,-0.03482144698500633,0.6584386825561523,0.6708744764328003,0.009884134866297245,0.6539055109024048,0.6310161352157593,-0.018307635560631752,0.6586488485336304,0.7026264667510986,-0.021863898262381554,0.6580363512039185,0.6989029049873352,-0.01652245782315731,0.690803050994873,0.6720806360244751,0.006540414411574602,0.6890453696250916,0.6371899843215942,-0.02172757126390934,0.6888306736946106,0.7037537693977356,-0.010363650508224964,0.6884595155715942,0.7002406716346741,0.005078064743429422,0.7247110605239868,0.6754669547080994,0.00014342406939249486,0.7175871133804321,0.6567415595054626,-0.011919178999960423,0.7164016366004944,0.7034760117530823,-0.001370924641378224,0.7189618945121765,0.7049742341041565,0.010382655076682568,FIST
0.7086809277534485,0.8171171545982361,-4.3921676251557074e-07,0.6550131440162659,0.8056220412254333,-0.024839745834469795,0.6059086918830872,0.751167356967926,-0.030143648386001587,0.5908285975456238,0.6838365793228149,-0.03428430110216141,0.6153432726860046,0.644612193107605,-0.032014403492212296,0.6237528324127197,0.6794372797012329,0.007391192484647036,0.6243115067481995,0.6382936239242554,-0.017939262092113495,0.6311049461364746,0.6958811283111572,-0.029140470549464226,0.6285852193832397,0.7033878564834595,-0.034537769854068756,0.6586430668830872,0.6736881732940674,0.009394299238920212,0.6541630029678345,0.6338221430778503,-0.018864290788769722,0.6586824059486389,0.7045155763626099,-0.02303338050842285,0.6560420393943787,0.7018875479698181,-0.018413923680782318,0.69123774766922,0.673671305179596,0.004357818979769945,0.6878818869590759,0.6366250514984131,-0.023413212969899178,0.6893170475959778,0.7037060856819153,-0.011369520798325539,0.6884918808937073,0.702337384223938,0.004277276806533337,0.7252060770988464,0.6760373115539551,-0.0035690285731106997,0.717124879360199,0.6567323207855225,-0.015311626717448235,0.7172375321388245,0.7042591571807861,-0.004060328938066959,0.7199138402938843,0.7075967192649841,0.008034338243305683,FIST
0.7110738754272461,0.8199047446250916,-4.451162851637491e-07,0.6586890816688538,0.8091914653778076,-0.0256574135273695,0.6112809181213379,0.7558193802833557,-0.031681932508945465,0.5936444401741028,0.688447117805481,-0.03643135726451874,0.6109603643417358,0.6431587934494019,-0.03438560292124748,0.6260820031166077,0.6821982860565186,0.006981252692639828,0.6235601305961609,0.6392285823822021,-0.01975434087216854,0.632483959197998,0.6969226598739624,-0.030762411653995514,0.6328845024108887,0.7056911587715149,-0.03499571979045868,0.6611299514770508,0.6755058169364929,0.009579597972333431,0.6554995179176331,0.6342733502388,-0.01956765353679657,0.6610317826271057,0.7048807144165039,-0.0230371356010437,0.6596555113792419,0.7012830376625061,-0.017094681039452553,0.693967878818512,0.6755631566047668,0.004858099389821291,0.689588189125061,0.6396377086639404,-0.024640163406729698,0.6915627717971802,0.705105185508728,-0.01289078313857317,0.6920230984687805,0.702222466468811,0.0034632934257388115,0.7274535894393921,0.6779380440711975,-0.00263923779129982,0.7187451124191284,0.6593859791755676,-0.015406182035803795,0.7188023924827576,0.7059087157249451,-0.0042825788259506226,0.7224045395851135,0.708305299282074,0.008381981402635574,FIST
0.7113662362098694,0.8221322298049927,-4.0863560002435406e-07,0.6569012999534607,0.8088301420211792,-0.0252215713262558,0.6083117723464966,0.755037784576416,-0.03065677545964718,0.5928301811218262,0.6910735368728638,-0.0348120853304863,0.6151919364929199,0.6491631269454956,-0.0323132649064064,0.6240186095237732,0.6835513710975647,0.008908824995160103,0.6242722272872925,0.6431436538696289,-0.014536978676915169,0.6323254108428955,0.6987411975860596,-0.024567442014813423,0.6301314830780029,0.7046031951904297,-0.029505962505936623,0.6588777303695679,0.6751315593719482,0.011421012692153454,0.6545647978782654,0.6351539492607117,-0.015674619004130363,0.6605318784713745,0.7046342492103577,-0.01961982622742653,0.6581733226776123,0.7006480097770691,-0.014855848625302315,0.691811740398407,0.6746404767036438,0.006892960984259844,0.6896793246269226,0.6398239135742188,-0.0199976097792387,0.6919146180152893,0.7050170302391052,-0.008735296316444874,0.6907052993774414,0.7019442319869995,0.006221364717930555,0.725875198841095,0.6773433089256287,-0.0004983689868822694,0.7187364101409912,0.65887051820755,-0.011572386138141155,0.7193564772605896,0.704960823059082,-0.0008084445726126432,0.7217746376991272,0.7063629627227783,0.010763640515506268,FIST
0.7100155353546143,0.8217933177947998,-4.08333022505758e-07,0.6562371253967285,0.8099619746208191,-0.026634808629751205,0.6092803478240967,0.7560533881187439,-0.03313335031270981,0.5942749977111816,0.689997673034668,-0.03831636905670166,0.6153620481491089,0.6464940309524536,-0.0369381345808506,0.6245285272598267,0.6832988262176514,0.007455373648554087,0.6236382722854614,0.642402172088623,-0.017845207825303078,0.6322464346885681,0.6992571353912354,-0.028940042480826378,0.6317734718322754,0.7072802186012268,-0.03407391905784607,0.6597465872764587,0.6753448247909546,0.010347343049943447,0.6547383069992065,0.6352444291114807,-0.018052274361252785,0.6602786779403687,0.7060185670852661,-0.02217947132885456,0.6585831642150879,0.7032074928283691,-0.01727139763534069,0.6926513910293579,0.6757212281227112,0.005935630761086941,0.6900769472122192,0.6388325095176697,-0.022751200944185257,0.6918458342552185,0.7053636908531189,-0.011138703674077988,0.6914750337600708,0.7043499946594238,0.004657033830881119,0.7264055013656616,0.679502010345459,-0.0014617177657783031,0.7200137972831726,0.6582977771759033,-0.014101740904152393,0.7200181484222412,0.704969584941864,-0.0032617978285998106,0.7223305106163025,0.7087008357048035,0.008836749009788036,FIST
0.7095516920089722,0.8246940970420837,-4.232143453464232e-07,0.6574701070785522,0.8104217052459717,-0.02473202347755432,0.6118822693824768,0.7580884695053101,-0.03170496225357056,0.596679151058197,0.6918667554855347,-0.03768515586853027,0.6157822608947754,0.6467161774635315,-0.03749721124768257,0.6269080638885498,0.6855475306510925,0.006398829631507397,0.625823974609375,0.6451659798622131,-0.018797898665070534,0.6341651082038879,0.7002681493759155,-0.02982599101960659,0.6337770819664001,0.7072113752365112,-0.035062022507190704,0.6608529686927795,0.6779528260231018,0.00784349162131548,0.6565236449241638,0.637662947177887,-0.01996544748544693,0.6619696617126465,0.7058955430984497,-0.023841403424739838,0.6607315540313721,0.7034046649932861,-0.019158152863383293,0.6934144496917725,0.6779660582542419,0.002349760150536895,0.691334068775177,0.6407817006111145,-0.025939684361219406,0.6924574375152588,0.7049530744552612,-0.014366437681019306,0.6915997266769409,0.7043207287788391,0.0009936073329299688,0.7269183993339539,0.6822288036346436,-0.00589149072766304,0.7195639610290527,0.6609662175178528,-0.018696215003728867,0.7192818522453308,0.7070211172103882,-0.007726211566478014,0.7215660810470581,0.7116943001747131,0.004344535525888205,FIST
0.7127441763877869,0.8240565061569214,-4.1645640180831833e-07,0.6583137512207031,0.812083899974823,-0.025759492069482803,0.6090766191482544,0.7563878893852234,-0.03122222237288952,0.5943393707275391,0.6912102699279785,-0.035178977996110916,0.6171147227287292,0.650397777557373,-0.0323585569858551,0.6252459287643433,0.6854068636894226,0.0068604834377765656,0.6270930767059326,0.644085705280304,-0.01762036234140396,0.6348409652709961,0.7011410593986511,-0.027962960302829742,0.6318268179893494,0.7084715962409973,-0.03290402889251709,0.6607674956321716,0.6776682734489441,0.009530214592814445,0.6586215496063232,0.6374238729476929,-0.018153680488467216,0.6629560589790344,0.7082570195198059,-0.02210657298564911,0.6587132215499878,0.7057722806930542,-0.01741102524101734,0.6940346360206604,0.6773819923400879,0.005138148088008165,0.6932942867279053,0.6399332880973816,-0.0224292129278183,0.6939787268638611,0.7068231701850891,-0.01103300228714943,0.6915435194969177,0.705521285533905,0.00405048718675971,0.7282782196998596,0.6806643009185791,-0.0021306073758751154,0.722655713558197,0.6616341471672058,-0.014196053147315979,0.7222340106964111,0.7081869840621948,-0.003710598684847355,0.7234358191490173,0.7108170986175537,0.007845566608011723,FIST
0.7162898182868958,0.8228161334991455,-4.1878482193169475e-07,0.6630710959434509,0.8186101317405701,-0.027744868770241737,0.6128565669059753,0.7652782797813416,-0.03581687808036804,0.5965139865875244,0.6976547241210938,-0.04194304719567299,0.6175040006637573,0.6511349678039551,-0.04140225797891617,0.6276536583900452,0.6858486533164978,0.0015699624782428145,0.6271287202835083,0.6425818204879761,-0.024780375882983208,0.6351127028465271,0.7006186842918396,-0.03571509197354317,0.6355100274085999,0.7125471234321594,-0.04078800976276398,0.6619271039962769,0.6766785979270935,0.0039152465760707855,0.6570841073989868,0.633396327495575,-0.026056302711367607,0.6628313660621643,0.7050184011459351,-0.03015785478055477,0.6628946661949158,0.7077427506446838,-0.024942442774772644,0.694441020488739,0.6770413517951965,-0.0007519633509218693,0.6928084492683411,0.640545666217804,-0.030531078577041626,0.6946381330490112,0.7072945833206177,-0.018973901867866516,0.6938603520393372,0.7084002494812012,-0.0031463622581213713,0.7298580408096313,0.6809092164039612,-0.008340170606970787,0.7214035391807556,0.6626326441764832,-0.022395795211195946,0.7226305603981018,0.709367573261261,-0.012071669101715088,0.724888265132904,0.712740957736969,-0.00021760253002867103,FIST
0.7144109606742859,0.8243303298950195,-4.3068325794592965e-07,0.6611502170562744,0.8142829537391663,-0.02651638723909855,0.61293625831604,0.7613210678100586,-0.033480897545814514,0.5970758199691772,0.6942229866981506,-0.03916490077972412,0.6169973015785217,0.6499192118644714,-0.03824380785226822,0.6279594302177429,0.6830937266349792,0.0066595617681741714,0.6270395517349243,0.640271008014679,-0.020438557490706444,0.6354519128799438,0.6992791891098022,-0.03189055994153023,0.6347405910491943,0.7104218602180481,-0.03656486049294472,0.662283182144165,0.6759244203567505,0.008730065077543259,0.6570695042610168,0.6318914890289307,-0.021367531269788742,0.6632643938064575,0.7046480178833008,-0.025032037869095802,0.6619566679000854,0.7040994763374329,-0.018907422199845314,0.6945586800575256,0.6774181723594666,0.0032891477458178997,0.6923897862434387,0.6396167278289795,-0.02714991755783558,0.6942716240882874,0.7065823674201965,-0.015669239684939384,0.6934430599212646,0.7055087089538574,0.000804440991487354,0.7282052040100098,0.6825332641601562,-0.005063677206635475,0.7212720513343811,0.6619195342063904,-0.018683023750782013,0.7217761278152466,0.7086305022239685,-0.007928761653602123,0.7241266965866089,0.7115642428398132,0.00451649259775877,FIST
0.7117094993591309,0.8224959373474121,-3.778319808134256e-07,0.6603579521179199,0.8100565671920776,-0.02642088010907173,0.6168936491012573,0.7637379765510559,-0.03744490072131157,0.6005332469940186,0.7000139355659485,-0.047452591359615326,0.6155529022216797,0.6478804349899292,-0.05136441811919212,0.6267924904823303,0.6847320795059204,0.00199027918279171,0.6245020031929016,0.6309021711349487,-0.029329996556043625,0.6344846487045288,0.6844658255577087,-0.04520786553621292,0.6400056481361389,0.7165471315383911,-0.05054492875933647,0.6607313752174377,0.6767054200172424,0.003239621873944998,0.656083881855011,0.6226156949996948,-0.03027130849659443,0.6634499430656433,0.6931470036506653,-0.03681229054927826,0.666000485420227,0.7183166146278381,-0.031100237742066383,0.693100094795227,0.6786898374557495,-0.0026505670975893736,0.6921101212501526,0.6348875761032104,-0.035776834934949875,0.69440096616745,0.7004886269569397,-0.026555117219686508,0.6942271590232849,0.721219539642334,-0.009626872837543488,0.727522075176239,0.6881722807884216,-0.011008607223629951,0.7208177447319031,0.6594757437705994,-0.027473805472254753,0.7215632200241089,0.7030348181724548,-0.017427613958716393,0.7216945290565491,0.71695876121521,-0.004032042808830738,FIST
0.7097687721252441,0.8275606036186218,-3.926910210338974e-07,0.6572773456573486,0.8116185069084167,-0.022318394854664803,0.6152822971343994,0.7598710656166077,-0.03078947216272354,0.6000745296478271,0.6978597640991211,-0.03889361396431923,0.6124756932258606,0.6500611305236816,-0.0408761128783226,0.6263612508773804,0.6825110912322998,0.0035482430830597878,0.6249040365219116,0.6250422596931458,-0.029222529381513596,0.6349783539772034,0.6773938536643982,-0.045272767543792725,0.6428949236869812,0.715857744216919,-0.049614373594522476,0.6620786786079407,0.675935685634613,0.002432433422654867,0.657341480255127,0.6135438084602356,-0.03340448811650276,0.6638387441635132,0.6847425103187561,-0.039757851511240005,0.668940007686615,0.7151454091072083,-0.03209494799375534,0.695733368396759,0.6805509328842163,-0.005470268428325653,0.6940253376960754,0.6397413015365601,-0.03854695335030556,0.6951437592506409,0.7049873471260071,-0.027956584468483925,0.6964933276176453,0.7240996360778809,-0.009315761737525463,0.7310481667518616,0.6917068958282471,-0.015666145831346512,0.7233759164810181,0.6645874977111816,-0.03046862967312336,0.7226036787033081,0.7084152698516846,-0.018522227182984352,0.7233086824417114,0.7196618914604187,-0.003567972220480442,FIST
0.7095946669578552,0.8296701908111572,-3.428140473715757e-07,0.6586072444915771,0.8132992386817932,-0.018729792907834053,0.6156229376792908,0.7603822350502014,-0.02760910801589489,0.6013010740280151,0.6965761184692383,-0.03716710954904556,0.6139048933982849,0.645696759223938,-0.0417785570025444,0.6278265714645386,0.6878380179405212,0.0026942335534840822,0.6213382482528687,0.6229642629623413,-0.028802774846553802,0.6343821287155151,0.665428876876831,-0.046540260314941406,0.6444960236549377,0.7062901258468628,-0.05233045294880867,0.6618006229400635,0.6789839863777161,-0.0006831734208390117,0.6560862064361572,0.6074919700622559,-0.035537127405405045,0.6646296381950378,0.6691718101501465,-0.04529394954442978,0.6701794862747192,0.7091172933578491,-0.04029456898570061,0.6948195695877075,0.6829188466072083,-0.00960554275661707,0.6912599802017212,0.6394303441047668,-0.040769223123788834,0.6951053142547607,0.7009517550468445,-0.032766349613666534,0.6963359117507935,0.7291803956031799,-0.016318833455443382,0.7298440337181091,0.6950054168701172,-0.02035623788833618,0.7196819186210632,0.6655220985412598,-0.03396096080541611,0.7198356986045837,0.7076189517974854,-0.0219598188996315,0.7196411490440369,0.7245393991470337,-0.007352023851126432,FIST
0.7075504064559937,0.8300527334213257,-3.179081318194221e-07,0.6576329469680786,0.8130849599838257,-0.021137399598956108,0.6158146262168884,0.7613406181335449,-0.03207991272211075,0.6005964279174805,0.698469340801239,-0.043625254184007645,0.6144404411315918,0.6470847725868225,-0.05000939965248108,0.6257622838020325,0.6826533675193787,0.0014685249188914895,0.6190009713172913,0.6167365908622742,-0.033126670867204666,0.6314370632171631,0.6586151123046875,-0.0521678701043129,0.6419988870620728,0.6993957757949829,-0.057800039649009705,0.660535454750061,0.6780359148979187,-0.0013407552614808083,0.6555058360099792,0.6073145866394043,-0.03888702392578125,0.6635509133338928,0.6693476438522339,-0.04911640286445618,0.6687228083610535,0.7061818838119507,-0.04336204379796982,0.6940917372703552,0.684060275554657,-0.010350916534662247,0.6920410394668579,0.6458103656768799,-0.044947367161512375,0.6950113773345947,0.7081979513168335,-0.038253914564847946,0.695905327796936,0.7325214743614197,-0.021389881148934364,0.7295181751251221,0.6968839764595032,-0.02126672863960266,0.7217406630516052,0.6673346161842346,-0.036758024245500565,0.7217347621917725,0.7114112377166748,-0.02508554235100746,0.7216086387634277,0.7288131713867188,-0.009850874543190002,FIST
0.7076820731163025,0.8341332077980042,-2.8081373670829635e-07,0.6559123992919922,0.8157540559768677,-0.017652591690421104,0.6138992309570312,0.7614895701408386,-0.02524709329009056,0.6014865040779114,0.6955403089523315,-0.03369021415710449,0.6154423952102661,0.644927978515625,-0.03707517310976982,0.6247061491012573,0.6819047331809998,0.0044777849689126015,0.6182299256324768,0.6103962659835815,-0.026700541377067566,0.6284144520759583,0.644804835319519,-0.04395264759659767,0.6379432678222656,0.6885193586349487,-0.04863497242331505,0.6604379415512085,0.6762954592704773,0.0011378932977095246,0.6550551652908325,0.6018486022949219,-0.03333926573395729,0.6621230840682983,0.6562023758888245,-0.043675750494003296,0.6671069264411926,0.6964840292930603,-0.03873360529541969,0.6942647695541382,0.6848733425140381,-0.007623756770044565,0.6911605596542358,0.6505970358848572,-0.040199607610702515,0.6944265365600586,0.7103503942489624,-0.0339420884847641,0.696475088596344,0.7378239631652832,-0.017791692167520523,0.7301161885261536,0.7005130052566528,-0.01786060258746147,0.7196797132492065,0.673402726650238,-0.03284608572721481,0.7200222611427307,0.7156558036804199,-0.021106204017996788,0.7204254865646362,0.7330276370048523,-0.0059442296624183655,FIST
0.7084441184997559,0.8383210897445679,-2.8803378882003017e-07,0.6556394100189209,0.816185474395752,-0.01650155521929264,0.6143141984939575,0.7629692554473877,-0.025741811841726303,0.6022000908851624,0.6980026364326477,-0.03645729273557663,0.6177752614021301,0.6474945545196533,-0.04244663938879967,0.6256383061408997,0.682795524597168,0.0036856322549283504,0.6177240610122681,0.6106882691383362,-0.027341507375240326,0.6292454600334167,0.6492230296134949,-0.04582727327942848,0.6395636200904846,0.6939895153045654,-0.051719047129154205,0.660868763923645,0.6780356764793396,-0.0009867557091638446,0.6553539037704468,0.6014580726623535,-0.03376862034201622,0.662032425403595,0.6526941657066345,-0.04502161964774132,0.6677268743515015,0.693481981754303,-0.04173675924539566,0.6949790716171265,0.686713457107544,-0.010790014639496803,0.691929817199707,0.6509882807731628,-0.04143382981419563,0.6943034529685974,0.7093588709831238,-0.03638450428843498,0.6963820457458496,0.7395471334457397,-0.021966135129332542,0.7307310700416565,0.7034406065940857,-0.022101636976003647,0.720508873462677,0.6752130389213562,-0.0356852225959301,0.7197843790054321,0.7164509892463684,-0.024196946993470192,0.7203730940818787,0.7361387014389038,-0.009865561500191689,FIST
0.7091396450996399,0.8409422636032104,6.4687859513412604e-09,0.6571205258369446,0.8203556537628174,-0.0191129632294178,0.6168988943099976,0.7628973126411438,-0.02778218686580658,0.6052498817443848,0.6940370202064514,-0.03808831050992012,0.6256942749023438,0.6441647410392761,-0.04439421743154526,0.6216132044792175,0.6883352398872375,0.007691856939345598,0.6106253266334534,0.6163841485977173,-0.02458772249519825,0.623177707195282,0.6239020228385925,-0.04651497304439545,0.6355509757995605,0.6610560417175293,-0.054190244525671005,0.6582115888595581,0.6814622282981873,0.004340282641351223,0.652533769607544,0.5952614545822144,-0.030577976256608963,0.6574493050575256,0.616389811038971,-0.04886428266763687,0.662253201007843,0.6530147194862366,-0.050484154373407364,0.6927846074104309,0.6905721426010132,-0.004474450368434191,0.6916399598121643,0.6563681364059448,-0.03845389932394028,0.6921507716178894,0.7107589244842529,-0.03829854726791382,0.6905118227005005,0.7438596487045288,-0.025733700022101402,0.7280023694038391,0.7056559920310974,-0.014894505962729454,0.7198247313499451,0.6807859539985657,-0.03133291006088257,0.7198400497436523,0.7196165323257446,-0.022259434685111046,0.7183958292007446,0.7419054508209229,-0.00873630028218031,FIST
0.71382737159729,0.8503000736236572,1.6866923147063062e-07,0.6600576639175415,0.8217793703079224,-0.015038982033729553,0.625109076499939,0.7670853137969971,-0.02069140039384365,0.6139505505561829,0.7016870379447937,-0.029055844992399216,0.6264194250106812,0.6530569791793823,-0.0332755371928215,0.6218341588973999,0.6974391937255859,0.012539910152554512,0.6059058904647827,0.6281682252883911,-0.017913663759827614,0.6112298369407654,0.608739972114563,-0.04017040133476257,0.6226069927215576,0.6274201273918152,-0.049175623804330826,0.6580632925033569,0.6891977190971375,0.007204870227724314,0.6491756439208984,0.6087634563446045,-0.028803564608097076,0.6501761078834534,0.6057964563369751,-0.051090627908706665,0.6563271880149841,0.6306974291801453,-0.05694790929555893,0.693199634552002,0.6973481774330139,-0.0031578487250953913,0.692287266254425,0.6626267433166504,-0.03689476475119591,0.6932716369628906,0.7116363644599915,-0.037667736411094666,0.6931926608085632,0.743362545967102,-0.026637837290763855,0.7294562458992004,0.7108903527259827,-0.015164640732109547,0.7245323657989502,0.6866779327392578,-0.03311501070857048,0.7230839729309082,0.7215157747268677,-0.026892973110079765,0.7211726307868958,0.7416829466819763,-0.01551764365285635,FIST
0.7119805812835693,0.8585975170135498,3.795897782765678e-07,0.6606850028038025,0.8275190591812134,-0.012973375618457794,0.6298546195030212,0.7692698836326599,-0.018816934898495674,0.626457929611206,0.7032222151756287,-0.027953673154115677,0.6376379728317261,0.6573208570480347,-0.03360362723469734,0.6226150393486023,0.6987722516059875,0.010099140927195549,0.6042416095733643,0.6344152092933655,-0.01204786915332079,0.601575493812561,0.5984534025192261,-0.02780485525727272,0.6074378490447998,0.5906884670257568,-0.03532475605607033,0.6581390500068665,0.6901999711990356,0.003439124673604965,0.6487029790878296,0.6189380288124084,-0.02582740969955921,0.644765317440033,0.5884562134742737,-0.04457901790738106,0.6490514278411865,0.5780254006385803,-0.05128198489546776,0.6940345764160156,0.6993732452392578,-0.007198827341198921,0.6883525252342224,0.664296567440033,-0.036818500608205795,0.6888479590415955,0.714446485042572,-0.03423047065734863,0.6913865804672241,0.7467688322067261,-0.022762436419725418,0.7294816374778748,0.7149128913879395,-0.019460227340459824,0.7215604186058044,0.6915834546089172,-0.037520963698625565,0.7196534276008606,0.7271214723587036,-0.03047385811805725,0.7195158004760742,0.7473731637001038,-0.018928106874227524,FIST
0.7146018147468567,0.8618977665901184,4.2177663317488623e-07,0.6660119891166687,0.8258641362190247,-0.015767749398946762,0.6378638744354248,0.7679561972618103,-0.019881736487150192,0.6432393789291382,0.7020115256309509,-0.026065338402986526,0.6519286036491394,0.652790367603302,-0.030330341309309006,0.6252862811088562,0.7107707858085632,0.009088733233511448,0.6044005155563354,0.6466800570487976,-0.005043779965490103,0.5975182056427002,0.6079695224761963,-0.014916093088686466,0.5940909385681152,0.5730587244033813,-0.02053743600845337,0.6584916710853577,0.6989952325820923,0.005470654461532831,0.6447645425796509,0.6248247623443604,-0.012957112863659859,0.6400120854377747,0.5868841409683228,-0.024811390787363052,0.6405709385871887,0.5484182238578796,-0.02914339303970337,0.6936743855476379,0.7037116289138794,-0.0021214017178863287,0.6849286556243896,0.6644899249076843,-0.029446661472320557,0.6863035559654236,0.7219324707984924,-0.027477705851197243,0.6918516159057617,0.7511603832244873,-0.01673632673919201,0.7282798886299133,0.7173603773117065,-0.011299002915620804,0.715831458568573,0.6911824345588684,-0.028293725103139877,0.7134497761726379,0.7324997782707214,-0.02059074677526951,0.7159948348999023,0.7511534690856934,-0.0096473703160882,FIST
0.713652491569519,0.8606809377670288,5.602228156931233e-07,0.6662688851356506,0.8269798159599304,-0.020741818472743034,0.6398696303367615,0.7665948867797852,-0.028288526460528374,0.6524659991264343,0.7022243738174438,-0.03649134933948517,0.6658233404159546,0.6502042412757874,-0.042752377688884735,0.6235243082046509,0.7051807641983032,0.0002656169526744634,0.6002123951911926,0.6375153660774231,-0.012195494957268238,0.5897331237792969,0.5950348377227783,-0.020055672153830528,0.5822139978408813,0.557878851890564,-0.024495305493474007,0.6567764282226562,0.6923843026161194,-0.0017700685421004891,0.6447925567626953,0.6137607097625732,-0.017657965421676636,0.6365204453468323,0.5694899559020996,-0.027749842032790184,0.6337893605232239,0.5265591740608215,-0.03096713498234749,0.6922233700752258,0.6987700462341309,-0.007898332551121712,0.6830952763557434,0.6649560332298279,-0.03314094617962837,0.6847220659255981,0.7229666113853455,-0.03125873580574989,0.6904159784317017,0.7487882375717163,-0.020717555657029152,0.7264110445976257,0.7142357230186462,-0.015956833958625793,0.7097574472427368,0.6898555159568787,-0.03190593048930168,0.7085708975791931,0.7317315340042114,-0.024001246318221092,0.7127560377120972,0.7487138509750366,-0.01308511197566986,FIST
0.7155637145042419,0.8612526059150696,5.738981485592376e-07,0.6692924499511719,0.8287379145622253,-0.023969901725649834,0.6419893503189087,0.7654828429222107,-0.031008753925561905,0.657274067401886,0.7012985348701477,-0.037828367203474045,0.6690558195114136,0.6472299098968506,-0.042595405131578445,0.622022271156311,0.7009682655334473,-0.0021934297401458025,0.5968934893608093,0.6315436363220215,-0.01524384506046772,0.5842053294181824,0.5870979428291321,-0.02316177822649479,0.5753748416900635,0.5490928888320923,-0.027378570288419724,0.6558256149291992,0.6891449689865112,-0.0027941495645791292,0.6432421207427979,0.6080912351608276,-0.020395223051309586,0.6346254348754883,0.5614680647850037,-0.03143111243844032,0.6324645280838013,0.5169194340705872,-0.03469890356063843,0.6910017132759094,0.6979201436042786,-0.007790427189320326,0.6862741112709045,0.66729336977005,-0.03667398914694786,0.6857619881629944,0.7266440987586975,-0.037664636969566345,0.6889597773551941,0.7503979206085205,-0.028118235990405083,0.7242190837860107,0.7167341113090515,-0.014688047580420971,0.7121655941009521,0.6928015351295471,-0.03404584154486656,0.7089803814888,0.73723304271698,-0.02807348035275936,0.7104629874229431,0.7538935542106628,-0.017971981316804886,FIST
0.7172369360923767,0.869886040687561,5.806471108371625e-07,0.6711980104446411,0.8336073160171509,-0.027073757722973824,0.6465904116630554,0.7673704028129578,-0.03479258716106415,0.6666623950004578,0.700153648853302,-0.041624125093221664,0.6812955737113953,0.6456304788589478,-0.04669971019029617,0.6235681772232056,0.7061741352081299,-0.0040708500891923904,0.5964281558990479,0.6320309042930603,-0.016183065250515938,0.5808692574501038,0.5868527889251709,-0.024848854169249535,0.567075788974762,0.5492258071899414,-0.030085884034633636,0.657413125038147,0.6926594972610474,-0.0020750181283801794,0.6436416506767273,0.6076052188873291,-0.015800047665834427,0.6342262029647827,0.5570260882377625,-0.027190960943698883,0.6292130351066589,0.512496829032898,-0.03226502984762192,0.6922600269317627,0.7019063234329224,-0.00469718175008893,0.6860177516937256,0.6666094660758972,-0.030570905655622482,0.685982346534729,0.719014048576355,-0.03592194616794586,0.6899480819702148,0.7468054890632629,-0.030701877549290657,0.7240827679634094,0.7217252254486084,-0.009401403367519379,0.7120954990386963,0.6985005736351013,-0.02904425375163555,0.7093143463134766,0.7365223169326782,-0.02745692990720272,0.7124144434928894,0.7544128894805908,-0.020992211997509003,FIST
0.716185986995697,0.872374951839447,5.541018595067726e-07,0.6711159348487854,0.8356547355651855,-0.026655931025743484,0.6468226909637451,0.7691744565963745,-0.034565262496471405,0.668857216835022,0.7022632360458374,-0.041694629937410355,0.684682309627533,0.6474729180335999,-0.0471683144569397,0.6239494681358337,0.706286609172821,-0.004628409631550312,0.5954517126083374,0.6332365870475769,-0.017092442139983177,0.5793611407279968,0.5888838171958923,-0.025438712909817696,0.5654041171073914,0.5513510704040527,-0.030233459547162056,0.6589123010635376,0.6927050948143005,-0.002981007331982255,0.6457424163818359,0.6069056987762451,-0.017158640548586845,0.6357640027999878,0.558577835559845,-0.02821008302271366,0.6304493546485901,0.5150823593139648,-0.032843466848134995,0.6944479942321777,0.7019190788269043,-0.005886630155146122,0.6892507076263428,0.6687517762184143,-0.03275804966688156,0.6881063580513,0.7248120903968811,-0.03822062164545059,0.6917659640312195,0.7525637745857239,-0.03278851509094238,0.7267078161239624,0.7223392724990845,-0.01072316337376833,0.7153199315071106,0.7006314992904663,-0.03070518933236599,0.7118558883666992,0.7428489327430725,-0.028903555124998093,0.714771568775177,0.7619653344154358,-0.02227453701198101,FIST
0.714880645275116,0.8765857815742493,5.482079927787709e-07,0.6685222387313843,0.8396409153938293,-0.025061488151550293,0.6450674533843994,0.7703441977500916,-0.031965211033821106,0.6696464419364929,0.704576849937439,-0.038390323519706726,0.688286304473877,0.6524405479431152,-0.043445296585559845,0.6233769059181213,0.7072471976280212,-0.0029862888623028994,0.5948340892791748,0.6354037523269653,-0.015133047476410866,0.5789403915405273,0.5909991264343262,-0.02333774045109749,0.5649581551551819,0.5542464852333069,-0.028096599504351616,0.6588433384895325,0.6941207051277161,-0.002350715221837163,0.6453471183776855,0.6073927879333496,-0.01578749716281891,0.6356775760650635,0.5588060617446899,-0.026631878688931465,0.6304634809494019,0.5161640644073486,-0.031007464975118637,0.6945028305053711,0.7047609090805054,-0.0062501803040504456,0.6888485550880432,0.6745713353157043,-0.03268756344914436,0.6865018606185913,0.7288970351219177,-0.03871246054768562,0.6889380216598511,0.7556700706481934,-0.03366387262940407,0.7261431813240051,0.7266533970832825,-0.011896271258592606,0.7136704325675964,0.7058521509170532,-0.031553082168102264,0.7094159126281738,0.7476083040237427,-0.029617182910442352,0.7116295099258423,0.7670562267303467,-0.022948607802391052,FIST
0.7114119529724121,0.8868889212608337,5.675340730704193e-07,0.6684847474098206,0.8489732146263123,-0.0253214742988348,0.6453742980957031,0.779276430606842,-0.032261818647384644,0.6697556972503662,0.7110764384269714,-0.03863336145877838,0.6901821494102478,0.6587623357772827,-0.043649666011333466,0.6220664978027344,0.7161123156547546,-0.00386932585388422,0.5937986969947815,0.6433284282684326,-0.016525719314813614,0.5784422159194946,0.5979219079017639,-0.024928158149123192,0.5651634931564331,0.5605210065841675,-0.029643582180142403,0.6577364206314087,0.7046941518783569,-0.002677724463865161,0.6480998396873474,0.6167200803756714,-0.01622132956981659,0.6419270038604736,0.5666313767433167,-0.026628956198692322,0.6394413113594055,0.5241549611091614,-0.030654462054371834,0.6926401257514954,0.717048168182373,-0.005908552091568708,0.689411997795105,0.6892583966255188,-0.03244644030928612,0.6860421299934387,0.7427939772605896,-0.03832252323627472,0.6886569261550903,0.7716450095176697,-0.03298167884349823,0.7224267721176147,0.7407597899436951,-0.010867578908801079,0.7106592655181885,0.7248957753181458,-0.03080482967197895,0.7061761021614075,0.7661468386650085,-0.02892177551984787,0.7095902562141418,0.7862391471862793,-0.02197788469493389,FIST
0.7102934122085571,0.891437292098999,5.436598371488799e-07,0.665642499923706,0.8529130816459656,-0.022323109209537506,0.6433667540550232,0.782173216342926,-0.028774319216609,0.6687844395637512,0.7157135009765625,-0.0352090485394001,0.6901233792304993,0.664810061454773,-0.040438730269670486,0.6215783953666687,0.7193992733955383,-0.0035512784961611032,0.594005823135376,0.6450480818748474,-0.015118219889700413,0.5780745148658752,0.601022481918335,-0.022919688373804092,0.5638977885246277,0.5643856525421143,-0.02785295620560646,0.6577724814414978,0.7064155340194702,-0.0040273359045386314,0.6467019319534302,0.6179526448249817,-0.016681963577866554,0.6396176815032959,0.567505955696106,-0.02749435231089592,0.6370499134063721,0.526179850101471,-0.03257937729358673,0.6934656500816345,0.7181567549705505,-0.008395067416131496,0.6878567337989807,0.6881499886512756,-0.0329885333776474,0.6840885281562805,0.7397814393043518,-0.038859836757183075,0.6870817542076111,0.7698857188224792,-0.03474383056163788,0.7238427400588989,0.7417723536491394,-0.01432821899652481,0.7096239328384399,0.725450336933136,-0.03335675969719887,0.7039562463760376,0.7660638689994812,-0.031890369951725006,0.7067013382911682,0.7879648804664612,-0.0259664636105299,FIST
0.7108073234558105,0.8929593563079834,5.399430733632471e-07,0.6662042140960693,0.854173481464386,-0.023232821375131607,0.6450513601303101,0.7844265699386597,-0.02965349704027176,0.66965252161026,0.7183437347412109,-0.0357460081577301,0.6906759738922119,0.6676562428474426,-0.040356192737817764,0.6224589943885803,0.7210358381271362,-0.003110958030447364,0.5946152210235596,0.6468034982681274,-0.014092616736888885,0.5787734389305115,0.6025545597076416,-0.021318785846233368,0.5646419525146484,0.5657930374145508,-0.025586972013115883,0.6585478782653809,0.7090314030647278,-0.002786902477964759,0.6480788588523865,0.6203058958053589,-0.014952358789741993,0.6415955424308777,0.5690972208976746,-0.025430573150515556,0.6389976739883423,0.5271855592727661,-0.03009728156030178,0.6932298541069031,0.7214834690093994,-0.006605314556509256,0.689090371131897,0.6913880705833435,-0.03199639916419983,0.6862950921058655,0.7389329075813293,-0.03962814807891846,0.6892912983894348,0.7668272256851196,-0.03618945553898811,0.7223273515701294,0.7444390654563904,-0.011898642405867577,0.7100645303726196,0.7228864431381226,-0.031205827370285988,0.7051223516464233,0.7608603835105896,-0.030671218410134315,0.7076248526573181,0.7829235792160034,-0.025281287729740143,FIST
0.7097044587135315,0.893430233001709,5.41538270226738e-07,0.6668298840522766,0.8555322885513306,-0.022214703261852264,0.6449955105781555,0.785039484500885,-0.027793031185865402,0.6723589301109314,0.7197133898735046,-0.0330747626721859,0.695614218711853,0.670845627784729,-0.037200167775154114,0.6233662962913513,0.7224437594413757,-0.004127968102693558,0.5950156450271606,0.6480202078819275,-0.014706618152558804,0.5792008638381958,0.6034824848175049,-0.021622350439429283,0.5649427175521851,0.5666974186897278,-0.02595626376569271,0.6587892174720764,0.711418092250824,-0.003951109014451504,0.6489045023918152,0.6221156716346741,-0.015528328716754913,0.642911970615387,0.57114577293396,-0.025380197912454605,0.6403967142105103,0.5296558737754822,-0.02972801961004734,0.6928324699401855,0.7252327799797058,-0.00756902527064085,0.6895372867584229,0.6979182362556458,-0.03182985633611679,0.6861302852630615,0.7463648319244385,-0.03856564313173294,0.6883395910263062,0.7737077474594116,-0.03488021343946457,0.721343994140625,0.7502397298812866,-0.012618931010365486,0.7095826268196106,0.7329055070877075,-0.03190477937459946,0.7040982246398926,0.7714826464653015,-0.031330406665802,0.7058494091033936,0.7921757698059082,-0.02598092518746853,FIST
0.7120401263237,0.8961867690086365,5.845151918038027e-07,0.6677653193473816,0.8566340804100037,-0.027940692380070686,0.6479896306991577,0.7877412438392639,-0.03499656543135643,0.674633800983429,0.7224556803703308,-0.04057662934064865,0.6973892450332642,0.6711663007736206,-0.044156625866889954,0.6238482594490051,0.7242578864097595,-0.004565082956105471,0.596247136592865,0.6489303112030029,-0.014718325808644295,0.580592930316925,0.6037612557411194,-0.021451350301504135,0.5667452812194824,0.5661617517471313,-0.025305287912487984,0.6602379083633423,0.7120522260665894,-0.0008236543508246541,0.6516984105110168,0.6237461566925049,-0.012012784369289875,0.6463280916213989,0.5719089508056641,-0.021212266758084297,0.6446793675422668,0.5305817723274231,-0.024706652387976646,0.6947476267814636,0.7246653437614441,-0.001881502801552415,0.6945935487747192,0.696251392364502,-0.026938598603010178,0.6917513012886047,0.7455952763557434,-0.03443390876054764,0.693307638168335,0.7733761668205261,-0.0304570272564888,0.7229400873184204,0.7468484044075012,-0.004847504664212465,0.714253306388855,0.7272630929946899,-0.024443024769425392,0.708712637424469,0.7664343118667603,-0.024651234969496727,0.7092722654342651,0.7877832055091858,-0.019480595365166664,FIST
0.7129668593406677,0.8979737162590027,5.821985382681305e-07,0.6693242788314819,0.8587446212768555,-0.025492047891020775,0.6497191190719604,0.7886945605278015,-0.03246428817510605,0.6751818060874939,0.7235264182090759,-0.03849240019917488,0.6983457207679749,0.6732895374298096,-0.04272259399294853,0.6256569623947144,0.7248240113258362,-0.0062356679700315,0.5981471538543701,0.6474260687828064,-0.016660017892718315,0.582863986492157,0.6020660996437073,-0.0229550302028656,0.5696950554847717,0.5643739700317383,-0.02649749629199505,0.6623764038085938,0.7130377888679504,-0.004099345300346613,0.6539661884307861,0.6233523488044739,-0.015626272186636925,0.649124026298523,0.570794403553009,-0.024833975359797478,0.6477669477462769,0.5304830074310303,-0.02842007577419281,0.6969775557518005,0.7262000441551208,-0.0061792549677193165,0.6934069991111755,0.6992123126983643,-0.030808279290795326,0.6899345517158508,0.7464577555656433,-0.03849699720740318,0.6920307874679565,0.7753517031669617,-0.03502688184380531,0.7246111631393433,0.7492865920066833,-0.009948667138814926,0.7125446200370789,0.734776496887207,-0.029072903096675873,0.7057163715362549,0.773093044757843,-0.029581546783447266,0.7063453197479248,0.7955033779144287,-0.02483731508255005,FIST
0.7176689505577087,0.8993867635726929,5.891062073715148e-07,0.6745555400848389,0.8600576519966125,-0.02747742272913456,0.6569241881370544,0.7907185554504395,-0.03600185737013817,0.6828567981719971,0.7244621515274048,-0.04330001398921013,0.7041425108909607,0.6715248823165894,-0.04859946295619011,0.6288537383079529,0.7205157279968262,-0.007234920747578144,0.6029348373413086,0.6438940763473511,-0.018912065774202347,0.588474690914154,0.5975037813186646,-0.026281343773007393,0.5757262706756592,0.5595727562904358,-0.03043440543115139,0.6662827730178833,0.7109546661376953,-0.005400275345891714,0.6600906252861023,0.6222598552703857,-0.018951259553432465,0.6569491624832153,0.569756269454956,-0.02883942425251007,0.656527042388916,0.528788685798645,-0.03248551860451698,0.7021552324295044,0.7262479066848755,-0.008018855936825275,0.7048785090446472,0.6954883933067322,-0.03510494902729988,0.7016561627388,0.7474513053894043,-0.041165925562381744,0.7016183733940125,0.7777203321456909,-0.03588778153061867,0.7310931086540222,0.7526999115943909,-0.012469160370528698,0.7242522239685059,0.7297360301017761,-0.03355339542031288,0.7189232707023621,0.7707399725914001,-0.03215044364333153,0.7184144854545593,0.7944668531417847,-0.025394227355718613,FIST
0.7186288833618164,0.8971017599105835,5.633407340610574e-07,0.676445484161377,0.8572408556938171,-0.02494429610669613,0.6593305468559265,0.7867853045463562,-0.030918776988983154,0.6860772967338562,0.7216534614562988,-0.036017317324876785,0.7087770104408264,0.6715700626373291,-0.03947338089346886,0.6326562166213989,0.7212622165679932,-0.0040051802061498165,0.6059659719467163,0.642646312713623,-0.012705828063189983,0.5913329720497131,0.5966528654098511,-0.018126223236322403,0.5785360932350159,0.5583213567733765,-0.021194132044911385,0.6693330407142639,0.7108209133148193,-0.0018854959635064006,0.6625615954399109,0.6199061870574951,-0.01225122157484293,0.6596553921699524,0.5673211812973022,-0.02111956477165222,0.6596345901489258,0.5272058248519897,-0.024614157155156136,0.7037984728813171,0.7246789932250977,-0.003988559357821941,0.7040126919746399,0.6933236122131348,-0.028955494984984398,0.7013441920280457,0.7418861985206604,-0.03699495270848274,0.7023805975914001,0.7719624042510986,-0.033614784479141235,0.7316622138023376,0.7481048703193665,-0.007593764457851648,0.724082887172699,0.7217683792114258,-0.027501748874783516,0.7186068296432495,0.7621861100196838,-0.027729392051696777,0.7189825773239136,0.7884648442268372,-0.022700535133481026,FIST
0.7216165661811829,0.8973599672317505,5.805495675303973e-07,0.679374635219574,0.8575761914253235,-0.027602247893810272,0.6613863706588745,0.7888450026512146,-0.036170512437820435,0.6889117360115051,0.7229477167129517,-0.04356995224952698,0.712488055229187,0.6714416146278381,-0.04907548800110817,0.6356799602508545,0.7196600437164307,-0.007937032729387283,0.6089211702346802,0.6414138078689575,-0.019639424979686737,0.5941845774650574,0.59477299451828,-0.027058111503720284,0.5816130638122559,0.5562723278999329,-0.03127817064523697,0.6726668477058411,0.7102172374725342,-0.005794466473162174,0.6659119725227356,0.620949923992157,-0.01915089599788189,0.6625053882598877,0.5677171945571899,-0.02898957021534443,0.6625258922576904,0.5267174243927002,-0.03274911642074585,0.707641065120697,0.7253185510635376,-0.008135568350553513,0.708495020866394,0.6950247287750244,-0.035097673535346985,0.7049859166145325,0.7452343702316284,-0.041685957461595535,0.7057801485061646,0.7750078439712524,-0.036829523742198944,0.7357825636863708,0.7510622143745422,-0.012335925363004208,0.7280020713806152,0.725053608417511,-0.03335191309452057,0.7220092415809631,0.7657567262649536,-0.03233945742249489,0.7222623229026794,0.7907088994979858,-0.025986086577177048,FIST
0.7232645153999329,0.8971813321113586,5.832461624777352e-07,0.6816051602363586,0.8582516312599182,-0.028286073356866837,0.6648962497711182,0.786904513835907,-0.03609009459614754,0.6925365328788757,0.720956027507782,-0.04238446056842804,0.7163032293319702,0.6699542999267578,-0.046940241008996964,0.6382105946540833,0.7179584503173828,-0.00909035187214613,0.6118796467781067,0.6385349631309509,-0.01990109495818615,0.5972540378570557,0.5919037461280823,-0.02646603435277939,0.5846947431564331,0.5531895160675049,-0.030005553737282753,0.6749783158302307,0.7084851861000061,-0.006108876783400774,0.6690542101860046,0.6177058815956116,-0.018130242824554443,0.6665964126586914,0.5643417835235596,-0.026981139555573463,0.6668052673339844,0.523019552230835,-0.03012055531144142,0.7092545032501221,0.7236700654029846,-0.007624648045748472,0.7097762823104858,0.693244457244873,-0.034165870398283005,0.7070198059082031,0.7429022789001465,-0.041658587753772736,0.7075996398925781,0.7716083526611328,-0.03747330233454704,0.73621666431427,0.7492601275444031,-0.01095093134790659,0.7292283177375793,0.7210990190505981,-0.03198215737938881,0.7231056094169617,0.7618622183799744,-0.03176749497652054,0.7225522994995117,0.7872360348701477,-0.026093311607837677,FIST
0.7252672910690308,0.8955819606781006,5.692010063285124e-07,0.6850659847259521,0.856293261051178,-0.027339626103639603,0.6685599684715271,0.7864648103713989,-0.035946670919656754,0.6947509050369263,0.7202879190444946,-0.04330424964427948,0.7175345420837402,0.668317437171936,-0.04876326024532318,0.6404393911361694,0.7155961990356445,-0.009088057093322277,0.6144183874130249,0.6366564035415649,-0.020989535376429558,0.6000641584396362,0.590046763420105,-0.028112558647990227,0.5880247354507446,0.5514258146286011,-0.0321122482419014,0.6783449649810791,0.7064527869224548,-0.006932687480002642,0.6724729537963867,0.617446780204773,-0.02078673057258129,0.6694567203521729,0.5644518136978149,-0.0307378638535738,0.6687657833099365,0.5230411887168884,-0.034688204526901245,0.7132487297058105,0.7218825221061707,-0.009067150764167309,0.7138316035270691,0.6922662258148193,-0.03665347769856453,0.7107728123664856,0.7408874034881592,-0.04380229860544205,0.711234986782074,0.7706049680709839,-0.03952322155237198,0.7411991357803345,0.7475591897964478,-0.01295146532356739,0.734126091003418,0.72476726770401,-0.03480544313788414,0.7285016775131226,0.7646471261978149,-0.034730080515146255,0.7279545068740845,0.789530873298645,-0.02906975895166397,FIST
0.7259125113487244,0.894324541091919,5.784336281067226e-07,0.6858757138252258,0.855083167552948,-0.027627140283584595,0.6684107780456543,0.7845555543899536,-0.03525429964065552,0.6969814896583557,0.718882143497467,-0.0416499562561512,0.7211840748786926,0.6685546040534973,-0.046403881162405014,0.6417503356933594,0.7151253819465637,-0.00770381698384881,0.6158201694488525,0.6361168622970581,-0.018487559631466866,0.6018403768539429,0.5893532633781433,-0.025368552654981613,0.589725136756897,0.5504553318023682,-0.029384680092334747,0.6789939403533936,0.7063409686088562,-0.005158779677003622,0.6742076873779297,0.6153990030288696,-0.017797932028770447,0.6719052791595459,0.5624634623527527,-0.027539998292922974,0.672203004360199,0.5208441019058228,-0.031273920089006424,0.7135626673698425,0.7223958969116211,-0.007038779556751251,0.7137688994407654,0.691512942314148,-0.03413701802492142,0.7105602025985718,0.7410838603973389,-0.04170132055878639,0.7118526101112366,0.7700369954109192,-0.03742962330579758,0.7407897710800171,0.7486862540245056,-0.01065669022500515,0.7328057289123535,0.721960723400116,-0.03243023529648781,0.726737380027771,0.7619507908821106,-0.032388146966695786,0.7273232936859131,0.786349356174469,-0.02663986198604107,FIST
0.7285158634185791,0.8926072120666504,5.814768542222737e-07,0.6878661513328552,0.8529145121574402,-0.029169535264372826,0.6711937189102173,0.7831858396530151,-0.037485118955373764,0.6990885734558105,0.718140721321106,-0.044066719710826874,0.7220593094825745,0.6672677993774414,-0.04874292016029358,0.644890546798706,0.7125974893569946,-0.009157683700323105,0.6187803149223328,0.6333280205726624,-0.019825149327516556,0.604558527469635,0.5871613025665283,-0.026467330753803253,0.5924915671348572,0.5484468936920166,-0.030192170292139053,0.6817580461502075,0.7041799426078796,-0.005385256838053465,0.6761855483055115,0.6148078441619873,-0.01720007136464119,0.6743037104606628,0.561782956123352,-0.02629281021654606,0.6748626232147217,0.5198873281478882,-0.02976304106414318,0.7154985070228577,0.7205104827880859,-0.006208101753145456,0.7145877480506897,0.6904826164245605,-0.03277137875556946,0.7112926840782166,0.7384605407714844,-0.04138486459851265,0.7125033140182495,0.7680155634880066,-0.03810570761561394,0.7419054508209229,0.745917797088623,-0.00890849158167839,0.734144926071167,0.7222538590431213,-0.031161610037088394,0.7269283533096313,0.7601168155670166,-0.03292227163910866,0.7265066504478455,0.7841373085975647,-0.028484828770160675,FIST
0.728167712688446,0.8940935730934143,5.763957915405626e-07,0.6878398060798645,0.8536115288734436,-0.02876216731965542,0.6713378429412842,0.7840197086334229,-0.03715592995285988,0.6994302272796631,0.7192991971969604,-0.044103752821683884,0.7226845026016235,0.6683932542800903,-0.04947581887245178,0.6450669765472412,0.7139835953712463,-0.008950138464570045,0.6186820268630981,0.6348329782485962,-0.020356517285108566,0.6043524146080017,0.5878363251686096,-0.027930743992328644,0.592363178730011,0.5485928058624268,-0.03233010321855545,0.6819827556610107,0.704540491104126,-0.005947741214185953,0.6757866740226746,0.6137279868125916,-0.01813659630715847,0.6733853816986084,0.5605582594871521,-0.027856070548295975,0.6739980578422546,0.5183976888656616,-0.03184327483177185,0.7163152098655701,0.7205950021743774,-0.007558237295597792,0.7140538096427917,0.6881260275840759,-0.034649670124053955,0.7107556462287903,0.736283540725708,-0.04348978027701378,0.7124227285385132,0.7653501033782959,-0.04031679406762123,0.7431896924972534,0.7466640472412109,-0.010962634347379208,0.7333569526672363,0.7177157402038574,-0.03331240639090538,0.7261487245559692,0.7558055520057678,-0.03455658629536629,0.7261437177658081,0.780056357383728,-0.02983296662569046,FIST
0.7283399701118469,0.8917068839073181,5.59132956823305e-07,0.6884914040565491,0.8519667983055115,-0.0260025504976511,0.6715899109840393,0.7820240259170532,-0.03434013947844505,0.700157880783081,0.7174814939498901,-0.0418161079287529,0.7241396903991699,0.6666991114616394,-0.04789523035287857,0.6455644965171814,0.712975263595581,-0.009163028560578823,0.6201322078704834,0.6338992118835449,-0.0214089322835207,0.6059833765029907,0.5873113870620728,-0.02936144545674324,0.5940157175064087,0.5482310652732849,-0.034137062728405,0.68296217918396,0.7042100429534912,-0.008036855608224869,0.6781643629074097,0.6134540438652039,-0.02124362252652645,0.6757946014404297,0.5604268312454224,-0.03165345638990402,0.6758660078048706,0.5179651975631714,-0.03636700659990311,0.7174993753433228,0.7203162312507629,-0.011026891879737377,0.7170113921165466,0.6862558722496033,-0.038192007690668106,0.7119633555412292,0.7337738275527954,-0.046307168900966644,0.7123159766197205,0.7640740275382996,-0.04306771606206894,0.7446581721305847,0.7474311590194702,-0.015603800304234028,0.7357485294342041,0.7207385301589966,-0.03789632022380829,0.7283363342285156,0.7591016888618469,-0.038478292524814606,0.7282752394676208,0.784805953502655,-0.033436957746744156,FIST
0.7324444055557251,0.8934621810913086,6.015696385475167e-07,0.691288948059082,0.8504952788352966,-0.02851003222167492,0.6745086312294006,0.7794045209884644,-0.03610840439796448,0.7039830088615417,0.7136544585227966,-0.0422578863799572,0.7273407578468323,0.6629077792167664,-0.0464501827955246,0.6473181843757629,0.714415431022644,-0.007394494488835335,0.6211677193641663,0.6336906552314758,-0.018696585670113564,0.6070399284362793,0.5861301422119141,-0.02585708349943161,0.5951982140541077,0.5466350317001343,-0.029744286090135574,0.6838862895965576,0.7053304314613342,-0.004175773821771145,0.6780157089233398,0.6147536635398865,-0.0175110325217247,0.675733208656311,0.5594724416732788,-0.027209265157580376,0.6768380403518677,0.5158904194831848,-0.030579911544919014,0.7181249260902405,0.7210227251052856,-0.005672587547451258,0.7193946242332458,0.6882414221763611,-0.033946506679058075,0.7160765528678894,0.739506721496582,-0.041621774435043335,0.7170073986053467,0.7707414031028748,-0.036872077733278275,0.7451542019844055,0.7462325096130371,-0.009010348469018936,0.7396868467330933,0.7176084518432617,-0.032575350254774094,0.7333298921585083,0.7580500245094299,-0.03338168188929558,0.7329331636428833,0.7840596437454224,-0.02767367660999298,FIST
0.7342770099639893,0.8927264213562012,5.749695333179261e-07,0.6947495341300964,0.8531448245048523,-0.027507368475198746,0.6772774457931519,0.7821959257125854,-0.03542742878198624,0.7044958472251892,0.7152854204177856,-0.042249348014593124,0.7275882363319397,0.6641793847084045,-0.0475723035633564,0.648445725440979,0.7141042351722717,-0.007875447161495686,0.6222759485244751,0.6338871717453003,-0.01976134441792965,0.6077419519424438,0.5868119597434998,-0.027480505406856537,0.5958343744277954,0.5474338531494141,-0.031728632748126984,0.6849749088287354,0.7037544250488281,-0.005151962395757437,0.6788375377655029,0.6135862469673157,-0.018563807010650635,0.6761032938957214,0.5599803328514099,-0.029239196330308914,0.6762277483940125,0.518143892288208,-0.033712152391672134,0.7187578678131104,0.717848002910614,-0.006788577418774366,0.7196009755134583,0.6832989454269409,-0.034718114882707596,0.7184996008872986,0.7304707765579224,-0.04380284249782562,0.7213860154151917,0.7628064751625061,-0.04046235606074333,0.7454413771629333,0.7422800660133362,-0.010054286569356918,0.7390328049659729,0.7150405645370483,-0.03230376914143562,0.7347475290298462,0.7533628940582275,-0.033201415091753006,0.7365344762802124,0.7805785536766052,-0.027951527386903763,FIST
0.7339953184127808,0.8893653154373169,5.882511118215916e-07,0.6950432062149048,0.8498417735099792,-0.028947893530130386,0.6783033013343811,0.7802306413650513,-0.037457242608070374,0.7054995894432068,0.7135162949562073,-0.04445541277527809,0.7281647324562073,0.6626200675964355,-0.049845099449157715,0.6470555663108826,0.7142415046691895,-0.0089638102799654,0.6212661266326904,0.6343403458595276,-0.021091464906930923,0.6071330904960632,0.587092399597168,-0.028813980519771576,0.5952357053756714,0.5475050806999207,-0.032965924590826035,0.6842414140701294,0.7025293707847595,-0.005253098905086517,0.6781105995178223,0.6124299168586731,-0.01904277503490448,0.6759520173072815,0.559158980846405,-0.02935579977929592,0.6759008169174194,0.5182491540908813,-0.03337525576353073,0.7184405326843262,0.714996874332428,-0.006065435707569122,0.7201233506202698,0.6793996095657349,-0.03507184237241745,0.7192411422729492,0.7278417944908142,-0.04459676146507263,0.7213308215141296,0.7617175579071045,-0.041212305426597595,0.7456962466239929,0.7370051145553589,-0.008533035404980183,0.7399084568023682,0.7110023498535156,-0.03216973692178726,0.7352138757705688,0.751349925994873,-0.033937301486730576,0.7358328700065613,0.7803905010223389,-0.029037779197096825,FIST
0.7335014939308167,0.8946189880371094,5.889048679819098e-07,0.6950716376304626,0.8501388430595398,-0.029278554022312164,0.6817718148231506,0.7774322628974915,-0.03593170642852783,0.7104855179786682,0.7111385464668274,-0.040811747312545776,0.732521116733551,0.6606425642967224,-0.043825726956129074,0.6489298343658447,0.7140853404998779,-0.004737433977425098,0.6239487528800964,0.6341558694839478,-0.014606660231947899,0.6102933883666992,0.586927056312561,-0.021135501563549042,0.5988162755966187,0.547771155834198,-0.024553759023547173,0.6863362789154053,0.7040555477142334,8.681632607476786e-06,0.6812768578529358,0.6146739721298218,-0.011919879354536533,0.6800816059112549,0.5619003772735596,-0.021684303879737854,0.680827260017395,0.5209559798240662,-0.025165753439068794,0.7210411429405212,0.7183234095573425,-6.264688272494823e-05,0.7227892279624939,0.6835296750068665,-0.027681885287165642,0.7198387980461121,0.7331045866012573,-0.03743986040353775,0.7195138335227966,0.7651458978652954,-0.03415629640221596,0.7483771443367004,0.7417153120040894,-0.0018236461328342557,0.7425947785377502,0.7120380401611328,-0.02465113066136837,0.7361966371536255,0.7516838908195496,-0.02665465511381626,0.7346248626708984,0.7783513069152832,-0.021933438256382942,FIST
0.733362078666687,0.8969091773033142,6.139443939900957e-07,0.6986434459686279,0.8473516702651978,-0.037533942610025406,0.6892902851104736,0.7755566239356995,-0.04533245041966438,0.7179682850837708,0.7126679420471191,-0.0491286963224411,0.7406423091888428,0.6621373891830444,-0.049800626933574677,0.654607892036438,0.7119170427322388,-0.008361754938960075,0.6317586302757263,0.6324067711830139,-0.017540423199534416,0.6200334429740906,0.5848594903945923,-0.023224657401442528,0.6100040674209595,0.5446385741233826,-0.025600837543606758,0.6914898753166199,0.706008791923523,0.0018970201490446925,0.6906826496124268,0.62000572681427,-0.009017743170261383,0.6926687955856323,0.5671757459640503,-0.017074933275580406,0.695605456829071,0.5264074206352234,-0.019103555008769035,0.724226713180542,0.7213478684425354,0.006058889906853437,0.7341954708099365,0.6867584586143494,-0.022488335147500038,0.7321522831916809,0.7381346225738525,-0.03301147371530533,0.7300317287445068,0.7704950571060181,-0.02907855436205864,0.7496284246444702,0.7432667016983032,0.007879269309341908,0.7537816762924194,0.7079119086265564,-0.01501594390720129,0.749774694442749,0.7465236186981201,-0.018212398514151573,0.7472006678581238,0.7738760709762573,-0.014024223200976849,FIST
0.7351961135864258,0.8953052163124084,6.268282390919921e-07,0.6989118456840515,0.8472632169723511,-0.03583332896232605,0.6857838034629822,0.7767377495765686,-0.04279715195298195,0.7158748507499695,0.71575528383255,-0.04648903012275696,0.7433369159698486,0.6702710390090942,-0.047546226531267166,0.6532493829727173,0.7123858332633972,-0.00603826018050313,0.6316450834274292,0.6330127716064453,-0.015319859609007835,0.6208248138427734,0.5840016603469849,-0.021452948451042175,0.6116917133331299,0.544066309928894,-0.02433707006275654,0.6898542046546936,0.7037672400474548,0.0033261142671108246,0.6901988983154297,0.6175742745399475,-0.0077635799534618855,0.6917262077331543,0.5645374655723572,-0.016489535570144653,0.694080650806427,0.5246378183364868,-0.0188792422413826,0.7227572798728943,0.7177665829658508,0.006656847894191742,0.7320124506950378,0.6859515309333801,-0.02160184644162655,0.7299110293388367,0.7355973124504089,-0.033482614904642105,0.7286356687545776,0.7686549425125122,-0.030605889856815338,0.748744010925293,0.7397109866142273,0.007750568445771933,0.7505888342857361,0.7119525671005249,-0.01595451310276985,0.7455084323883057,0.7505075931549072,-0.020842280238866806,0.7431262731552124,0.7778241634368896,-0.017750579863786697,FIST
0.7344900369644165,0.8944247364997864,6.082100298954174e-07,0.6973797678947449,0.8468259572982788,-0.031192675232887268,0.6852670311927795,0.773662805557251,-0.03682420775294304,0.7172951698303223,0.7122088670730591,-0.040172409266233444,0.7442536354064941,0.6681662201881409,-0.04124879464507103,0.6549327373504639,0.7135288715362549,-0.00467523792758584,0.6339197158813477,0.6322778463363647,-0.013428309001028538,0.6229897141456604,0.5839836597442627,-0.019052397459745407,0.6139764189720154,0.5441404581069946,-0.021642135456204414,0.6915847659111023,0.7056925296783447,0.00232509127818048,0.6927280426025391,0.618807315826416,-0.008345434442162514,0.6942954659461975,0.565609872341156,-0.016995497047901154,0.6973775029182434,0.5250623226165771,-0.01972949504852295,0.7246743440628052,0.719402551651001,0.004040447063744068,0.7338988780975342,0.6859601140022278,-0.02199486643075943,0.7306358218193054,0.7345131039619446,-0.032300934195518494,0.7290065288543701,0.7669790983200073,-0.029315084218978882,0.7507093548774719,0.7416123747825623,0.003734086873009801,0.7530961036682129,0.7110154032707214,-0.016822000965476036,0.7469686269760132,0.7488134503364563,-0.019451569765806198,0.7439418435096741,0.7762870788574219,-0.015505146235227585,FIST
0.7365641593933105,0.8937810659408569,6.342583560581261e-07,0.6987781524658203,0.8484464287757874,-0.03592333570122719,0.6845830082893372,0.7796619534492493,-0.04474341869354248,0.7145957350730896,0.7179344296455383,-0.05050479248166084,0.7415884733200073,0.6694294214248657,-0.05367535725235939,0.6551480293273926,0.7128061652183533,-0.009634802117943764,0.6338238716125488,0.6326926946640015,-0.019400645047426224,0.6229503750801086,0.5844973921775818,-0.02591765858232975,0.6143597364425659,0.544464647769928,-0.029389191418886185,0.691763699054718,0.7022795677185059,-0.0010905121453106403,0.6928320527076721,0.6164249181747437,-0.01242009550333023,0.694091260433197,0.5635019540786743,-0.021596550941467285,0.6970950365066528,0.5242320895195007,-0.02488766238093376,0.724843442440033,0.7151868343353271,0.0017050629248842597,0.7342777848243713,0.6810110211372375,-0.025887826457619667,0.7312769889831543,0.7304487228393555,-0.03744835406541824,0.730032205581665,0.7645807862281799,-0.035197339951992035,0.7515942454338074,0.7367006540298462,0.0021424400620162487,0.7550729513168335,0.7043387293815613,-0.02066357620060444,0.7494404315948486,0.7412194013595581,-0.025224190205335617,0.7466578483581543,0.7691596746444702,-0.022456828504800797,FIST
0.7364259958267212,0.8934979438781738,6.454092158492131e-07,0.6987884044647217,0.8483353853225708,-0.03709740936756134,0.6845840811729431,0.7799035906791687,-0.04525255039334297,0.714181661605835,0.7180657982826233,-0.04992645978927612,0.741118311882019,0.6686022877693176,-0.05194215103983879,0.6541109681129456,0.7120359539985657,-0.008186710998415947,0.6330963373184204,0.6320844888687134,-0.016457829624414444,0.6226959228515625,0.5838835835456848,-0.02190316654741764,0.6143651008605957,0.544228196144104,-0.024608571082353592,0.690111517906189,0.7016738653182983,0.0014736629091203213,0.6913633942604065,0.6152743101119995,-0.008282930590212345,0.6931339502334595,0.562847912311554,-0.01629258319735527,0.6962231993675232,0.524425208568573,-0.01870584487915039,0.7224932909011841,0.714809000492096,0.005019067786633968,0.732211172580719,0.6803091764450073,-0.022627001628279686,0.7301217913627625,0.730853796005249,-0.03500358387827873,0.7286893725395203,0.7645052075386047,-0.03302805870771408,0.7488040328025818,0.735673725605011,0.006243788171559572,0.7528901696205139,0.7008624076843262,-0.017587121576070786,0.7479419708251953,0.7383121848106384,-0.023287449032068253,0.7446081638336182,0.765954315662384,-0.021167168393731117,FIST
0.73630690574646,0.8915907740592957,6.585997311958636e-07,0.6982977390289307,0.845474898815155,-0.03650492802262306,0.6845505833625793,0.7777250409126282,-0.0444813147187233,0.7142807841300964,0.7183752059936523,-0.0490674190223217,0.7406989932060242,0.6714854836463928,-0.050924818962812424,0.6540418863296509,0.711947500705719,-0.007535487413406372,0.633124053478241,0.630683422088623,-0.015337081626057625,0.6226469278335571,0.5829353332519531,-0.02009221725165844,0.614017903804779,0.5436456799507141,-0.02197996713221073,0.6903772354125977,0.7023963332176208,0.00238920864649117,0.691365659236908,0.615206241607666,-0.007393172942101955,0.6930506825447083,0.5620706677436829,-0.015352066606283188,0.6959602236747742,0.5234888792037964,-0.017477715387940407,0.7230056524276733,0.7147201895713806,0.006312894634902477,0.7310675978660583,0.6808185577392578,-0.02069777064025402,0.7292353510856628,0.7299045324325562,-0.033164821565151215,0.7276260256767273,0.7629839777946472,-0.031001172959804535,0.7492684125900269,0.7330090999603271,0.007956460118293762,0.7524271011352539,0.6964874863624573,-0.014228570275008678,0.7478054165840149,0.7314239144325256,-0.019396286457777023,0.7448596358299255,0.7575001120567322,-0.01688641682267189,FIST
0.7361523509025574,0.8900299072265625,6.481980108219432e-07,0.6981359124183655,0.844097375869751,-0.03522147610783577,0.6844662427902222,0.7748655080795288,-0.04336332529783249,0.7151000499725342,0.7144767642021179,-0.04843682795763016,0.7418283224105835,0.6667599678039551,-0.05103800445795059,0.6546494364738464,0.7094707489013672,-0.00853975210338831,0.6336470246315002,0.6281658411026001,-0.017882561311125755,0.6231606602668762,0.5801151990890503,-0.023668810725212097,0.6145695447921753,0.5408285856246948,-0.026241343468427658,0.6908521056175232,0.7004746198654175,0.00012821709970012307,0.6928104758262634,0.6139119267463684,-0.010890177451074123,0.6945430636405945,0.5617052912712097,-0.019122986122965813,0.6972637176513672,0.5229002833366394,-0.02133604697883129,0.7234014272689819,0.7137288451194763,0.003012353088706732,0.7313976883888245,0.682167112827301,-0.024588964879512787,0.7290615439414978,0.7318047881126404,-0.03601686656475067,0.7277293801307678,0.7634851932525635,-0.03330902382731438,0.7491940259933472,0.7348582744598389,0.003693290986120701,0.7509952783584595,0.7040469646453857,-0.018694177269935608,0.744573175907135,0.7428718209266663,-0.022768659517169,0.7408124804496765,0.7698690295219421,-0.019526811316609383,FIST
0.7359530925750732,0.8906422853469849,6.207855562934128e-07,0.6993058323860168,0.8447801470756531,-0.03326520323753357,0.6862092018127441,0.7743615508079529,-0.04083329811692238,0.7166301012039185,0.7134666442871094,-0.04587556794285774,0.7437873482704163,0.6670606732368469,-0.04864349588751793,0.6567234992980957,0.7086919546127319,-0.008178102783858776,0.6355240345001221,0.6275215744972229,-0.017976175993680954,0.62491375207901,0.5797197222709656,-0.023945169523358345,0.6156506538391113,0.5396422147750854,-0.026866024360060692,0.6925966143608093,0.6996381878852844,-0.0010453038848936558,0.6949071884155273,0.6121300458908081,-0.01273235585540533,0.6970517039299011,0.5596268177032471,-0.021179785951972008,0.6993973255157471,0.51938396692276,-0.023723097518086433,0.7252291440963745,0.713737428188324,0.000598978134803474,0.7397751808166504,0.6807307600975037,-0.027137985453009605,0.7370203137397766,0.7300496101379395,-0.03762268275022507,0.7339246273040771,0.7613621950149536,-0.0345601923763752,0.7510215640068054,0.7367467880249023,9.554658026900142e-05,0.7571817636489868,0.7055546045303345,-0.022416941821575165,0.7515823245048523,0.7437196373939514,-0.025767996907234192,0.7470816969871521,0.7704622149467468,-0.02219047024846077,PEACE
0.7368444800376892,0.8885604739189148,6.51372829452157e-07,0.7000229954719543,0.8450884819030762,-0.03935960680246353,0.6866654753684998,0.7761796116828918,-0.047903042286634445,0.7176049947738647,0.7142919301986694,-0.052144743502140045,0.7447978854179382,0.6654695868492126,-0.05351295322179794,0.6560774445533752,0.7075667381286621,-0.011039906181395054,0.6354827880859375,0.6259221434593201,-0.019663946703076363,0.6259177327156067,0.5774176120758057,-0.024759911000728607,0.6178148984909058,0.5374541282653809,-0.026794007048010826,0.6925134062767029,0.6975090503692627,0.00012521818280220032,0.6940096020698547,0.6102523803710938,-0.009639796800911427,0.696962833404541,0.558040976524353,-0.01692550629377365,0.7003348469734192,0.5194013118743896,-0.01846427097916603,0.7246444821357727,0.7099864482879639,0.005020503420382738,0.7344778776168823,0.6787132024765015,-0.022532861679792404,0.7337157130241394,0.7280605435371399,-0.034684840589761734,0.7322194576263428,0.758789598941803,-0.03218964859843254,0.7504143714904785,0.7294164299964905,0.007420879323035479,0.7544928789138794,0.6950658559799194,-0.015141570009291172,0.7507067918777466,0.7308854460716248,-0.01995859667658806,0.7480549216270447,0.7562432289123535,-0.017160750925540924,PEACE
0.7367162704467773,0.8885660171508789,6.065875481908733e-07,0.6981043815612793,0.8444886803627014,-0.03153615444898605,0.6842299699783325,0.7739899754524231,-0.03893451392650604,0.7158098220825195,0.7123162150382996,-0.04445263743400574,0.7430530190467834,0.6660299301147461,-0.048045814037323,0.6576428413391113,0.7095460295677185,-0.007999084889888763,0.6360994577407837,0.6265045404434204,-0.018539009615778923,0.626002311706543,0.577484130859375,-0.02489805407822132,0.6177889108657837,0.5372564196586609,-0.0279119610786438,0.6942064762115479,0.6994556188583374,-0.0023824030067771673,0.6947730779647827,0.6111792325973511,-0.014994164928793907,0.69708251953125,0.5579124689102173,-0.02400529943406582,0.7007622122764587,0.5180611610412598,-0.026767881587147713,0.7271143794059753,0.7120350003242493,-0.002100984798744321,0.7332160472869873,0.6782394647598267,-0.03074510209262371,0.7322807908058167,0.7271392345428467,-0.04103183001279831,0.7330338954925537,0.7595647573471069,-0.03753933683037758,0.753675639629364,0.7331529259681702,-0.0038190765772014856,0.7538232803344727,0.6972935795783997,-0.026428600773215294,0.748631477355957,0.7346502542495728,-0.02892371080815792,0.7465483546257019,0.7629954218864441,-0.024621648713946342,PEACE
0.7359102964401245,0.8889825344085693,6.347918883875536e-07,0.6995043754577637,0.8430264592170715,-0.03281809389591217,0.6878525018692017,0.7709507942199707,-0.04024657979607582,0.7197426557540894,0.7089914083480835,-0.045314375311136246,0.7469777464866638,0.6632751226425171,-0.04825812205672264,0.6582897901535034,0.7078447341918945,-0.007073860615491867,0.6373175382614136,0.6251862645149231,-0.017026109620928764,0.6275978088378906,0.5761985778808594,-0.02325846254825592,0.6195122003555298,0.5358180999755859,-0.026138095185160637,0.6951332688331604,0.6995611786842346,-0.00032012566225603223,0.6967918276786804,0.6105501651763916,-0.011880772188305855,0.6995259523391724,0.5576798319816589,-0.0203132051974535,0.7032546997070312,0.5177252292633057,-0.022584637627005577,0.7285114526748657,0.7139677405357361,0.0010028502438217402,0.739971935749054,0.6782286167144775,-0.0267938245087862,0.7369157671928406,0.7288529276847839,-0.03645194321870804,0.7350844740867615,0.7619307637214661,-0.032561901956796646,0.754996657371521,0.7373278737068176,0.00023991524358280003,0.7588002681732178,0.704007625579834,-0.022104935720562935,0.7529566884040833,0.7448347210884094,-0.02403760701417923,0.7496348023414612,0.773797869682312,-0.019164755940437317,PEACE
0.7365291714668274,0.8858250975608826,6.212941912053793e-07,0.7001174092292786,0.8417229652404785,-0.03126867860555649,0.6860206723213196,0.7720903158187866,-0.0393550805747509,0.7177088260650635,0.7105028033256531,-0.04562755674123764,0.7454946637153625,0.6641230583190918,-0.04993041232228279,0.6579200625419617,0.7050320506095886,-0.006963837426155806,0.6381316184997559,0.624442458152771,-0.017889663577079773,0.6289178133010864,0.5764302611351013,-0.024561893194913864,0.6209613680839539,0.536720871925354,-0.027772076427936554,0.6940782070159912,0.6965623497962952,-0.001451146905310452,0.6966794729232788,0.6090154051780701,-0.014846005477011204,0.6997115612030029,0.557296633720398,-0.024050692096352577,0.703355073928833,0.5175660252571106,-0.026592561975121498,0.7269162535667419,0.7106066346168518,-0.0011596011463552713,0.7369257807731628,0.679155707359314,-0.030258042737841606,0.7339097857475281,0.729517936706543,-0.03951924294233322,0.7322964668273926,0.7606230974197388,-0.035163260996341705,0.7535845637321472,0.7337514162063599,-0.002784978598356247,0.756944477558136,0.7047551870346069,-0.02560301683843136,0.7509734034538269,0.7450684905052185,-0.02723759412765503,0.7478587627410889,0.7717551589012146,-0.022044697776436806,PEACE
0.7371670007705688,0.8883838653564453,6.382532546922448e-07,0.6998414397239685,0.8439399003982544,-0.031949661672115326,0.686439573764801,0.7744868397712708,-0.04092835262417793,0.7182340621948242,0.7127607464790344,-0.04796058312058449,0.7460989952087402,0.665238618850708,-0.05289734899997711,0.6586332321166992,0.7074531316757202,-0.009631086140871048,0.6388386487960815,0.6237823963165283,-0.02180890552699566,0.6293032169342041,0.574925422668457,-0.029093636199831963,0.6217580437660217,0.5347340106964111,-0.032810624688863754,0.6954778432846069,0.6981903910636902,-0.0046394383534789085,0.6979806423187256,0.6095403432846069,-0.019225357100367546,0.7002979516983032,0.5571413040161133,-0.02915719524025917,0.7041705250740051,0.5168044567108154,-0.03243337944149971,0.7291012406349182,0.7126877903938293,-0.004763402044773102,0.7419640421867371,0.6798630356788635,-0.03385081887245178,0.7372636198997498,0.7297961115837097,-0.0424204021692276,0.7343321442604065,0.7606648206710815,-0.03801681473851204,0.7554859519004822,0.737091600894928,-0.007040684577077627,0.7606791257858276,0.7078908681869507,-0.030324144288897514,0.7548170685768127,0.746596097946167,-0.03181883320212364,0.7511916756629944,0.7720567584037781,-0.026634080335497856,PEACE
0.7383942008018494,0.8879033327102661,6.34219588846463e-07,0.7013472318649292,0.8419378995895386,-0.03263291344046593,0.6875206232070923,0.7726112008094788,-0.04147912934422493,0.7190871834754944,0.7110150456428528,-0.04816250130534172,0.7468482255935669,0.6641092300415039,-0.052854470908641815,0.6593188643455505,0.707377552986145,-0.00970833096653223,0.6396163105964661,0.6257674098014832,-0.021421771496534348,0.6302303075790405,0.5772100687026978,-0.028796730563044548,0.6220853328704834,0.5368325710296631,-0.03242993727326393,0.6957674622535706,0.6991804838180542,-0.003174480050802231,0.6979830265045166,0.6106081604957581,-0.017061686143279076,0.7013886570930481,0.5588319301605225,-0.02694917470216751,0.7053001523017883,0.5196916460990906,-0.03000611811876297,0.7286763787269592,0.7132195830345154,-0.0017836291808634996,0.7379756569862366,0.6819825768470764,-0.03063042461872101,0.7352570295333862,0.7302417159080505,-0.041043806821107864,0.7341636419296265,0.7619803547859192,-0.03741489350795746,0.7547961473464966,0.7359212636947632,-0.0023884482216089964,0.7578170299530029,0.7043222188949585,-0.02439199574291706,0.7514629364013672,0.740391194820404,-0.02680489793419838,0.748030960559845,0.766303539276123,-0.022264976054430008,PEACE
0.7404590249061584,0.8890891075134277,6.409929369510792e-07,0.703005313873291,0.8439849615097046,-0.034745052456855774,0.6896301507949829,0.7756866812705994,-0.0439143031835556,0.7214108109474182,0.7144932150840759,-0.05033374950289726,0.7488797307014465,0.6667494177818298,-0.0543939471244812,0.6603718996047974,0.7094833254814148,-0.01042386144399643,0.6415399312973022,0.6267885565757751,-0.02278481423854828,0.6324010491371155,0.5781906843185425,-0.030538270249962807,0.6247237920761108,0.5371068716049194,-0.03453856334090233,0.6966640949249268,0.6995651721954346,-0.0031872696708887815,0.7002516388893127,0.6123900413513184,-0.017918260768055916,0.7037874460220337,0.5605764985084534,-0.027751900255680084,0.7079712152481079,0.5201038122177124,-0.030845118686556816,0.729633092880249,0.7124859094619751,-0.0015263347886502743,0.745292067527771,0.6808525919914246,-0.03112633340060711,0.7407376766204834,0.7314692139625549,-0.04097651317715645,0.7364793419837952,0.762711226940155,-0.03716355562210083,0.7560510039329529,0.7347097992897034,-0.002231898019090295,0.7642045021057129,0.7059653401374817,-0.025641189888119698,0.757918655872345,0.7449925541877747,-0.02852378413081169,0.7528147101402283,0.7709748148918152,-0.024324340745806694,PEACE
0.7404590845108032,0.8886680603027344,6.475012810369662e-07,0.7036594152450562,0.8441370725631714,-0.0324929803609848,0.6888532042503357,0.7765724658966064,-0.041605859994888306,0.7187398076057434,0.7155097723007202,-0.048680346459150314,0.7465814352035522,0.66886967420578,-0.053681787103414536,0.6601383090019226,0.7094672322273254,-0.009640365839004517,0.6410142183303833,0.6266797184944153,-0.021059878170490265,0.6320083141326904,0.577857255935669,-0.027766767889261246,0.6243951320648193,0.5379165410995483,-0.03094032220542431,0.696008026599884,0.6996938586235046,-0.0033397451043128967,0.6990224123001099,0.6116699576377869,-0.017295410856604576,0.7027179598808289,0.5598257780075073,-0.026121947914361954,0.7067046165466309,0.5205025672912598,-0.028240187093615532,0.7289002537727356,0.7128695845603943,-0.002240302274003625,0.736261248588562,0.6811295747756958,-0.031256966292858124,0.7333865761756897,0.7329753041267395,-0.04028097167611122,0.731988787651062,0.7659582495689392,-0.03558988869190216,0.7555084824562073,0.7344968914985657,-0.0031838787253946066,0.7570388317108154,0.7021653652191162,-0.026169374585151672,0.7496565580368042,0.7388927936553955,-0.028473880141973495,0.7450711131095886,0.763841986656189,-0.023652229458093643,PEACE
0.7414010763168335,0.888546884059906,6.385527058228035e-07,0.7045868039131165,0.8459862470626831,-0.03342363238334656,0.6906687021255493,0.7770729064941406,-0.042648036032915115,0.7203755974769592,0.715811014175415,-0.049436405301094055,0.7471439242362976,0.6686887741088867,-0.05404781177639961,0.6617173552513123,0.7091878652572632,-0.010776163078844547,0.6419812440872192,0.6256003975868225,-0.0221222136169672,0.6326808333396912,0.576831579208374,-0.028792908415198326,0.6246975660324097,0.5366578102111816,-0.031994517892599106,0.6975609660148621,0.70013827085495,-0.004351331852376461,0.7010576128959656,0.6109780073165894,-0.01786971092224121,0.7048619389533997,0.5591846108436584,-0.026836561039090157,0.7087982892990112,0.5196034908294678,-0.029391365125775337,0.730217456817627,0.7134636044502258,-0.0031665374990552664,0.7422495484352112,0.6799847483634949,-0.03177396208047867,0.738231897354126,0.7294718027114868,-0.04138531535863876,0.7346649765968323,0.7599761486053467,-0.037649959325790405,0.756414532661438,0.7360912561416626,-0.004088905639946461,0.7600446343421936,0.7041009068489075,-0.026402216404676437,0.7537427544593811,0.7430545091629028,-0.028308933600783348,0.7494674324989319,0.7694302201271057,-0.023632077500224113,PEACE
0.7389543056488037,0.8885332345962524,6.265406113925565e-07,0.7009593844413757,0.843066394329071,-0.02899409458041191,0.6881276369094849,0.7729719281196594,-0.037479035556316376,0.7209514379501343,0.7113252282142639,-0.04467855393886566,0.7494528293609619,0.6657167673110962,-0.05032321438193321,0.6612975001335144,0.7085612416267395,-0.008359512314200401,0.6418060064315796,0.625086784362793,-0.020263686776161194,0.6328635811805725,0.5759656429290771,-0.027815092355012894,0.6248108744621277,0.5360465049743652,-0.03171227499842644,0.6972787380218506,0.700139045715332,-0.004300018306821585,0.6998803019523621,0.6102944612503052,-0.017501816153526306,0.7032678127288818,0.5582917928695679,-0.0263519287109375,0.7068243622779846,0.5200971364974976,-0.028986502438783646,0.7301933765411377,0.7149539589881897,-0.00506852101534605,0.7365526556968689,0.6832271218299866,-0.03228934109210968,0.7331250309944153,0.7304074168205261,-0.04100249335169792,0.7319498658180237,0.7614794969558716,-0.03707155957818031,0.7565999031066895,0.7395296692848206,-0.007723627146333456,0.7564882636070251,0.7099915146827698,-0.029114853590726852,0.7490244507789612,0.7471904158592224,-0.030420692637562752,0.7452951669692993,0.7736610174179077,-0.02545928955078125,PEACE
0.7390061616897583,0.8856462836265564,6.314594998002576e-07,0.7035659551620483,0.8440514802932739,-0.03340679779648781,0.6905242204666138,0.7786757349967957,-0.04376097396016121,0.7197040915489197,0.7172485589981079,-0.05164406821131706,0.746196448802948,0.6692079305648804,-0.05730452388525009,0.6609765291213989,0.7074020504951477,-0.01302864495664835,0.6417182683944702,0.624030351638794,-0.02526926063001156,0.6326842904090881,0.575080394744873,-0.03231373429298401,0.6246365308761597,0.53508061170578,-0.03560539335012436,0.697402834892273,0.697040855884552,-0.006529493723064661,0.700793445110321,0.6087533235549927,-0.020450890064239502,0.7039744853973389,0.5573623180389404,-0.029400017112493515,0.7065802812576294,0.5195633769035339,-0.03188634663820267,0.7300975918769836,0.7101578116416931,-0.005061897914856672,0.7406174540519714,0.6814831495285034,-0.03321337699890137,0.7376352548599243,0.7278451919555664,-0.04262218996882439,0.7356415390968323,0.7579411864280701,-0.03886230289936066,0.7558037638664246,0.7332645654678345,-0.005751666147261858,0.7604703307151794,0.7057536840438843,-0.02762969397008419,0.7551312446594238,0.7421514391899109,-0.029744647443294525,0.7520301342010498,0.7677112221717834,-0.0251544751226902,PEACE
0.7382112145423889,0.8846727609634399,6.307713533715287e-07,0.7018839716911316,0.841249942779541,-0.03240993246436119,0.6898157000541687,0.7731144428253174,-0.04101592302322388,0.7208828330039978,0.7123897671699524,-0.047493547201156616,0.7468591332435608,0.6646749973297119,-0.05195094645023346,0.661298930644989,0.70540452003479,-0.008552292361855507,0.641623854637146,0.6242697834968567,-0.018915770575404167,0.6324667930603027,0.576241135597229,-0.0250078197568655,0.6250124573707581,0.5364729166030884,-0.027814188972115517,0.6970165371894836,0.6966201663017273,-0.0023771680425852537,0.6988723278045654,0.6091732978820801,-0.015258846804499626,0.7021138072013855,0.5567799806594849,-0.024453120306134224,0.7062268257141113,0.5182927846908569,-0.027141239494085312,0.7293302416801453,0.7102295756340027,-0.0014123102882876992,0.739362359046936,0.6797149181365967,-0.030154695734381676,0.7379457354545593,0.7282689809799194,-0.04032745584845543,0.7368718385696411,0.7588737607002258,-0.03678514063358307,0.7556642889976501,0.7317013740539551,-0.002421783283352852,0.7602912783622742,0.7003504037857056,-0.025148337706923485,0.7559967637062073,0.7399284243583679,-0.02751157246530056,0.7531830072402954,0.7667300701141357,-0.0230376198887825,PEACE
0.7384423017501831,0.8867754936218262,6.380279273798806e-07,0.7019380927085876,0.8457924723625183,-0.03307568281888962,0.6884307265281677,0.7775555849075317,-0.04313510283827782,0.717911958694458,0.7155091762542725,-0.05106372758746147,0.7441216707229614,0.667119562625885,-0.057027075439691544,0.6601973176002502,0.7074048519134521,-0.01158653013408184,0.6401754021644592,0.6259366273880005,-0.024542056024074554,0.6309816837310791,0.576877772808075,-0.03228191286325455,0.6233240365982056,0.5368985533714294,-0.03611527755856514,0.695758044719696,0.6977978944778442,-0.005962923634797335,0.6977378129959106,0.6090409159660339,-0.02119843102991581,0.7013834714889526,0.5576298236846924,-0.03076121397316456,0.705401599407196,0.5183029770851135,-0.03340393304824829,0.7280979752540588,0.7112734317779541,-0.005477970466017723,0.7370736002922058,0.6774885058403015,-0.03565835952758789,0.7330389022827148,0.7285842895507812,-0.044233012944459915,0.7302150726318359,0.7608405351638794,-0.039351366460323334,0.7540953159332275,0.7341777086257935,-0.007040906231850386,0.7548338174819946,0.70253986120224,-0.030851032584905624,0.7478139996528625,0.7419585585594177,-0.03218580782413483,0.7435777187347412,0.7689066529273987,-0.026579957455396652,PEACE
0.7379857301712036,0.8884771466255188,6.26941812242876e-07,0.700108528137207,0.8424776792526245,-0.03105209209024906,0.6876684427261353,0.7711545825004578,-0.03760608658194542,0.7203409075737,0.7103033065795898,-0.0420866459608078,0.7482258677482605,0.6662477254867554,-0.0445265993475914,0.6593828201293945,0.7073948979377747,-0.00627549085766077,0.640064001083374,0.6247732639312744,-0.01579480618238449,0.6310663223266602,0.5764907002449036,-0.02150385081768036,0.6231463551521301,0.5361554026603699,-0.024099117144942284,0.6955405473709106,0.6991791129112244,-0.00034540003980509937,0.6985692381858826,0.6112233400344849,-0.01193329319357872,0.7022677659988403,0.5581486225128174,-0.01998564787209034,0.7066335678100586,0.5180500745773315,-0.02189193293452263,0.728507399559021,0.7129030823707581,0.00026121639530174434,0.7391390204429626,0.6823370456695557,-0.027202554047107697,0.7363971471786499,0.731583833694458,-0.03682957962155342,0.734531581401825,0.7625946402549744,-0.03296520933508873,0.7549142241477966,0.7346391677856445,-0.0011440134840086102,0.7592520713806152,0.7034309506416321,-0.023198990151286125,0.7537866830825806,0.7429952621459961,-0.0253433994948864,0.7506515383720398,0.770357072353363,-0.020740587264299393,PEACE
0.7376536726951599,0.8888578414916992,6.372351322170289e-07,0.7006726264953613,0.8453477025032043,-0.03080417960882187,0.6873006820678711,0.7749364972114563,-0.03939342126250267,0.7177795767784119,0.7129667401313782,-0.0463002510368824,0.745244562625885,0.6667213439941406,-0.05125097185373306,0.6593776345252991,0.7075713276863098,-0.008795595727860928,0.6392970681190491,0.625004768371582,-0.02023432031273842,0.6301524043083191,0.5764265656471252,-0.026923084631562233,0.6221699714660645,0.5365917682647705,-0.030024806037545204,0.6953909397125244,0.6986744403839111,-0.003815415780991316,0.6975008249282837,0.6087437868118286,-0.017508476972579956,0.7009445428848267,0.5561690926551819,-0.026505785062909126,0.7051836848258972,0.5167887806892395,-0.028855083510279655,0.728185772895813,0.7123675346374512,-0.003840436227619648,0.736091673374176,0.6802529692649841,-0.03242947533726692,0.7334181070327759,0.7298550605773926,-0.04122911021113396,0.7325182557106018,0.761664092540741,-0.0366179458796978,0.7545722723007202,0.7345492243766785,-0.005790407303720713,0.7556869983673096,0.7021973133087158,-0.027665231376886368,0.7499520778656006,0.7411550879478455,-0.028619935736060143,0.7476063966751099,0.7684815526008606,-0.023049548268318176,PEACE
0.7375765442848206,0.8877773284912109,6.383938284670876e-07,0.7017112970352173,0.8436470627784729,-0.033799536526203156,0.6884737014770508,0.7743815183639526,-0.04193248599767685,0.7189522981643677,0.7115753889083862,-0.047465816140174866,0.7463385462760925,0.6640370488166809,-0.05085714906454086,0.6595105528831482,0.7072108387947083,-0.008409464731812477,0.6396390199661255,0.6251394748687744,-0.018758349120616913,0.630544126033783,0.5762282013893127,-0.02515808306634426,0.62298983335495,0.5356517434120178,-0.028261840343475342,0.6957803964614868,0.6982190608978271,-0.001151316799223423,0.6981955766677856,0.6094617247581482,-0.013970905914902687,0.7011932730674744,0.556350827217102,-0.023478180170059204,0.7050859332084656,0.516435444355011,-0.02641920931637287,0.7284787893295288,0.7123731374740601,0.0007291988003998995,0.738774299621582,0.681208610534668,-0.02840147167444229,0.7359355688095093,0.7308460474014282,-0.03939152881503105,0.7348232865333557,0.7629785537719727,-0.036198195070028305,0.7545204162597656,0.7353657484054565,0.0005624257028102875,0.7569686770439148,0.7071415185928345,-0.02310279756784439,0.7518328428268433,0.7474483847618103,-0.026414738968014717,0.7496583461761475,0.775337278842926,-0.022398779168725014,PEACE
0.7374579310417175,0.886404812335968,6.318720124909305e-07,0.6994038224220276,0.8416526317596436,-0.030752191320061684,0.6857081055641174,0.7728021144866943,-0.039736513048410416,0.7171981334686279,0.7113313674926758,-0.047091174870729446,0.7455294132232666,0.6657240986824036,-0.052486296743154526,0.658659040927887,0.7067180871963501,-0.008587856777012348,0.6387599110603333,0.6238790154457092,-0.020131915807724,0.6298185586929321,0.5750928521156311,-0.027131637558341026,0.6224291324615479,0.534857988357544,-0.03049694374203682,0.6954048275947571,0.6973208785057068,-0.0037394119426608086,0.6976115703582764,0.6085317730903625,-0.017327217385172844,0.7009599208831787,0.55685955286026,-0.02650054357945919,0.7050607204437256,0.5175232291221619,-0.02909029833972454,0.7289733290672302,0.7104427218437195,-0.003907801583409309,0.7371942400932312,0.6786453723907471,-0.032275330275297165,0.7342702746391296,0.7273209095001221,-0.04121936857700348,0.7330754399299622,0.7584393620491028,-0.0369015596807003,0.7563565969467163,0.732629120349884,-0.006030873395502567,0.7592310309410095,0.6999431848526001,-0.02738979645073414,0.7536460161209106,0.7378151416778564,-0.02816770412027836,0.7510173320770264,0.7644962668418884,-0.02265278249979019,PEACE
0.7362789511680603,0.8864979147911072,6.247087185329292e-07,0.6992670893669128,0.8411233425140381,-0.0325247123837471,0.6862726807594299,0.7710296511650085,-0.039660386741161346,0.7188025712966919,0.7089199423789978,-0.04431361332535744,0.7467211484909058,0.6623112559318542,-0.046900391578674316,0.6586728692054749,0.7050134539604187,-0.006713703274726868,0.6383061408996582,0.6240573525428772,-0.01589564047753811,0.6294490694999695,0.5757005214691162,-0.02178143709897995,0.6219683289527893,0.5360527634620667,-0.024579886347055435,0.6945515275001526,0.6965664625167847,0.0004994093906134367,0.6962096095085144,0.6082900762557983,-0.010292774997651577,0.6998893022537231,0.556368350982666,-0.01849530078470707,0.7045360207557678,0.5180079936981201,-0.02071627974510193,0.7266920208930969,0.7106156945228577,0.0022614402696490288,0.735192596912384,0.6803622245788574,-0.02474125288426876,0.7331339120864868,0.7283080220222473,-0.03543325513601303,0.7321097254753113,0.7580437064170837,-0.0324566476047039,0.7527188062667847,0.7327751517295837,0.0020265495404601097,0.7558450698852539,0.7000830173492432,-0.019907912239432335,0.7502847909927368,0.7383250594139099,-0.023032307624816895,0.7469939589500427,0.7649289965629578,-0.019249722361564636,PEACE
0.736495852470398,0.8861771821975708,6.147591875560465e-07,0.6992357969284058,0.841372013092041,-0.031058454886078835,0.6858591437339783,0.7711537480354309,-0.03820209950208664,0.717914879322052,0.7106941342353821,-0.0434257946908474,0.7464220523834229,0.6672102212905884,-0.04664572700858116,0.6582775115966797,0.7074521780014038,-0.007749889511615038,0.6390754580497742,0.6248208284378052,-0.018747692927718163,0.6302928924560547,0.5762560367584229,-0.02533838525414467,0.623114287853241,0.5358608961105347,-0.028547313064336777,0.6946256756782532,0.6973015666007996,-0.002082144608721137,0.6961838603019714,0.6092996001243591,-0.015160597860813141,0.6997596621513367,0.5565043091773987,-0.02411484532058239,0.7043218016624451,0.516167402267456,-0.026690077036619186,0.727720320224762,0.7101244330406189,-0.0016500767087563872,0.7365835309028625,0.6788620948791504,-0.030108416453003883,0.7346702218055725,0.728248119354248,-0.03984625265002251,0.7338833808898926,0.7603254318237305,-0.03595900163054466,0.754409909248352,0.731554388999939,-0.00323411263525486,0.7579436302185059,0.6996052265167236,-0.02630680613219738,0.7525195479393005,0.7369216680526733,-0.029147591441869736,0.7495404481887817,0.7638262510299683,-0.024909131228923798,PEACE
0.7366722822189331,0.8854044675827026,6.22640754954773e-07,0.6989920735359192,0.8418653011322021,-0.032819606363773346,0.6856276392936707,0.7728087902069092,-0.04063921794295311,0.7178505063056946,0.7125254273414612,-0.046057913452386856,0.7457208633422852,0.667298436164856,-0.0494094081223011,0.6585715413093567,0.705647349357605,-0.008888418786227703,0.6387994289398193,0.6248494386672974,-0.019115066155791283,0.6299429535865784,0.5767378211021423,-0.02517450973391533,0.6227023601531982,0.5370612144470215,-0.028077449649572372,0.6944332718849182,0.6961897015571594,-0.00219402345828712,0.6958211064338684,0.6087916493415833,-0.014399729669094086,0.6994056105613708,0.5566428303718567,-0.022589514032006264,0.7041539549827576,0.5174751281738281,-0.024578798562288284,0.7269985675811768,0.7098262310028076,-0.00093107670545578,0.7347134947776794,0.6787726283073425,-0.029240621253848076,0.7323406934738159,0.7293605208396912,-0.03921019658446312,0.7309489846229553,0.7610304355621338,-0.03541302680969238,0.7536831498146057,0.7313743829727173,-0.0017247393261641264,0.7561339735984802,0.6981523633003235,-0.02520105242729187,0.7494516968727112,0.7356129884719849,-0.028541140258312225,0.7450477480888367,0.7617994546890259,-0.024601204320788383,PEACE
0.7367246747016907,0.8844860792160034,6.429043537536927e-07,0.6986925005912781,0.8414225578308105,-0.03268979489803314,0.6845677495002747,0.7747113108634949,-0.04242131859064102,0.7152611613273621,0.7143240571022034,-0.050053346902132034,0.7423688769340515,0.6664944887161255,-0.055491335690021515,0.658296525478363,0.7077360153198242,-0.010800031013786793,0.6390465497970581,0.6251236796379089,-0.02332852967083454,0.6298977136611938,0.5764957070350647,-0.03090420737862587,0.6225764751434326,0.5361132025718689,-0.03474162518978119,0.6946695446968079,0.69815993309021,-0.00496860733255744,0.6973326206207275,0.6101996898651123,-0.020089367404580116,0.7003636360168457,0.5577869415283203,-0.03024427965283394,0.7043867111206055,0.517031192779541,-0.033671993762254715,0.7274957895278931,0.7113981246948242,-0.004286748822778463,0.7360542416572571,0.6804465055465698,-0.033607181161642075,0.7318832874298096,0.7302482724189758,-0.042892325669527054,0.729867160320282,0.7618599534034729,-0.03885003179311752,0.7541652917861938,0.7329131364822388,-0.005780742969363928,0.7575424909591675,0.7025750279426575,-0.028611501678824425,0.7507743239402771,0.7393251061439514,-0.030859582126140594,0.7466552257537842,0.7645850777626038,-0.026337791234254837,PEACE
0.7371929883956909,0.885448157787323,6.423917398024059e-07,0.7008035182952881,0.8425071835517883,-0.032352421432733536,0.6870138645172119,0.7746111750602722,-0.041751567274332047,0.7187354564666748,0.7141385674476624,-0.049341265112161636,0.7463309168815613,0.6679681539535522,-0.055108774453401566,0.6596569418907166,0.7071242928504944,-0.009709760546684265,0.6404992341995239,0.6245124936103821,-0.021997468546032906,0.6315805912017822,0.5753947496414185,-0.029805893078446388,0.6242002248764038,0.5350414514541626,-0.03395149111747742,0.6950222849845886,0.6985021829605103,-0.004543730989098549,0.6962873935699463,0.6108773946762085,-0.019404519349336624,0.700269341468811,0.5575830936431885,-0.02974984608590603,0.7052937150001526,0.5163639783859253,-0.03330162167549133,0.7277666926383972,0.7123710513114929,-0.004548737313598394,0.7403979301452637,0.6775732636451721,-0.03459172323346138,0.7377439141273499,0.7284735441207886,-0.04382114112377167,0.7358425259590149,0.7627707719802856,-0.03948093578219414,0.7540251016616821,0.7355825901031494,-0.006622286047786474,0.7565615773200989,0.703090488910675,-0.03075955994427204,0.7511213421821594,0.7429542541503906,-0.03246384486556053,0.7483214139938354,0.7720302939414978,-0.027171090245246887,PEACE
0.7367233037948608,0.8859549164772034,6.444058158194821e-07,0.6996952891349792,0.8405998349189758,-0.03310788795351982,0.6866145133972168,0.7719361782073975,-0.04051144793629646,0.7185126543045044,0.7105669379234314,-0.045433200895786285,0.7465508580207825,0.6641563773155212,-0.04831255227327347,0.6582018733024597,0.7043595910072327,-0.005566269624978304,0.6393685936927795,0.6225326061248779,-0.014784769155085087,0.6309482455253601,0.5740602016448975,-0.02107531577348709,0.6239042282104492,0.5343724489212036,-0.024244016036391258,0.6941726803779602,0.6962165832519531,0.001598500064574182,0.6954308748245239,0.6086114645004272,-0.009189576841890812,0.6991962194442749,0.5565710663795471,-0.017847513779997826,0.7040960192680359,0.5171945691108704,-0.020497813820838928,0.7268592119216919,0.7109448313713074,0.0031436015851795673,0.7361357808113098,0.6799681186676025,-0.023975694552063942,0.7330009937286377,0.7291538715362549,-0.034775491803884506,0.7309017777442932,0.7593911290168762,-0.03198947012424469,0.753115177154541,0.7340556383132935,0.0026123381685465574,0.7553904056549072,0.7027803659439087,-0.01951339840888977,0.7483382225036621,0.7422014474868774,-0.022530442103743553,0.7436834573745728,0.7688089609146118,-0.018710311502218246,PEACE
0.7358807921409607,0.8878422975540161,6.426615186683193e-07,0.6994538307189941,0.8442355394363403,-0.03278253972530365,0.6870793700218201,0.774153470993042,-0.042429883033037186,0.719234824180603,0.7125776410102844,-0.04983107000589371,0.7470614314079285,0.6647658944129944,-0.05540802702307701,0.658665120601654,0.7047617435455322,-0.011351408436894417,0.641197681427002,0.6229872703552246,-0.023827552795410156,0.6326304078102112,0.5745575428009033,-0.031421490013599396,0.6255754232406616,0.5344759225845337,-0.03542265668511391,0.6947993636131287,0.6980924010276794,-0.005926447920501232,0.6981859803199768,0.6100114583969116,-0.02052709460258484,0.7027385234832764,0.5583456754684448,-0.030038174241781235,0.7081140875816345,0.5176582932472229,-0.032995663583278656,0.7280696630477905,0.7146104574203491,-0.00559154013171792,0.7403688430786133,0.6849194169044495,-0.03469940274953842,0.7350485920906067,0.7352570295333862,-0.04317731782793999,0.7312626242637634,0.7643445730209351,-0.03881589695811272,0.75367271900177,0.7408441305160522,-0.007377145811915398,0.756275475025177,0.7133308053016663,-0.03052980825304985,0.7490949630737305,0.7531499266624451,-0.03177948668599129,0.7448216676712036,0.7770088315010071,-0.026571715250611305,PEACE
0.7373102307319641,0.8863533735275269,6.506103318315581e-07,0.7012560963630676,0.841808021068573,-0.03549430891871452,0.6887876391410828,0.7734479308128357,-0.04426039755344391,0.7197890281677246,0.7132698893547058,-0.049994394183158875,0.7468907833099365,0.6671878695487976,-0.053419943898916245,0.659815788269043,0.7052479982376099,-0.009959399700164795,0.6418591141700745,0.622524619102478,-0.019582390785217285,0.633419394493103,0.5743513703346252,-0.02545951120555401,0.6262397766113281,0.5341840386390686,-0.028095507994294167,0.6962739825248718,0.6970234513282776,-0.0016240886179730296,0.7003907561302185,0.609485924243927,-0.013121003285050392,0.7051753401756287,0.556767463684082,-0.021643830463290215,0.7102202773094177,0.5176480412483215,-0.02403324283659458,0.7285647392272949,0.7108744382858276,0.0011211333330720663,0.7391805052757263,0.6795562505722046,-0.02695605903863907,0.737061083316803,0.7284098863601685,-0.03805271536111832,0.7356069684028625,0.7603061199188232,-0.035063374787569046,0.7540425658226013,0.7325066924095154,0.0016560968942940235,0.7589696049690247,0.69974684715271,-0.02058584801852703,0.7544405460357666,0.7382746338844299,-0.023573527112603188,0.752130389213562,0.766387403011322,-0.019572321325540543,PEACE
0.7370486855506897,0.8845351934432983,6.338907496683532e-07,0.7004139423370361,0.8423682451248169,-0.03263606131076813,0.6868358850479126,0.7736970782279968,-0.04213949665427208,0.7174356579780579,0.712580144405365,-0.04966559633612633,0.7446168065071106,0.6661604046821594,-0.05517454817891121,0.6601797342300415,0.7054590582847595,-0.010787846520543098,0.642009973526001,0.6225394010543823,-0.022323546931147575,0.6332997679710388,0.5741779208183289,-0.02927469275891781,0.6260166764259338,0.5340958833694458,-0.032871946692466736,0.6955956220626831,0.6962623000144958,-0.004887359216809273,0.6990913152694702,0.608367383480072,-0.01895829476416111,0.7047438621520996,0.5568591356277466,-0.028344467282295227,0.7108588814735413,0.5178478956222534,-0.031341198831796646,0.7276440262794495,0.7093687653541565,-0.004091015551239252,0.7377570271492004,0.6738994121551514,-0.03300262242555618,0.7342343926429749,0.7239797115325928,-0.042352113872766495,0.7320849299430847,0.7580711841583252,-0.03840760141611099,0.7538164854049683,0.7306540012359619,-0.005392424296587706,0.7572726011276245,0.6944335699081421,-0.02811603434383869,0.7510057091712952,0.7301499247550964,-0.030341781675815582,0.747192919254303,0.7570371031761169,-0.025835325941443443,PEACE
0.7365126609802246,0.8877572417259216,6.386338213815179e-07,0.7007861137390137,0.8434239625930786,-0.030936140567064285,0.6886345148086548,0.7736159563064575,-0.040207911282777786,0.7192055583000183,0.7130961418151855,-0.047917481511831284,0.745273232460022,0.6647173762321472,-0.053852763026952744,0.6598749160766602,0.7049999237060547,-0.009043040685355663,0.6419346928596497,0.6230846047401428,-0.0218589436262846,0.6334233283996582,0.5746573209762573,-0.029972843825817108,0.6268962025642395,0.534403920173645,-0.03440169245004654,0.6959396004676819,0.6981537938117981,-0.004876952618360519,0.6995164155960083,0.6108430624008179,-0.020334064960479736,0.7048085331916809,0.5591187477111816,-0.03129677101969719,0.7112635970115662,0.5182368159294128,-0.0354560911655426,0.7288973331451416,0.7144028544425964,-0.005647531244903803,0.7394499778747559,0.6822044849395752,-0.03499458730220795,0.7330557107925415,0.7314204573631287,-0.044255226850509644,0.72902911901474,0.7613032460212708,-0.0407295860350132,0.7547692060470581,0.740203857421875,-0.008396463468670845,0.7557991743087769,0.7126595973968506,-0.031486883759498596,0.747366726398468,0.7511811256408691,-0.033162184059619904,0.7424218654632568,0.7753946185112,-0.02844497747719288,PEACE
0.7354838848114014,0.88697350025177,6.123410685177078e-07,0.6997146010398865,0.8440820574760437,-0.03071475960314274,0.6866438984870911,0.7752904295921326,-0.03997012600302696,0.7186092138290405,0.7145912051200867,-0.04777321591973305,0.7460283041000366,0.6684069037437439,-0.053847089409828186,0.6612453460693359,0.7046289443969727,-0.009835386648774147,0.6431625485420227,0.6230361461639404,-0.022160561755299568,0.6343433260917664,0.5749874114990234,-0.029372747987508774,0.6272581219673157,0.5347225666046143,-0.03309537470340729,0.6959752440452576,0.697182297706604,-0.00570348184555769,0.7000707387924194,0.6112633347511292,-0.02137720212340355,0.7054999470710754,0.5592895746231079,-0.031251050531864166,0.7120924592018127,0.5189242362976074,-0.03417256101965904,0.7280855178833008,0.7120518684387207,-0.00644950196146965,0.7418144941329956,0.6801389455795288,-0.03680601343512535,0.7382189035415649,0.7324970960617065,-0.044904615730047226,0.7362205386161804,0.7654377222061157,-0.03976360708475113,0.7542060613632202,0.736717164516449,-0.009173482656478882,0.7583961486816406,0.7063151001930237,-0.03308514505624771,0.752578854560852,0.7476748824119568,-0.03400068357586861,0.749648928642273,0.775691032409668,-0.02818930707871914,PEACE
0.7372531294822693,0.8895797729492188,6.503502731902699e-07,0.6994287967681885,0.8429878950119019,-0.035192206501960754,0.6869957447052002,0.7718996405601501,-0.04232574999332428,0.7196029424667358,0.7105562090873718,-0.04654243215918541,0.748466432094574,0.6649209856987,-0.048544418066740036,0.6595070958137512,0.7081916332244873,-0.007344698533415794,0.6406130790710449,0.6249723434448242,-0.01700698584318161,0.6326208710670471,0.5757913589477539,-0.0227489173412323,0.6257768869400024,0.5354447364807129,-0.024931207299232483,0.6947887539863586,0.7005597352981567,0.0012169380206614733,0.6980959177017212,0.6108258962631226,-0.010807281360030174,0.7029427289962769,0.5585148930549622,-0.01877765543758869,0.7083603739738464,0.5194724798202515,-0.019941503182053566,0.7265504002571106,0.7139736413955688,0.0039057941175997257,0.7355030179023743,0.6801201701164246,-0.025263620540499687,0.7322689294815063,0.7308831810951233,-0.0358278863132,0.7300417423248291,0.7618106007575989,-0.031495433300733566,0.7520846128463745,0.7342555522918701,0.004462357610464096,0.754375696182251,0.6968041062355042,-0.018528006970882416,0.7476898431777954,0.7358454465866089,-0.021066825836896896,0.7438172698020935,0.7633222341537476,-0.016112148761749268,PEACE
0.7367785573005676,0.8883880972862244,6.594797241632477e-07,0.6993288397789001,0.8407014012336731,-0.035690199583768845,0.6872867345809937,0.7689732313156128,-0.042389921844005585,0.7195914387702942,0.7078080773353577,-0.04566578567028046,0.7484685182571411,0.6627745628356934,-0.046572454273700714,0.6595091223716736,0.7069433927536011,-0.00775058101862669,0.640728771686554,0.6233104467391968,-0.015643136575818062,0.6323294639587402,0.5751732587814331,-0.01996283233165741,0.6249327659606934,0.5356147885322571,-0.021117977797985077,0.6948916912078857,0.7002218961715698,0.0018934052204713225,0.6992914080619812,0.6094819903373718,-0.007566815707832575,0.7038180828094482,0.5572653412818909,-0.014158600941300392,0.7091268301010132,0.5190150141716003,-0.014699581079185009,0.7266550660133362,0.7140970230102539,0.005687261000275612,0.7355334162712097,0.6808299422264099,-0.020956359803676605,0.7317890524864197,0.7303929924964905,-0.032033465802669525,0.7298936247825623,0.7604105472564697,-0.028605377301573753,0.7522580027580261,0.7344706058502197,0.0073013911023736,0.7549103498458862,0.6980576515197754,-0.013596615754067898,0.7486256957054138,0.7363730669021606,-0.01637834869325161,0.7457208037376404,0.7636932730674744,-0.012054212391376495,PEACE
0.7372225522994995,0.8878421783447266,6.598743311769795e-07,0.7011314630508423,0.8437790274620056,-0.037830036133527756,0.6877965331077576,0.7743256092071533,-0.04693691059947014,0.7163959741592407,0.7119954228401184,-0.05202626809477806,0.7431783676147461,0.6637482047080994,-0.05438500642776489,0.6580262780189514,0.707043468952179,-0.011464148759841919,0.6404697299003601,0.6243364810943604,-0.01981254667043686,0.6321057677268982,0.5766043663024902,-0.02499985136091709,0.6245529055595398,0.5368334054946899,-0.02730696089565754,0.6938130855560303,0.6973200440406799,-0.0005734866135753691,0.6979098916053772,0.6082457900047302,-0.010448049753904343,0.7027227878570557,0.5566544532775879,-0.017813637852668762,0.7075653076171875,0.5188354849815369,-0.01959264650940895,0.7251203060150146,0.7093113660812378,0.004594257567077875,0.7324160933494568,0.6740153431892395,-0.020993957296013832,0.7299560308456421,0.7222501039505005,-0.031591981649398804,0.7283471822738647,0.755118191242218,-0.02861211448907852,0.7506677508354187,0.7272456288337708,0.007294302340596914,0.7535680532455444,0.6882334351539612,-0.01240372285246849,0.7492493391036987,0.7183805108070374,-0.015654074028134346,0.7467479705810547,0.741513192653656,-0.01224244013428688,PEACE
0.7359220385551453,0.8869203925132751,6.575772886208142e-07,0.6986812949180603,0.840615451335907,-0.031201196834445,0.6847037672996521,0.771759033203125,-0.039658937603235245,0.7164394855499268,0.711097776889801,-0.04648299142718315,0.7442920207977295,0.6656210422515869,-0.05142226815223694,0.6585087776184082,0.7056955099105835,-0.006582063622772694,0.639980673789978,0.6228869557380676,-0.016892557963728905,0.6315515041351318,0.5747952461242676,-0.02324262633919716,0.6245218515396118,0.535305380821228,-0.026129616424441338,0.6940133571624756,0.6993655562400818,-0.000928602006752044,0.6978194713592529,0.6113519668579102,-0.013805372640490532,0.7021471261978149,0.5581173300743103,-0.022841978818178177,0.7074827551841736,0.5182708501815796,-0.025350330397486687,0.7264229655265808,0.7146231532096863,-0.0004409001849126071,0.7367190718650818,0.6818819642066956,-0.02839401178061962,0.732848048210144,0.7308310866355896,-0.03783455491065979,0.7310024499893188,0.7628358602523804,-0.03381376340985298,0.7524095177650452,0.7382223010063171,-0.0019191534956917167,0.755795955657959,0.7064502239227295,-0.02352745272219181,0.7485772371292114,0.7454932928085327,-0.024928411468863487,0.7444686889648438,0.7730953097343445,-0.019754381850361824,PEACE
0.7358233332633972,0.8861530423164368,6.440408810703957e-07,0.6987401247024536,0.8421623706817627,-0.03479623422026634,0.6848829984664917,0.7727232575416565,-0.04343142360448837,0.7151564955711365,0.7118101119995117,-0.049368716776371,0.7428907752037048,0.6661180853843689,-0.05305866152048111,0.6573817133903503,0.706204354763031,-0.009038660675287247,0.6389350295066833,0.6232858300209045,-0.01869717426598072,0.6301634907722473,0.5749446749687195,-0.02482786774635315,0.6231523156166077,0.5348741412162781,-0.02788449265062809,0.6933107972145081,0.6971688270568848,-0.0009782924316823483,0.6964174509048462,0.6094067096710205,-0.012273764237761497,0.701292872428894,0.5569053292274475,-0.02090795710682869,0.7068888545036316,0.5168402194976807,-0.023798447102308273,0.7252480983734131,0.7100281715393066,0.0014880261151120067,0.7339670062065125,0.6724966764450073,-0.02577606961131096,0.7307177782058716,0.721380352973938,-0.0365804098546505,0.7289557456970215,0.7552622556686401,-0.0337863452732563,0.7507724761962891,0.7300871014595032,0.001701365108601749,0.75249183177948,0.6919671297073364,-0.020441872999072075,0.7465093731880188,0.7263484597206116,-0.024045737460255623,0.7436776757240295,0.7533237338066101,-0.02062869258224964,PEACE
0.7346512079238892,0.8859614133834839,6.552226068379241e-07,0.6977373361587524,0.8395447134971619,-0.03329036012291908,0.684580385684967,0.7704635262489319,-0.04163985699415207,0.7150915265083313,0.7095162868499756,-0.04783368855714798,0.7426928877830505,0.6633793711662292,-0.0520113967359066,0.656889796257019,0.7045223712921143,-0.006800375878810883,0.6383832097053528,0.6223927140235901,-0.016759108752012253,0.6297299265861511,0.574582040309906,-0.023046037182211876,0.6226497888565063,0.5349798202514648,-0.02603398635983467,0.6928609609603882,0.6969075202941895,0.0003385281306691468,0.6962252259254456,0.6100366711616516,-0.013048467226326466,0.70086669921875,0.5578773021697998,-0.02291555143892765,0.7062069177627563,0.5187081098556519,-0.025901976972818375,0.725285530090332,0.7111121416091919,0.0020975214429199696,0.7338560819625854,0.6770569086074829,-0.027256987988948822,0.7309757471084595,0.7280769944190979,-0.03820042684674263,0.7296733856201172,0.7624484300613403,-0.03471033275127411,0.7511035799980164,0.7327752709388733,0.0018735796911641955,0.7519800662994385,0.6989143490791321,-0.021334940567612648,0.7453450560569763,0.738085925579071,-0.024314505979418755,0.7419108152389526,0.7663540840148926,-0.01994369365274906,PEACE
0.7357233762741089,0.8848632574081421,6.66844755414786e-07,0.6994078159332275,0.8401509523391724,-0.03773261979222298,0.6855758428573608,0.7727060914039612,-0.04641331732273102,0.7153269648551941,0.7115364074707031,-0.05154416337609291,0.7419966459274292,0.6638190746307373,-0.054266925901174545,0.6569405794143677,0.7052210569381714,-0.009372756816446781,0.6388489007949829,0.6234350204467773,-0.01890714094042778,0.630031406879425,0.5754978656768799,-0.02489255741238594,0.6226021647453308,0.5353458523750305,-0.027611251920461655,0.692832887172699,0.6977242827415466,0.0007441288325935602,0.6965222358703613,0.6105833053588867,-0.011475902050733566,0.7010790109634399,0.5574008226394653,-0.020211802795529366,0.7061738967895508,0.51815265417099,-0.022522972896695137,0.7248930335044861,0.7118744850158691,0.004895374644547701,0.7340460419654846,0.6786351203918457,-0.02451939880847931,0.7316728234291077,0.729238748550415,-0.03592575713992119,0.7299428582191467,0.7617285847663879,-0.03261915594339371,0.7502369284629822,0.7323597073554993,0.006753228139132261,0.7518208026885986,0.6984477043151855,-0.017159851267933846,0.7464108467102051,0.7385920286178589,-0.021006682887673378,0.7434507012367249,0.7662540674209595,-0.017220284789800644,PEACE
0.7337962985038757,0.8859279155731201,6.40589121303492e-07,0.6968159675598145,0.8416330218315125,-0.033170249313116074,0.6834125518798828,0.7724988460540771,-0.04173608124256134,0.714646577835083,0.7115529179573059,-0.04804220423102379,0.7421619892120361,0.6650395393371582,-0.052459586411714554,0.6579581499099731,0.705613911151886,-0.008348765783011913,0.6395171284675598,0.6235464215278625,-0.018457846716046333,0.6309588551521301,0.575718879699707,-0.024676388129591942,0.6237636208534241,0.5359363555908203,-0.027729058638215065,0.693377673625946,0.6983202695846558,-0.0017478250665590167,0.6970308423042297,0.610299825668335,-0.014033355750143528,0.7014895677566528,0.5577082633972168,-0.023056156933307648,0.7068524360656738,0.5178930163383484,-0.025870217010378838,0.7253710031509399,0.7135267853736877,-0.0004988197470083833,0.7355482578277588,0.6796628832817078,-0.028679924085736275,0.7322783470153809,0.7285779118537903,-0.039339810609817505,0.7305466532707214,0.7600182890892029,-0.03633466735482216,0.7512112259864807,0.7365630269050598,-0.001291342661716044,0.7531903386116028,0.7042209506034851,-0.024052008986473083,0.7474625110626221,0.7422639727592468,-0.026936570182442665,0.7446362376213074,0.7683237195014954,-0.022912470623850822,PEACE
0.7344931960105896,0.8866338729858398,6.594746082555503e-07,0.697884202003479,0.8430862426757812,-0.03490407019853592,0.6848466396331787,0.77460777759552,-0.04438233748078346,0.7143071293830872,0.7131242752075195,-0.05100870132446289,0.7412430047988892,0.6651341915130615,-0.05545718967914581,0.657153308391571,0.7059863209724426,-0.011087731458246708,0.6392022371292114,0.6237128973007202,-0.021910840645432472,0.6307802200317383,0.5755442976951599,-0.02857036143541336,0.6234164834022522,0.5351443290710449,-0.03186595067381859,0.6930790543556213,0.6979207396507263,-0.003320603398606181,0.6977729797363281,0.6094369888305664,-0.01603991910815239,0.7029753923416138,0.5569381713867188,-0.024660876020789146,0.7083789110183716,0.5173038840293884,-0.02714475616812706,0.7252473831176758,0.7128243446350098,-0.0009209421114064753,0.7333438992500305,0.6797081828117371,-0.02879643253982067,0.7290194034576416,0.7291523218154907,-0.038166146725416183,0.7264515161514282,0.7600667476654053,-0.03429584950208664,0.7508404850959778,0.7351561188697815,-0.0007693468942306936,0.7519223093986511,0.7019890546798706,-0.022795505821704865,0.7451381683349609,0.7391456961631775,-0.024908728897571564,0.7414973974227905,0.7640768885612488,-0.020359456539154053,PEACE
0.7346466183662415,0.8869353532791138,6.447492637562391e-07,0.6961808800697327,0.8417550325393677,-0.03332626819610596,0.6823320388793945,0.7730490565299988,-0.04241860657930374,0.7120464444160461,0.7145774960517883,-0.04929943010210991,0.7387586832046509,0.6680158972740173,-0.05414731800556183,0.6569164991378784,0.7042567133903503,-0.008953163400292397,0.6394296288490295,0.6226406097412109,-0.01918621174991131,0.6305635571479797,0.5754846334457397,-0.025916313752532005,0.6231895089149475,0.5360782742500305,-0.02959662489593029,0.6930508017539978,0.6965908408164978,-0.002489522797986865,0.6981373429298401,0.6094976663589478,-0.014671389013528824,0.7019756436347961,0.5569579601287842,-0.024409959092736244,0.706390917301178,0.5175361633300781,-0.02825995720922947,0.7251685261726379,0.7115132212638855,-0.0014162512961775064,0.7310423851013184,0.6750429272651672,-0.029395917430520058,0.7265601754188538,0.724750280380249,-0.040863752365112305,0.7250608801841736,0.7590014338493347,-0.038765523582696915,0.7507544159889221,0.7338553667068481,-0.0024214095901697874,0.7488313913345337,0.7006229758262634,-0.02514873817563057,0.7412745952606201,0.7373411059379578,-0.029056275263428688,0.7383268475532532,0.7649123668670654,-0.026048343628644943,PEACE
0.7338755130767822,0.8840572834014893,6.435000159399351e-07,0.6974485516548157,0.8426482677459717,-0.03707519918680191,0.684416651725769,0.7753039002418518,-0.04683263972401619,0.7133288383483887,0.7158949971199036,-0.05306163430213928,0.7401046752929688,0.6685894131660461,-0.056820690631866455,0.6570402979850769,0.7017689943313599,-0.012236826121807098,0.6396900415420532,0.6207398176193237,-0.021168526262044907,0.6315770149230957,0.5739747285842896,-0.02630608156323433,0.6248378157615662,0.5347477793693542,-0.02874934859573841,0.6931913495063782,0.6941167116165161,-0.0029314151033759117,0.6978269815444946,0.6080821752548218,-0.013540097512304783,0.7028341889381409,0.556827187538147,-0.021337002515792847,0.7079150080680847,0.5180929899215698,-0.02370689995586872,0.7249664068222046,0.7093669176101685,0.000694013258907944,0.7336447238922119,0.6786333918571472,-0.02660687081515789,0.7302937507629395,0.7267390489578247,-0.03832577168941498,0.7280482649803162,0.7567281126976013,-0.036357540637254715,0.7501023411750793,0.731133759021759,0.002008609939366579,0.7519939541816711,0.6982990503311157,-0.02061953954398632,0.7451622486114502,0.7321933507919312,-0.02559606358408928,0.7410253286361694,0.7549794316291809,-0.02341565676033497,PEACE
0.7342628240585327,0.8866406083106995,6.350127250698279e-07,0.6967849731445312,0.8434094786643982,-0.03261347860097885,0.6821136474609375,0.7748484015464783,-0.04203512519598007,0.7134324312210083,0.7134535908699036,-0.049461252987384796,0.7414380311965942,0.6656261682510376,-0.055242180824279785,0.6561697721481323,0.7069352269172668,-0.010266724973917007,0.6394175887107849,0.6247990131378174,-0.0225281473249197,0.6315646767616272,0.5768511891365051,-0.030697902664542198,0.6249180436134338,0.5366024971008301,-0.03522198647260666,0.6922105550765991,0.6984744071960449,-0.004394565708935261,0.696742832660675,0.6106288433074951,-0.018583349883556366,0.7023760080337524,0.558482825756073,-0.02872931957244873,0.7081997990608215,0.5178660750389099,-0.03251028060913086,0.7244853973388672,0.7126668095588684,-0.0036868336610496044,0.7318288683891296,0.6784870624542236,-0.03283095732331276,0.7277801036834717,0.7284031510353088,-0.042751241475343704,0.7259142398834229,0.760901927947998,-0.039376839995384216,0.750116229057312,0.7354564666748047,-0.005010918714106083,0.7496823072433472,0.7017578482627869,-0.028085356578230858,0.7420664429664612,0.739128053188324,-0.03037288226187229,0.7383373379707336,0.7652900815010071,-0.02601243369281292,PEACE
0.7341980934143066,0.8862369060516357,6.45906652607664e-07,0.6980449557304382,0.8430063724517822,-0.03282533958554268,0.6838904619216919,0.7752192616462708,-0.043054625391960144,0.7136102914810181,0.7145095467567444,-0.05118659883737564,0.7405087947845459,0.6670687794685364,-0.057408250868320465,0.6570956110954285,0.7053130269050598,-0.011468451470136642,0.6400054097175598,0.6235361099243164,-0.023436713963747025,0.6319397687911987,0.5758236050605774,-0.031120257452130318,0.6253751516342163,0.535831868648529,-0.035402536392211914,0.693294882774353,0.6981041431427002,-0.005875978618860245,0.6983065009117126,0.6104281544685364,-0.020128320902585983,0.7034482955932617,0.5584533214569092,-0.030270636081695557,0.7091572880744934,0.5186543464660645,-0.0341200977563858,0.7262135744094849,0.7133665680885315,-0.005265167914330959,0.7380452156066895,0.6783421039581299,-0.03404412791132927,0.7325550317764282,0.7280315160751343,-0.0434541329741478,0.7294634580612183,0.7611479163169861,-0.04003361985087395,0.7521796822547913,0.7377216815948486,-0.00674624927341938,0.7541868090629578,0.7071657180786133,-0.02967301569879055,0.7470858097076416,0.7454254627227783,-0.03169422224164009,0.7437224388122559,0.7722406983375549,-0.02723083086311817,PEACE
0.7337508797645569,0.8873259425163269,6.532667384817614e-07,0.695905864238739,0.8448699712753296,-0.03535846993327141,0.6833727359771729,0.7760162353515625,-0.04433343932032585,0.7133319973945618,0.7150418162345886,-0.050426024943590164,0.7395854592323303,0.6668906211853027,-0.05440444499254227,0.6567201614379883,0.7050954699516296,-0.009661599062383175,0.6386646032333374,0.6225314736366272,-0.019058214500546455,0.6298582553863525,0.5748433470726013,-0.025253206491470337,0.6227977275848389,0.5348348617553711,-0.028454013168811798,0.6932637095451355,0.6968508362770081,-0.0017982162535190582,0.698001503944397,0.6082442998886108,-0.01299639604985714,0.7027246356010437,0.5563302040100098,-0.02223871275782585,0.7084152698516846,0.5171900391578674,-0.025646094232797623,0.7252964377403259,0.7115352749824524,0.000547536532394588,0.7318856716156006,0.6750651597976685,-0.027012700214982033,0.7280563712120056,0.7245603799819946,-0.038611240684986115,0.7265046238899231,0.7572031617164612,-0.03654594346880913,0.7510678768157959,0.7331392765045166,0.0007327251369133592,0.7503297328948975,0.6941479444503784,-0.021103322505950928,0.7437195181846619,0.730998158454895,-0.024217505007982254,0.7410898804664612,0.7585828304290771,-0.020745117217302322,PEACE
0.7342753410339355,0.8864068984985352,6.476144562839181e-07,0.6967735886573792,0.8434405326843262,-0.03413365036249161,0.6836538314819336,0.7738845944404602,-0.04258489981293678,0.7146962285041809,0.7128902077674866,-0.048408810049295425,0.7417590618133545,0.6653812527656555,-0.05211231857538223,0.6572251915931702,0.7051913738250732,-0.00880364514887333,0.6387763023376465,0.6226434707641602,-0.018208680674433708,0.6301414966583252,0.5743580460548401,-0.024169916287064552,0.6232614517211914,0.5342968702316284,-0.02702438272535801,0.693119466304779,0.6972377896308899,-0.001370181911624968,0.6990265846252441,0.6084746718406677,-0.012613005004823208,0.703436017036438,0.5559185743331909,-0.021116729825735092,0.7082346081733704,0.5163830518722534,-0.02374643087387085,0.7245770692825317,0.7115954756736755,0.0005922220880165696,0.7325875759124756,0.675633430480957,-0.027068765833973885,0.7281314730644226,0.7269325852394104,-0.037198491394519806,0.7259035110473633,0.7602560520172119,-0.03384706377983093,0.74986732006073,0.7339299917221069,0.00046373927034437656,0.7506756782531738,0.6962423324584961,-0.021194016560912132,0.7441939115524292,0.7356886267662048,-0.023032909259200096,0.7413106560707092,0.7645331025123596,-0.0184450875967741,PEACE
0.7346705198287964,0.8901816606521606,6.391739475475333e-07,0.697097659111023,0.8456507921218872,-0.03641705587506294,0.6842639446258545,0.7748415470123291,-0.043264493346214294,0.7140610814094543,0.7129607796669006,-0.046415239572525024,0.7406623363494873,0.6643515825271606,-0.047147590667009354,0.6571037173271179,0.7067186236381531,-0.007329304236918688,0.6383820176124573,0.6235616207122803,-0.014913042075932026,0.6295218467712402,0.5755062103271484,-0.019728833809494972,0.6222758293151855,0.5353057384490967,-0.021764544770121574,0.6930242776870728,0.6986460089683533,0.002338272985070944,0.6977682113647461,0.6102582812309265,-0.00645260326564312,0.7019808888435364,0.5573680400848389,-0.014175986871123314,0.7070273756980896,0.5182691812515259,-0.016442304477095604,0.7240625619888306,0.7133439779281616,0.006049525924026966,0.730309247970581,0.6781130433082581,-0.020665327087044716,0.7275993227958679,0.7284287214279175,-0.03288646042346954,0.7270497679710388,0.7610780000686646,-0.03095591813325882,0.7493276596069336,0.7346097826957703,0.007534833159297705,0.7482599020004272,0.6994532346725464,-0.014857606962323189,0.743292510509491,0.7378613352775574,-0.019152967259287834,0.7418035268783569,0.765918493270874,-0.016178175806999207,PEACE
0.7338316440582275,0.8855286240577698,6.687586733278295e-07,0.6978399157524109,0.840203046798706,-0.03517017513513565,0.6849408149719238,0.7720969319343567,-0.04405376687645912,0.7133654356002808,0.7118842005729675,-0.05014629289507866,0.7405530214309692,0.6654518246650696,-0.05403044447302818,0.656620979309082,0.7032471895217896,-0.008371124975383282,0.6380114555358887,0.6220577955245972,-0.016960183158516884,0.6298311948776245,0.5747670531272888,-0.022228563204407692,0.6234978437423706,0.5355225801467896,-0.024446234107017517,0.6924471855163574,0.6969426274299622,0.0002937964745797217,0.6971638202667236,0.6096128821372986,-0.010589737445116043,0.7020625472068787,0.5566865801811218,-0.01934383437037468,0.707505464553833,0.5174171924591064,-0.021934838965535164,0.7243134379386902,0.7123805284500122,0.0034392839297652245,0.7316765785217285,0.6789277195930481,-0.024498939514160156,0.728979229927063,0.7274612188339233,-0.03681350499391556,0.7285565733909607,0.7601255178451538,-0.034533265978097916,0.7491484880447388,0.7346596121788025,0.004610741510987282,0.7491143345832825,0.7003815174102783,-0.017441479489207268,0.7429175972938538,0.737971842288971,-0.02115238830447197,0.7408087253570557,0.7658863663673401,-0.0176311694085598,PEACE
0.7335805892944336,0.8861103057861328,6.331006829896069e-07,0.696057915687561,0.8405420780181885,-0.03252915292978287,0.6823639869689941,0.7713969945907593,-0.04128110036253929,0.7134914398193359,0.7119221687316895,-0.047900836914777756,0.7415783405303955,0.6663283705711365,-0.052548665553331375,0.6562942862510681,0.7034688591957092,-0.00841615442186594,0.638768196105957,0.622230589389801,-0.018412582576274872,0.6304273009300232,0.5756776332855225,-0.02495836839079857,0.6233704686164856,0.5362370014190674,-0.028467891737818718,0.6934771537780762,0.6968036890029907,-0.0020068634767085314,0.6977388262748718,0.6110783219337463,-0.01412014290690422,0.702499270439148,0.5591551065444946,-0.023615872487425804,0.7080382704734802,0.519458532333374,-0.02717369794845581,0.7266053557395935,0.7123687863349915,-0.0008495871443301439,0.7353862524032593,0.6807605028152466,-0.028548041358590126,0.7306559085845947,0.7280678749084473,-0.039956994354724884,0.7285675406455994,0.7599228620529175,-0.03785800561308861,0.7525028586387634,0.7354848980903625,-0.0016848101513460279,0.7531499862670898,0.7051105499267578,-0.023904619738459587,0.7454642653465271,0.7414291501045227,-0.02750212699174881,0.7422405481338501,0.7674078345298767,-0.024301383644342422,PEACE
0.7339977622032166,0.8863677382469177,6.524105629068799e-07,0.6971501111984253,0.8434117436408997,-0.03376281261444092,0.6830753684043884,0.7758995294570923,-0.043213412165641785,0.7134758234024048,0.7148127555847168,-0.05044768005609512,0.7405851483345032,0.6664302945137024,-0.05563969165086746,0.6567826867103577,0.7048178315162659,-0.009111852385103703,0.6391198039054871,0.6235072016716003,-0.020190514624118805,0.6309587955474854,0.575741171836853,-0.027267323806881905,0.6246100068092346,0.535541296005249,-0.030853822827339172,0.6920501589775085,0.6964563131332397,-0.002198371570557356,0.6976550221443176,0.6096813678741455,-0.016163894906640053,0.7036257982254028,0.5571099519729614,-0.026267439126968384,0.7099989056587219,0.5167438387870789,-0.029715517535805702,0.7234354019165039,0.7105870246887207,-0.0006604914087802172,0.734531819820404,0.6775698065757751,-0.030369343236088753,0.7317470908164978,0.7274110913276672,-0.04116270691156387,0.7305793762207031,0.7608518004417419,-0.037862468510866165,0.7485523819923401,0.7325685024261475,-0.0011899789096787572,0.7521330714225769,0.6985119581222534,-0.02475426159799099,0.7459537386894226,0.7356943488121033,-0.027815459296107292,0.7425159215927124,0.762930154800415,-0.02368658035993576,PEACE
0.7340186238288879,0.8876190185546875,6.218071462171793e-07,0.6960560083389282,0.8452606797218323,-0.032491546124219894,0.6814795732498169,0.7755205631256104,-0.0416233204305172,0.7120012044906616,0.7134290337562561,-0.0486733540892601,0.7392007112503052,0.6659197211265564,-0.053895749151706696,0.6568618416786194,0.7053623795509338,-0.010685824789106846,0.6389479637145996,0.6235442161560059,-0.02162819355726242,0.6307620406150818,0.5765050649642944,-0.028324883431196213,0.6240644454956055,0.5367932319641113,-0.03186136111617088,0.6931008696556091,0.6980464458465576,-0.004726254381239414,0.6971704363822937,0.6111652255058289,-0.017976151779294014,0.7029531002044678,0.5603210926055908,-0.027164975181221962,0.7094953656196594,0.5209276676177979,-0.030237846076488495,0.7254387140274048,0.7135979533195496,-0.00380297121591866,0.733235239982605,0.6811574101448059,-0.03200565278530121,0.7281173467636108,0.7311855554580688,-0.04178287088871002,0.7257143259048462,0.7633997201919556,-0.03843146190047264,0.7513014078140259,0.737320601940155,-0.004916490986943245,0.7512141466140747,0.7025039196014404,-0.027480438351631165,0.7427563071250916,0.7380478382110596,-0.03007976897060871,0.7380996942520142,0.763189435005188,-0.026018796488642693,PEACE
0.7339580059051514,0.8880281448364258,6.492146553682687e-07,0.6980406641960144,0.8453856706619263,-0.03524516895413399,0.6840084791183472,0.7769673466682434,-0.04512683302164078,0.7131741642951965,0.7152190804481506,-0.052396416664123535,0.740397036075592,0.6672351360321045,-0.05766807869076729,0.657222330570221,0.7071284651756287,-0.011585858650505543,0.6386949419975281,0.6248584985733032,-0.022466585040092468,0.6302582621574402,0.5767545700073242,-0.029167907312512398,0.623274564743042,0.5367516279220581,-0.03245151787996292,0.6927688717842102,0.6996095180511475,-0.0038474062457680702,0.6975510716438293,0.6115516424179077,-0.016760284081101418,0.703074038028717,0.5588550567626953,-0.0258762426674366,0.708884596824646,0.5197253823280334,-0.02870797924697399,0.7246385216712952,0.7143473625183105,-0.001514241099357605,0.7345626354217529,0.679269015789032,-0.030569525435566902,0.7315918207168579,0.7282453179359436,-0.041562896221876144,0.7304543256759644,0.7623380422592163,-0.03850262612104416,0.7500342130661011,0.7367711663246155,-0.001313098007813096,0.7518522143363953,0.7007867097854614,-0.024665245786309242,0.745479941368103,0.7379381656646729,-0.027906810864806175,0.7424112558364868,0.7666369676589966,-0.0239267498254776,PEACE
0.7349299788475037,0.8889254927635193,6.571466428795247e-07,0.6979706883430481,0.8443524837493896,-0.036093614995479584,0.6838623881340027,0.7753783464431763,-0.04426395520567894,0.713537871837616,0.7148975729942322,-0.04926444962620735,0.7406244874000549,0.6674516201019287,-0.05182313919067383,0.6560655832290649,0.7068459987640381,-0.008440546691417694,0.6383016705513,0.6237941384315491,-0.016846096143126488,0.6301225423812866,0.5757532715797424,-0.02216179110109806,0.6233513951301575,0.5357022285461426,-0.024713948369026184,0.6922746896743774,0.6992089748382568,0.0006449923384934664,0.6978869438171387,0.6127461194992065,-0.010272656567394733,0.7033481001853943,0.5596789717674255,-0.01898365654051304,0.7089471220970154,0.520195722579956,-0.02181205525994301,0.7239391803741455,0.7135757207870483,0.003920041956007481,0.7332057952880859,0.678094208240509,-0.02423982135951519,0.7312262654304504,0.727706253528595,-0.03654013201594353,0.7301398515701294,0.7611799836158752,-0.03437471017241478,0.749308705329895,0.7343274354934692,0.0050049955025315285,0.7516455054283142,0.6968262791633606,-0.018097184598445892,0.746392011642456,0.7320148348808289,-0.022881051525473595,0.7436328530311584,0.7585277557373047,-0.020176589488983154,PEACE
0.7355929017066956,0.8880151510238647,6.748919076926541e-07,0.6982223391532898,0.8429701328277588,-0.03519046679139137,0.684343159198761,0.7743092775344849,-0.04356931895017624,0.7127446532249451,0.7134829759597778,-0.04897371679544449,0.7391160726547241,0.6650329828262329,-0.05200920253992081,0.6562575697898865,0.7057463526725769,-0.007752114906907082,0.6377083659172058,0.6233930587768555,-0.015866519883275032,0.6294201612472534,0.5756493806838989,-0.020796285942196846,0.6227394938468933,0.5359193682670593,-0.022974904626607895,0.691983699798584,0.6987893581390381,0.0010785360354930162,0.6979897022247314,0.6108808517456055,-0.009831346571445465,0.7028642892837524,0.5579308867454529,-0.018156616017222404,0.7078383564949036,0.5193853378295898,-0.020525751635432243,0.7235515117645264,0.7136514186859131,0.004272716585546732,0.7302122116088867,0.6783003807067871,-0.0236666239798069,0.7263351678848267,0.7289966940879822,-0.03528190776705742,0.7242918014526367,0.7623245120048523,-0.032698262482881546,0.748511791229248,0.7343708872795105,0.005432270932942629,0.7472396492958069,0.7001664042472839,-0.017332298681139946,0.7398605346679688,0.7392210364341736,-0.021333249285817146,0.7359822988510132,0.7668062448501587,-0.0180603489279747,PEACE
0.7354171872138977,0.888089656829834,6.414254016817722e-07,0.6984223127365112,0.842995285987854,-0.032934993505477905,0.6847740411758423,0.7749037146568298,-0.04286300390958786,0.7134374380111694,0.7151995301246643,-0.050721440464258194,0.7397658824920654,0.6678221225738525,-0.056414056569337845,0.6569862961769104,0.7071186304092407,-0.009693984873592854,0.6389572024345398,0.6259641051292419,-0.021425053477287292,0.6310547590255737,0.5781806707382202,-0.028689375147223473,0.6248818635940552,0.537301778793335,-0.032475702464580536,0.6929100155830383,0.7002387046813965,-0.003673042869195342,0.6982284188270569,0.6131517291069031,-0.01832876354455948,0.7039629817008972,0.5616133213043213,-0.028553737327456474,0.7099893093109131,0.5206552147865295,-0.03215973451733589,0.7255550622940063,0.7146872282028198,-0.0028554878663271666,0.7386319637298584,0.6800989508628845,-0.03260863572359085,0.735209047794342,0.7294674515724182,-0.04272236302495003,0.7331901788711548,0.7618484497070312,-0.039100855588912964,0.7513681650161743,0.737095832824707,-0.004071561619639397,0.7553603649139404,0.7044182419776917,-0.026829475536942482,0.7498186826705933,0.7412146925926208,-0.029147019609808922,0.7471382021903992,0.767079770565033,-0.024726638570427895,PEACE
0.7342070937156677,0.8892457485198975,6.57385044178227e-07,0.696325957775116,0.8445273637771606,-0.0327601283788681,0.6817601919174194,0.7752568125724792,-0.041384391486644745,0.7131030559539795,0.7142653465270996,-0.04805963486433029,0.739706814289093,0.6662265658378601,-0.05279533565044403,0.6561731100082397,0.7043401598930359,-0.005566207226365805,0.6389577984809875,0.624035120010376,-0.015017177909612656,0.6303366422653198,0.5770485401153564,-0.0217865202575922,0.6236733794212341,0.5376110672950745,-0.025727510452270508,0.6922321319580078,0.6981739401817322,0.0007305204053409398,0.6977046728134155,0.6126949191093445,-0.011734175495803356,0.7029682397842407,0.5606906414031982,-0.02199188433587551,0.7095544934272766,0.5200061798095703,-0.02618999034166336,0.7246968746185303,0.7146604657173157,0.0016464211512356997,0.7354217767715454,0.6792035698890686,-0.026664305478334427,0.7309800982475281,0.7308372259140015,-0.037429239600896835,0.7289292812347412,0.7653903365135193,-0.03486638888716698,0.751272976398468,0.7388061285018921,0.0005021515535190701,0.752545952796936,0.7046117782592773,-0.02300308458507061,0.7459403872489929,0.7442354559898376,-0.02618197724223137,0.7428196668624878,0.772648811340332,-0.0224941223859787,PEACE
0.7346960306167603,0.8882290124893188,6.67728102143883e-07,0.6971277594566345,0.8422267436981201,-0.03789793327450752,0.6829559803009033,0.7740901708602905,-0.04702368751168251,0.712660551071167,0.7133364081382751,-0.05231202393770218,0.7401478290557861,0.6655806303024292,-0.054968468844890594,0.6572033762931824,0.7061519622802734,-0.011592517606914043,0.6381353139877319,0.6244329810142517,-0.02118835225701332,0.6291026473045349,0.5769196152687073,-0.027387842535972595,0.6214150786399841,0.5368179678916931,-0.0303209125995636,0.692682147026062,0.6986759305000305,-0.0012367633171379566,0.6992332339286804,0.611255407333374,-0.012162428349256516,0.7037438154220581,0.5583338737487793,-0.020371614024043083,0.7085999250411987,0.5191640853881836,-0.02282731421291828,0.723244309425354,0.7126564383506775,0.003228903515264392,0.7308340668678284,0.6787238717079163,-0.023874079808592796,0.7255286574363708,0.7280972003936768,-0.03551489859819412,0.722848653793335,0.7607937455177307,-0.0331430546939373,0.7480188012123108,0.7330718040466309,0.0052452702075243,0.7491113543510437,0.7003580927848816,-0.016445130109786987,0.7414887547492981,0.7372272610664368,-0.020600898191332817,0.7374442219734192,0.7646742463111877,-0.01757074147462845,PEACE
0.7341709136962891,0.889631986618042,6.505382543764426e-07,0.6962530016899109,0.843329668045044,-0.032111018896102905,0.6824216246604919,0.7723402976989746,-0.04027806222438812,0.7132540941238403,0.7120269536972046,-0.04653004929423332,0.7405056953430176,0.6657530069351196,-0.050816621631383896,0.6567605137825012,0.7040315866470337,-0.0055270507000386715,0.6394492387771606,0.6236153841018677,-0.01551640685647726,0.6309605240821838,0.576208233833313,-0.022349834442138672,0.6243062615394592,0.536466121673584,-0.02611847221851349,0.6929104924201965,0.698967695236206,0.0004093607421964407,0.6983172297477722,0.612895131111145,-0.012426679022610188,0.7037193775177002,0.5605497360229492,-0.022766316309571266,0.710297703742981,0.5198952555656433,-0.02673540823161602,0.7256399989128113,0.7155822515487671,0.001034645945765078,0.737357497215271,0.6805824041366577,-0.027387471869587898,0.7315865159034729,0.731395423412323,-0.03819622844457626,0.7283479571342468,0.7650455236434937,-0.03545074909925461,0.7516698837280273,0.7403729557991028,-0.00032515815109945834,0.7521852254867554,0.7119669914245605,-0.02317608706653118,0.7445913553237915,0.7518979907035828,-0.0260807853192091,0.7411724925041199,0.7791781425476074,-0.022152628749608994,PEACE
0.7354162335395813,0.8876171708106995,6.636203693233256e-07,0.6993582844734192,0.8424811959266663,-0.03652685880661011,0.684758186340332,0.7754824161529541,-0.04645088315010071,0.7129301428794861,0.7163977026939392,-0.05333857983350754,0.7397348284721375,0.6679552793502808,-0.05776609480381012,0.6566040515899658,0.7061198353767395,-0.010576438158750534,0.6385318040847778,0.624367892742157,-0.020992085337638855,0.62997967004776,0.5766474604606628,-0.027782060205936432,0.6230811476707458,0.536198079586029,-0.031330984085798264,0.6923200488090515,0.6985999941825867,-0.0017578679835423827,0.6984254121780396,0.6124034523963928,-0.014893360435962677,0.7038528323173523,0.5595247149467468,-0.025095032528042793,0.709429919719696,0.5188164114952087,-0.02892916090786457,0.7239041328430176,0.7126319408416748,0.0013952687149867415,0.7353807687759399,0.6790838241577148,-0.027966469526290894,0.7321955561637878,0.7290216088294983,-0.04022800177335739,0.7302281260490417,0.7629306316375732,-0.038092173635959625,0.749422013759613,0.7334571480751038,0.0022976528853178024,0.7532498240470886,0.7005590200424194,-0.021160613745450974,0.7476248741149902,0.7375221252441406,-0.025724386796355247,0.7446237206459045,0.7647297382354736,-0.02288060635328293,PEACE
0.7346773743629456,0.8871227502822876,6.499362257272878e-07,0.696486234664917,0.8426012992858887,-0.03214301913976669,0.6821824312210083,0.7745991945266724,-0.04126513749361038,0.7124289870262146,0.7141740322113037,-0.04859399050474167,0.7391640543937683,0.6667300462722778,-0.05404536426067352,0.6567789316177368,0.7059547305107117,-0.007938632741570473,0.6383009552955627,0.624320924282074,-0.01859055645763874,0.6299402117729187,0.5768846869468689,-0.02545473538339138,0.623472273349762,0.5369974374771118,-0.028953969478607178,0.6927412748336792,0.6991458535194397,-0.0021411620546132326,0.6978102922439575,0.6124089956283569,-0.015798477455973625,0.7029000520706177,0.5602409839630127,-0.02583364211022854,0.7086350917816162,0.5201315879821777,-0.02934332750737667,0.7247114777565002,0.7141152620315552,-0.0015336378710344434,0.7313733100891113,0.6790482997894287,-0.03067426010966301,0.7276537418365479,0.7297753095626831,-0.04111899062991142,0.726811945438385,0.7640244364738464,-0.03779565915465355,0.75037682056427,0.7368199229240417,-0.002875604899600148,0.7495119571685791,0.7011865973472595,-0.025586934760212898,0.7421995997428894,0.7399778366088867,-0.027840817347168922,0.7390005588531494,0.768791675567627,-0.02334735170006752,PEACE
0.734113335609436,0.8872382044792175,6.44324188669998e-07,0.6958038210868835,0.8445166349411011,-0.033885493874549866,0.6822534203529358,0.7746171951293945,-0.04259362444281578,0.7127243280410767,0.7151605486869812,-0.04870573431253433,0.7400802969932556,0.6688693761825562,-0.05265134945511818,0.6564310789108276,0.7063031196594238,-0.009373200125992298,0.6386018991470337,0.6242765784263611,-0.018376564607024193,0.6306015253067017,0.5773191452026367,-0.023847870528697968,0.6239175200462341,0.5375982522964478,-0.02661771886050701,0.692841112613678,0.6982387900352478,-0.0019274987280368805,0.6983442902565002,0.6111039519309998,-0.013027980923652649,0.704139232635498,0.5593684315681458,-0.021640030667185783,0.7100232839584351,0.5197348594665527,-0.024625062942504883,0.7250697016716003,0.7122503519058228,0.00014147684851195663,0.7347277402877808,0.6790385842323303,-0.026700297370553017,0.7310412526130676,0.7271506190299988,-0.03787675127387047,0.7289870381355286,0.7587677240371704,-0.035709526389837265,0.7506067156791687,0.7330139875411987,4.891229764325544e-05,0.7527039051055908,0.6992157101631165,-0.021405689418315887,0.7469611763954163,0.7342504858970642,-0.02506083995103836,0.7445380687713623,0.7590229511260986,-0.02211722731590271,PEACE
0.7348788976669312,0.8908911943435669,6.56698944112577e-07,0.6948062181472778,0.844875693321228,-0.03153466060757637,0.6804749369621277,0.7734402418136597,-0.03961414843797684,0.7130973935127258,0.711310863494873,-0.045879822224378586,0.7413457632064819,0.6655808091163635,-0.05057350546121597,0.6567796468734741,0.7063932418823242,-0.0064298780634999275,0.6389536261558533,0.6244404315948486,-0.016272535547614098,0.6304864883422852,0.5769802927970886,-0.02319052256643772,0.6236600875854492,0.5373533964157104,-0.027084581553936005,0.6935551166534424,0.7010000348091125,-0.0007367790676653385,0.6985617280006409,0.6127989292144775,-0.012862378731369972,0.7032985687255859,0.5601856112480164,-0.022933224216103554,0.7093187570571899,0.5200832486152649,-0.026872668415308,0.7262943387031555,0.7185478806495667,-0.00014593637024518102,0.7325020432472229,0.6828814148902893,-0.027911432087421417,0.7266961336135864,0.7321375608444214,-0.03889039158821106,0.7253203392028809,0.7656869292259216,-0.03643587604165077,0.7519254088401794,0.7441980838775635,-0.0014564412413164973,0.7488559484481812,0.7114852666854858,-0.024406500160694122,0.7408179044723511,0.7498418688774109,-0.027367938309907913,0.738646924495697,0.777779221534729,-0.023422617465257645,PEACE
0.733206570148468,0.8898899555206299,6.361158852996596e-07,0.6951698064804077,0.8436366319656372,-0.031920477747917175,0.6825794577598572,0.772402822971344,-0.04014522582292557,0.7129904627799988,0.7127007246017456,-0.046423204243183136,0.7403436303138733,0.6683974266052246,-0.0508657731115818,0.6572049856185913,0.7067854404449463,-0.007757384795695543,0.6397174596786499,0.6243026852607727,-0.017223700881004333,0.631134569644928,0.5768133997917175,-0.02373114787042141,0.624017596244812,0.5366436839103699,-0.027442531660199165,0.694006621837616,0.7009638547897339,-0.001708192634396255,0.7001625299453735,0.6130410432815552,-0.012762844562530518,0.7057262659072876,0.5606859922409058,-0.022559380158782005,0.7116928100585938,0.5205294489860535,-0.026808718219399452,0.7267552614212036,0.7166637778282166,-0.0007303394959308207,0.7345238327980042,0.678038477897644,-0.027011463418602943,0.7286368012428284,0.7249020934104919,-0.03856068477034569,0.7263351082801819,0.7588022947311401,-0.037147730588912964,0.7524101734161377,0.7403924465179443,-0.0017289402894675732,0.7512758374214172,0.7054826021194458,-0.022512877359986305,0.7435617446899414,0.7419924736022949,-0.025535061955451965,0.7411855459213257,0.771316647529602,-0.022357776761054993,PEACE
0.7330788969993591,0.8901498317718506,6.54155144275137e-07,0.6959818005561829,0.8441886901855469,-0.03340648114681244,0.6830464601516724,0.7746700048446655,-0.04147292673587799,0.7128794193267822,0.7141638398170471,-0.047254469245672226,0.7398982644081116,0.6682363748550415,-0.050976477563381195,0.6561648845672607,0.707253634929657,-0.007041766308248043,0.6386914253234863,0.6257957220077515,-0.01682605780661106,0.6303474307060242,0.577670693397522,-0.023220891132950783,0.623405933380127,0.5370724201202393,-0.02656692825257778,0.6929952502250671,0.7006213665008545,-0.0003018685383722186,0.69891756772995,0.6135246753692627,-0.013101829215884209,0.7041705250740051,0.5595945119857788,-0.023249590769410133,0.7100064158439636,0.51936936378479,-0.026972301304340363,0.7256076335906982,0.7165937423706055,0.00101941404864192,0.7331804037094116,0.6826033592224121,-0.02872292324900627,0.7299472689628601,0.7329516410827637,-0.040682751685380936,0.7293233871459961,0.7676122188568115,-0.03811708465218544,0.7514600157737732,0.7397140860557556,0.0003831358626484871,0.7507026791572571,0.7070132493972778,-0.02418256551027298,0.7451658248901367,0.7468366026878357,-0.028210176154971123,0.7439435124397278,0.7765095233917236,-0.024665623903274536,PEACE
0.733428955078125,0.8878490924835205,6.381767434504582e-07,0.6968882083892822,0.8436933159828186,-0.03221425786614418,0.6832751035690308,0.7742733955383301,-0.04145731404423714,0.7137324810028076,0.7140737771987915,-0.04883575439453125,0.7413939833641052,0.6689948439598083,-0.05424577370285988,0.6562070250511169,0.7063478231430054,-0.008723163045942783,0.6392370462417603,0.6244960427284241,-0.01958148367702961,0.6307466626167297,0.5772383213043213,-0.02669917605817318,0.6242348551750183,0.5369610786437988,-0.030841320753097534,0.6932124495506287,0.6987762451171875,-0.0031291304621845484,0.6983894109725952,0.6139776706695557,-0.017018504440784454,0.7045673131942749,0.56138676404953,-0.027828074991703033,0.7115837931632996,0.5203906297683716,-0.03237827867269516,0.7262112498283386,0.713129997253418,-0.002561642089858651,0.7366983294487,0.6778581142425537,-0.03186851367354393,0.7334317564964294,0.7275564670562744,-0.042520929127931595,0.7325945496559143,0.7634684443473816,-0.03977047652006149,0.7522289156913757,0.735621452331543,-0.00403800280764699,0.7537238001823425,0.7061731815338135,-0.02803347073495388,0.7486498951911926,0.7441452741622925,-0.03135991096496582,0.7477916479110718,0.7728142738342285,-0.027636384591460228,PEACE
0.7343323230743408,0.8896427750587463,6.58501960515423e-07,0.6967386603355408,0.8450221419334412,-0.03380618989467621,0.6832695007324219,0.7763097882270813,-0.042805954813957214,0.7127845287322998,0.7158603668212891,-0.049504924565553665,0.7397247552871704,0.668471097946167,-0.054198719561100006,0.6564286947250366,0.7061548829078674,-0.008282862603664398,0.6385564208030701,0.6245919466018677,-0.018587972968816757,0.6302775740623474,0.5771723985671997,-0.025331024080514908,0.6237573027610779,0.537501335144043,-0.02875540591776371,0.6926636695861816,0.6992462873458862,-0.0013082538498565555,0.6981753706932068,0.6128266453742981,-0.014322386123239994,0.7039137482643127,0.559806227684021,-0.024671083316206932,0.7099947333335876,0.5196415185928345,-0.02848469652235508,0.7246755957603455,0.7148434519767761,0.0002654807467479259,0.7322860956192017,0.6809040307998657,-0.029078884050250053,0.7288346290588379,0.7304345369338989,-0.041362062096595764,0.7277029156684875,0.7645805478096008,-0.039137303829193115,0.749781608581543,0.7377697229385376,-0.00012944337504450232,0.7491332292556763,0.704939603805542,-0.02378913015127182,0.7421868443489075,0.7420564889907837,-0.02790723368525505,0.7391318678855896,0.770055890083313,-0.024576082825660706,PEACE
0.7340610027313232,0.8881198167800903,6.350114176711941e-07,0.697152853012085,0.845887303352356,-0.03221579268574715,0.6828019022941589,0.7763054966926575,-0.04166169464588165,0.7130492329597473,0.7170879244804382,-0.04917701333761215,0.740616500377655,0.6725013256072998,-0.05481528490781784,0.6584869623184204,0.7047685384750366,-0.009845997206866741,0.6404780745506287,0.623881995677948,-0.020088015124201775,0.6319003701210022,0.5768200755119324,-0.02656085230410099,0.6250755190849304,0.5373070240020752,-0.030001087114214897,0.69406658411026,0.6985079646110535,-0.003883183700963855,0.6992206573486328,0.6117044687271118,-0.015917716547846794,0.7047213912010193,0.5592499375343323,-0.02467024326324463,0.7108041644096375,0.5187545418739319,-0.02776724472641945,0.7258537411689758,0.7135898470878601,-0.002990354783833027,0.737281084060669,0.6769891977310181,-0.02999960444867611,0.7330994606018066,0.7269195318222046,-0.03915047273039818,0.7311964631080627,0.7620808482170105,-0.035623978823423386,0.7507632970809937,0.7365646958351135,-0.004222864750772715,0.7528323531150818,0.703288197517395,-0.025721833109855652,0.7471945285797119,0.7414746284484863,-0.027516083791851997,0.7455654144287109,0.7704249024391174,-0.023007933050394058,PEACE
0.7339879274368286,0.8893531560897827,6.500591780422837e-07,0.6952763199806213,0.8445266485214233,-0.03377585858106613,0.6809569597244263,0.7753078937530518,-0.04246857017278671,0.7122133374214172,0.7155861854553223,-0.04879695177078247,0.7401363849639893,0.669321596622467,-0.05307638272643089,0.656348466873169,0.7070998549461365,-0.008245911449193954,0.6389492750167847,0.6254081130027771,-0.017600882798433304,0.6304585337638855,0.5781060457229614,-0.02405932918190956,0.6237759590148926,0.5378220677375793,-0.027784304693341255,0.6925440430641174,0.6987655758857727,-0.0008968509500846267,0.6980118155479431,0.612490177154541,-0.012652711942791939,0.7034931778907776,0.5604299306869507,-0.022107060998678207,0.7096150517463684,0.5203167796134949,-0.02580789476633072,0.7245237827301025,0.713255763053894,0.0010400332976132631,0.7309502959251404,0.6777653694152832,-0.026616716757416725,0.7260575890541077,0.7291319370269775,-0.03777513653039932,0.7244004607200623,0.764189600944519,-0.03542451187968254,0.7505285143852234,0.7346326112747192,0.0008132807561196387,0.7499383687973022,0.6980970501899719,-0.022021189332008362,0.7419494390487671,0.7339792847633362,-0.026204951107501984,0.7384092807769775,0.7608426809310913,-0.023375604301691055,PEACE
0.7340744137763977,0.8906356692314148,6.353051844598667e-07,0.6965467929840088,0.8479127287864685,-0.032974954694509506,0.6827678680419922,0.7776119709014893,-0.04239585995674133,0.7127413153648376,0.7171962261199951,-0.04967328533530235,0.7396767139434814,0.6704246401786804,-0.05513133108615875,0.657074511051178,0.7072464823722839,-0.010372353717684746,0.6399922370910645,0.6254969239234924,-0.021567242220044136,0.6315792202949524,0.5782870650291443,-0.028903070837259293,0.6247482895851135,0.5385581254959106,-0.033020056784152985,0.693612277507782,0.700020968914032,-0.004381674341857433,0.6991916298866272,0.6125936508178711,-0.017861338332295418,0.7047253251075745,0.5606340765953064,-0.02812105230987072,0.7107749581336975,0.5202644467353821,-0.032237645238637924,0.7259919047355652,0.7153774499893188,-0.003468392649665475,0.7338048219680786,0.6802621483802795,-0.03187652304768562,0.7273458242416382,0.7300443649291992,-0.04256671294569969,0.724273145198822,0.7636070251464844,-0.04006959870457649,0.7512734532356262,0.7390384078025818,-0.0046133785508573055,0.7490230798721313,0.7071495056152344,-0.027493512257933617,0.7407411336898804,0.7451565265655518,-0.030452841892838478,0.7374417185783386,0.7727422118186951,-0.02674896828830242,PEACE
0.7351741790771484,0.8922985792160034,6.543897939081944e-07,0.698059618473053,0.8473051190376282,-0.03655136004090309,0.6842933893203735,0.7784020900726318,-0.045982539653778076,0.7144498825073242,0.7174547910690308,-0.05248194560408592,0.7413620948791504,0.6701179146766663,-0.056671157479286194,0.6577036380767822,0.707163393497467,-0.008216934278607368,0.6400451064109802,0.6255195736885071,-0.017430881038308144,0.631736159324646,0.5782762169837952,-0.02430635876953602,0.6255455613136292,0.5385699272155762,-0.0283662062138319,0.6948504447937012,0.7000678181648254,0.0005808785790577531,0.6993262767791748,0.6145873665809631,-0.011296333745121956,0.7048611044883728,0.5611385703086853,-0.022547079250216484,0.7112849950790405,0.5205016136169434,-0.027752190828323364,0.7270786762237549,0.715179979801178,0.003652528626844287,0.7388617396354675,0.6760110259056091,-0.02515462413430214,0.7363053560256958,0.7232272624969482,-0.03940696641802788,0.7354904413223267,0.7593244314193726,-0.03904445096850395,0.752298891544342,0.737393856048584,0.004528174642473459,0.7553243041038513,0.7026312947273254,-0.019853180274367332,0.750379204750061,0.7368701696395874,-0.02623819001019001,0.7486052513122559,0.765267550945282,-0.0247016754001379,PEACE
0.7340953946113586,0.8905794620513916,6.411480626411503e-07,0.695684552192688,0.84660804271698,-0.03103344328701496,0.680371105670929,0.7758452296257019,-0.03969748318195343,0.7112359404563904,0.7151855230331421,-0.046732980757951736,0.7392160296440125,0.6698455214500427,-0.052114807069301605,0.6566510200500488,0.7074893712997437,-0.009408721700310707,0.6383836269378662,0.625243604183197,-0.020075136795639992,0.6297898292541504,0.5772780179977417,-0.02676558680832386,0.622860848903656,0.5376084446907043,-0.030373863875865936,0.6934337615966797,0.7007392644882202,-0.004203177522867918,0.6982013583183289,0.6121746301651001,-0.01695353351533413,0.7036339640617371,0.5600320100784302,-0.026178652420639992,0.7096087336540222,0.5203705430030823,-0.0294335950165987,0.7260993719100952,0.7168785333633423,-0.00392029108479619,0.7302640676498413,0.6823698282241821,-0.0316753089427948,0.7239599823951721,0.7325364947319031,-0.041524242609739304,0.7215681076049805,0.7661647200584412,-0.038350727409124374,0.7520444989204407,0.7413183450698853,-0.005559241399168968,0.7479641437530518,0.7077965140342712,-0.02794312685728073,0.7385560870170593,0.7448974251747131,-0.030474616214632988,0.734809935092926,0.7723456621170044,-0.02640686184167862,PEACE
0.7345467209815979,0.892985463142395,6.44172644115315e-07,0.6967427134513855,0.8466838598251343,-0.03451324999332428,0.684195876121521,0.7776952385902405,-0.043506696820259094,0.7143560647964478,0.7179491519927979,-0.04996271803975105,0.7408368587493896,0.671416163444519,-0.05414341762661934,0.6579164862632751,0.7087474465370178,-0.008318843320012093,0.6403297185897827,0.6271120309829712,-0.018200773745775223,0.6315668821334839,0.5798043012619019,-0.02502230927348137,0.6250354647636414,0.5392252206802368,-0.02892717719078064,0.6943196654319763,0.7019367218017578,-0.0009096587309613824,0.6991125345230103,0.6168399453163147,-0.013616909272968769,0.7043615579605103,0.5632532238960266,-0.024177519604563713,0.7107623219490051,0.5216085910797119,-0.02867831289768219,0.7266222238540649,0.7171459197998047,0.000995813636109233,0.7372915148735046,0.6806890964508057,-0.02759074606001377,0.7327396273612976,0.7292277216911316,-0.039561934769153595,0.7306386232376099,0.7637089490890503,-0.03771892562508583,0.7519090175628662,0.7394636273384094,0.000698518066201359,0.7540152072906494,0.7059850692749023,-0.02275654673576355,0.7474412322044373,0.7425926923751831,-0.02719542197883129,0.7446960806846619,0.7707717418670654,-0.02443493902683258,PEACE
0.7337002754211426,0.8915449976921082,6.504401426354889e-07,0.6960595846176147,0.8458231687545776,-0.02855422906577587,0.682111382484436,0.7753252387046814,-0.03646303340792656,0.7140968441963196,0.7139655947685242,-0.043406952172517776,0.7427199482917786,0.6693617701530457,-0.04883730411529541,0.6561607718467712,0.7079318761825562,-0.004785152152180672,0.6394035816192627,0.6264550685882568,-0.015774352476000786,0.6314387321472168,0.5786922574043274,-0.02345576137304306,0.6250876784324646,0.538986325263977,-0.027768531814217567,0.6926149129867554,0.702224850654602,-0.0011012720642611384,0.6979578137397766,0.6139019727706909,-0.014849730767309666,0.7037314772605896,0.5612601041793823,-0.025738010182976723,0.7104834914207458,0.521221935749054,-0.029963547363877296,0.7256426215171814,0.7188692092895508,-0.0021738584619015455,0.733192503452301,0.6852902173995972,-0.030513785779476166,0.7286090850830078,0.7357975244522095,-0.04002775624394417,0.7274308204650879,0.7701389789581299,-0.03642316535115242,0.7519627809524536,0.7440709471702576,-0.005000969860702753,0.7504595518112183,0.7136238813400269,-0.027094585821032524,0.7434120178222656,0.7531641721725464,-0.028181545436382294,0.7418464422225952,0.7813153266906738,-0.02292589470744133,PEACE
0.7350225448608398,0.8922271132469177,6.464667308136995e-07,0.6980732679367065,0.8485346436500549,-0.03343598544597626,0.6845749616622925,0.7797178626060486,-0.04294123873114586,0.7133622765541077,0.7183200716972351,-0.050387777388095856,0.7391945719718933,0.670524001121521,-0.055750105530023575,0.6578341722488403,0.7083780169487,-0.009054873138666153,0.6405705213546753,0.6265227794647217,-0.019435979425907135,0.6324460506439209,0.5793935060501099,-0.025918424129486084,0.6257326006889343,0.5392361283302307,-0.029356110841035843,0.6939783692359924,0.7016581296920776,-0.0026697597932070494,0.698962926864624,0.614583432674408,-0.016077324748039246,0.7050812244415283,0.5615788698196411,-0.02626148983836174,0.7115752696990967,0.5212273597717285,-0.030064566060900688,0.7263365387916565,0.7173413038253784,-0.001509009045548737,0.7353711724281311,0.6819642782211304,-0.030856596305966377,0.7324600219726562,0.730925977230072,-0.04200175777077675,0.731852650642395,0.765754759311676,-0.0391266755759716,0.7517247796058655,0.7403759956359863,-0.0023719496093690395,0.7525924444198608,0.7052127718925476,-0.02588495798408985,0.7472259998321533,0.7406386137008667,-0.029224412515759468,0.7457661032676697,0.7682884335517883,-0.0253644660115242,PEACE
0.7351357340812683,0.8902738094329834,6.616085670430039e-07,0.6964160799980164,0.8436996936798096,-0.032039713114500046,0.6820505857467651,0.775564968585968,-0.04155777022242546,0.7126598954200745,0.7162728905677795,-0.049451202154159546,0.7397409677505493,0.6696921586990356,-0.055433984845876694,0.656370997428894,0.706852376461029,-0.008085566572844982,0.6387374997138977,0.6250339150428772,-0.01894340105354786,0.6303631067276001,0.5780553817749023,-0.026405654847621918,0.6240845322608948,0.5385482907295227,-0.030741224065423012,0.6932204365730286,0.6992498636245728,-0.0026023206301033497,0.6975986361503601,0.6119700074195862,-0.016125520691275597,0.7029557824134827,0.5598777532577515,-0.02716021239757538,0.7094003558158875,0.5200983881950378,-0.031878579407930374,0.7261487245559692,0.7150411009788513,-0.0022451533004641533,0.733240008354187,0.6801533699035645,-0.030500417575240135,0.7281463742256165,0.7312366962432861,-0.04129677265882492,0.7263652086257935,0.7667369842529297,-0.03885394334793091,0.7523403763771057,0.7389619946479797,-0.003971238620579243,0.7524142265319824,0.7059810757637024,-0.026510370895266533,0.74402916431427,0.7421069741249084,-0.029863281175494194,0.7400157451629639,0.7691490650177002,-0.02654377929866314,PEACE
0.7341431975364685,0.889397919178009,6.386292170645902e-07,0.6970223188400269,0.8438205122947693,-0.032074715942144394,0.6845405101776123,0.7743927240371704,-0.04084298014640808,0.7156040668487549,0.7149124145507812,-0.0478203147649765,0.7419649362564087,0.6689659357070923,-0.05320216342806816,0.6572423577308655,0.7072399854660034,-0.007527164649218321,0.6394429802894592,0.6263185739517212,-0.017644161358475685,0.6311624050140381,0.5793530941009521,-0.024920551106333733,0.6246442794799805,0.5394560098648071,-0.02907594107091427,0.6937398910522461,0.7004551887512207,-0.0015622160863131285,0.6979262828826904,0.6132813096046448,-0.013575305230915546,0.7035912275314331,0.5605697631835938,-0.02437083050608635,0.7100300788879395,0.5193151235580444,-0.0291880015283823,0.7260733842849731,0.715886116027832,-0.0007540261140093207,0.7346047759056091,0.6800484657287598,-0.02836385928094387,0.7317314147949219,0.7281897068023682,-0.04051338508725166,0.7310948967933655,0.7626031041145325,-0.039110541343688965,0.7516221404075623,0.7395468354225159,-0.0018616948509588838,0.7515757083892822,0.7029885649681091,-0.02344602905213833,0.7455635666847229,0.7392039895057678,-0.026687346398830414,0.7436199188232422,0.7679084539413452,-0.023508157581090927,PEACE
0.7341871857643127,0.892223596572876,6.452020784308843e-07,0.6949948668479919,0.8467778563499451,-0.030322235077619553,0.6809313893318176,0.7762265205383301,-0.03953385353088379,0.7128763794898987,0.7149001955986023,-0.04734620079398155,0.741439700126648,0.6686669588088989,-0.053839679807424545,0.6564987301826477,0.7103850245475769,-0.009485648013651371,0.638237714767456,0.6277973651885986,-0.02149725705385208,0.6298770308494568,0.5790906548500061,-0.0295798908919096,0.6232524514198303,0.5392110347747803,-0.03406044840812683,0.6931856870651245,0.7030583024024963,-0.00497096311300993,0.6979951858520508,0.6121953129768372,-0.018605990335345268,0.7024651765823364,0.5602719783782959,-0.028715291991829872,0.7074759602546692,0.5211524367332458,-0.03246963769197464,0.7262953519821167,0.7191431522369385,-0.005213905591517687,0.7301301956176758,0.6811461448669434,-0.033218882977962494,0.7236348390579224,0.7301426529884338,-0.042856212705373764,0.7216269969940186,0.7636168003082275,-0.039579518139362335,0.7525355219841003,0.7446821331977844,-0.007272395305335522,0.7478882074356079,0.7089154124259949,-0.02951381914317608,0.7381410002708435,0.7459908127784729,-0.031165344640612602,0.7346855401992798,0.7739587426185608,-0.02637641131877899,PEACE
0.7346604466438293,0.8889411687850952,6.584318157365487e-07,0.6961249113082886,0.842879593372345,-0.033918652683496475,0.681433916091919,0.7763665914535522,-0.04382449388504028,0.7129186391830444,0.7168689370155334,-0.0514279343187809,0.7408983111381531,0.6704801321029663,-0.05703345313668251,0.6565516591072083,0.7078518271446228,-0.009907191619277,0.6386275291442871,0.6269016861915588,-0.020492395386099815,0.630590558052063,0.5798230171203613,-0.027623837813735008,0.6242241859436035,0.5401259064674377,-0.03155692294239998,0.6936341524124146,0.701427698135376,-0.002794363535940647,0.6982425451278687,0.6150476932525635,-0.015451819635927677,0.7031347155570984,0.5623565912246704,-0.025529708713293076,0.7086918354034424,0.5222583413124084,-0.029518460854887962,0.7265743613243103,0.7173757553100586,-0.0009985796641558409,0.7338801622390747,0.6842895746231079,-0.02890840731561184,0.7283399701118469,0.7317865490913391,-0.04055783152580261,0.7261514663696289,0.7642285227775574,-0.03858175501227379,0.7523754835128784,0.7411434054374695,-0.001294300309382379,0.7524674534797668,0.7093329429626465,-0.023302165791392326,0.7437059879302979,0.744743824005127,-0.027059782296419144,0.7396661639213562,0.7708556652069092,-0.024000555276870728,PEACE
0.7345874905586243,0.893000602722168,6.423658192034054e-07,0.6964209079742432,0.8480256795883179,-0.029738083481788635,0.6827029585838318,0.7778639197349548,-0.03849378228187561,0.7138724327087402,0.717059314250946,-0.046044833958148956,0.7412768006324768,0.6701075434684753,-0.052103642374277115,0.6564977765083313,0.7098054885864258,-0.006922249216586351,0.6390789747238159,0.628239095211029,-0.018514201045036316,0.6306001543998718,0.5806944966316223,-0.02622966840863228,0.6243124008178711,0.5414097905158997,-0.030451875180006027,0.6933872103691101,0.7038995623588562,-0.002898963401094079,0.6979336142539978,0.615016758441925,-0.017295587807893753,0.702812135219574,0.5629141926765442,-0.028598496690392494,0.7090659737586975,0.5223997235298157,-0.03310073912143707,0.7270585298538208,0.7205779552459717,-0.003587281098589301,0.7349107265472412,0.6842531561851501,-0.03240964561700821,0.7291430234909058,0.7342947721481323,-0.04217506945133209,0.7273853421211243,0.7681095600128174,-0.038767389953136444,0.7533509731292725,0.7465704083442688,-0.0060156104154884815,0.7506883144378662,0.7138052582740784,-0.02848813682794571,0.7427599430084229,0.752029538154602,-0.029714856296777725,0.7405507564544678,0.7793817520141602,-0.02448864094913006,PEACE
0.7363238334655762,0.8937116861343384,6.56824738598516e-07,0.698693037033081,0.8455702662467957,-0.03413105756044388,0.6850703358650208,0.776289701461792,-0.042478710412979126,0.7157489061355591,0.7150906920433044,-0.0484512597322464,0.7425426244735718,0.6675697565078735,-0.052170079201459885,0.6572862863540649,0.710853099822998,-0.0066797309555113316,0.6398234963417053,0.6286133527755737,-0.016277244314551353,0.6315182447433472,0.5812065005302429,-0.022726092487573624,0.6249964237213135,0.5403512716293335,-0.026129785925149918,0.6940098404884338,0.7037895321846008,0.0009306855499744415,0.6989734768867493,0.6179333329200745,-0.01206060778349638,0.7037296891212463,0.5641890168190002,-0.022625861689448357,0.7096027135848999,0.5223550796508789,-0.02665466070175171,0.7269729375839233,0.7183895111083984,0.0030067493207752705,0.7368960380554199,0.6842160820960999,-0.02643202431499958,0.7332264184951782,0.7348362803459167,-0.03828009217977524,0.7320894002914429,0.7692567706108093,-0.035633478313684464,0.7530099749565125,0.7400097250938416,0.0030056664254516363,0.755116879940033,0.7073492407798767,-0.02042129449546337,0.7482163310050964,0.7456814050674438,-0.0243513323366642,0.7451462149620056,0.7737926840782166,-0.020885758101940155,PEACE
0.7373278141021729,0.8958593606948853,6.506979843834415e-07,0.6989490985870361,0.850553035736084,-0.030476251617074013,0.6845147609710693,0.7810343503952026,-0.038919735699892044,0.7154080271720886,0.719333827495575,-0.04616696015000343,0.7423228025436401,0.6721549034118652,-0.051809877157211304,0.6567884683609009,0.7115330100059509,-0.004922127816826105,0.6392844915390015,0.6302269101142883,-0.016004325821995735,0.6313393712043762,0.5825686454772949,-0.023834845051169395,0.6250181794166565,0.5427401065826416,-0.028169043362140656,0.6936518549919128,0.7048425674438477,-0.0002592898381408304,0.6978117823600769,0.6173843145370483,-0.014009143225848675,0.7031776309013367,0.5647122859954834,-0.024873927235603333,0.7090700268745422,0.5232925415039062,-0.029113348573446274,0.7269222140312195,0.720874011516571,-0.0007613673224113882,0.7347842454910278,0.6855441927909851,-0.030068453401327133,0.7310522794723511,0.736812174320221,-0.040556684136390686,0.7298478484153748,0.7719550728797913,-0.03731442242860794,0.7530094981193542,0.7456527352333069,-0.0030805652495473623,0.75193190574646,0.711430013179779,-0.026227938011288643,0.7444332838058472,0.7504180669784546,-0.02828143909573555,0.7412598133087158,0.7790502309799194,-0.023563681170344353,PEACE
0.7380177974700928,0.8968572020530701,6.562388534803176e-07,0.6995261907577515,0.8516129851341248,-0.0347900316119194,0.6849305629730225,0.7823505997657776,-0.043950267136096954,0.7148652672767639,0.7210720777511597,-0.050562769174575806,0.7407965660095215,0.670947790145874,-0.055146485567092896,0.6578859686851501,0.7118065357208252,-0.008801803924143314,0.6402997374534607,0.6303954720497131,-0.01883114129304886,0.632236897945404,0.5829055309295654,-0.025534117594361305,0.6260986328125,0.5423327684402466,-0.02914089523255825,0.6946628093719482,0.7052521705627441,-0.0016473470022901893,0.6992624402046204,0.6179476380348206,-0.014297905378043652,0.7040653228759766,0.5643396377563477,-0.024515243247151375,0.710146427154541,0.5229704976081848,-0.028428655117750168,0.7275586724281311,0.7212083339691162,-4.2565898183966056e-05,0.7364362478256226,0.6868219375610352,-0.02942732535302639,0.7325510382652283,0.737809419631958,-0.04141131788492203,0.7310664653778076,0.7712365984916687,-0.03910393640398979,0.7532877922058105,0.744647204875946,-0.000501007423736155,0.753649890422821,0.710421621799469,-0.024126043543219566,0.7473705410957336,0.7487545609474182,-0.027893392369151115,0.7451901435852051,0.7758588790893555,-0.024478545412421227,PEACE
0.7375561594963074,0.8955584764480591,6.35265053006151e-07,0.700502336025238,0.8516653180122375,-0.032104864716529846,0.686213493347168,0.7812463641166687,-0.03977410867810249,0.7160863280296326,0.7194905281066895,-0.04539063200354576,0.7424412965774536,0.6714072227478027,-0.04892534017562866,0.6579380035400391,0.7126136422157288,-0.006333869881927967,0.6402212977409363,0.6291382908821106,-0.015476459637284279,0.6322742104530334,0.5823088884353638,-0.02125200629234314,0.6262540221214294,0.5426253080368042,-0.024223532527685165,0.6942123770713806,0.7044692635536194,4.2436494140929426e-07,0.6983192563056946,0.6167744994163513,-0.012556570582091808,0.7032796740531921,0.5639992952346802,-0.022851059213280678,0.7088824510574341,0.5234564542770386,-0.026832101866602898,0.7265738844871521,0.718381941318512,0.001096308114938438,0.7344440221786499,0.6830160617828369,-0.028305822983384132,0.7322471141815186,0.7354118227958679,-0.04033985361456871,0.731742262840271,0.7718449234962463,-0.03811950236558914,0.75243079662323,0.7394096255302429,0.00035684247268363833,0.7531437277793884,0.7056840658187866,-0.02402147650718689,0.7471848130226135,0.7447149753570557,-0.02844739705324173,0.7443617582321167,0.7740928530693054,-0.025427522137761116,PEACE
0.7374210953712463,0.8958994150161743,6.299304118329019e-07,0.699977457523346,0.8509174585342407,-0.03111143596470356,0.6859222054481506,0.7806360125541687,-0.03948207199573517,0.7164361476898193,0.7193365693092346,-0.04597627744078636,0.7432467937469482,0.671582818031311,-0.05061595141887665,0.6587856411933899,0.7126704454421997,-0.008348355069756508,0.6409205198287964,0.6305187940597534,-0.01892864890396595,0.6331732869148254,0.5827383995056152,-0.025499122217297554,0.627003014087677,0.5423452258110046,-0.02884089946746826,0.69517582654953,0.7057265043258667,-0.003070227801799774,0.7003147602081299,0.6156978607177734,-0.016345350071787834,0.7051630020141602,0.5635139346122742,-0.02605387382209301,0.7105358242988586,0.5229284763336182,-0.029324814677238464,0.7281247973442078,0.7210395336151123,-0.0028023829218000174,0.737539529800415,0.6881303787231445,-0.03150944411754608,0.7335262298583984,0.7373551726341248,-0.041871193796396255,0.7315766215324402,0.7676007747650146,-0.03870513662695885,0.7546091675758362,0.7445945739746094,-0.004349477589130402,0.7564671039581299,0.7101457715034485,-0.026331136003136635,0.7496072053909302,0.747699499130249,-0.028309158980846405,0.7460495233535767,0.7726421356201172,-0.023961737751960754,PEACE
0.7371545433998108,0.8938751220703125,6.429640393434966e-07,0.6994244456291199,0.8502185344696045,-0.030848221853375435,0.6836379766464233,0.7814167737960815,-0.039622996002435684,0.7157043814659119,0.72001713514328,-0.046827010810375214,0.7440731525421143,0.6738592982292175,-0.05244511365890503,0.657927393913269,0.7121764421463013,-0.009096031077206135,0.6406999230384827,0.630249559879303,-0.02018231712281704,0.6330140233039856,0.5828142762184143,-0.027130093425512314,0.6267290711402893,0.5429469347000122,-0.030695181339979172,0.6941548585891724,0.7049789428710938,-0.004179635550826788,0.6996071934700012,0.6155496835708618,-0.017913436517119408,0.704230546951294,0.5633082985877991,-0.02739604562520981,0.7092362642288208,0.5239043831825256,-0.030353818088769913,0.7270492315292358,0.7203271985054016,-0.004250630270689726,0.7348618507385254,0.6885214447975159,-0.033548563718795776,0.7307214140892029,0.7392937541007996,-0.04367829114198685,0.7287948727607727,0.7713904976844788,-0.0400565005838871,0.7535533308982849,0.7440041303634644,-0.006118287798017263,0.7539780735969543,0.7098280191421509,-0.029014503583312035,0.7455397248268127,0.7484807372093201,-0.03110666014254093,0.7410184741020203,0.7750890254974365,-0.02654092013835907,PEACE
0.7379598617553711,0.8942286968231201,6.271894221754337e-07,0.6997644901275635,0.8515177369117737,-0.03254830464720726,0.6851030588150024,0.7827001214027405,-0.04222813621163368,0.7158451080322266,0.7222855091094971,-0.049844320863485336,0.7431798577308655,0.6743773221969604,-0.055766910314559937,0.6595702767372131,0.7114202380180359,-0.011263505555689335,0.6421464085578918,0.6288730502128601,-0.02209031581878662,0.6342711448669434,0.5816789865493774,-0.0288943313062191,0.6282393932342529,0.5419825315475464,-0.03264836221933365,0.696857213973999,0.7035902738571167,-0.005662629846483469,0.7013914585113525,0.6154752969741821,-0.018173886463046074,0.7065262198448181,0.5641003251075745,-0.02801911160349846,0.7123516201972961,0.5240656733512878,-0.032018862664699554,0.7303863763809204,0.7189614176750183,-0.005066020414233208,0.7397161722183228,0.6853621602058411,-0.03316471725702286,0.7362928986549377,0.7326467037200928,-0.04448045417666435,0.7353076934814453,0.7636489868164062,-0.04257490485906601,0.7569347023963928,0.7436850070953369,-0.006401726510375738,0.7585063576698303,0.7084144949913025,-0.02904159389436245,0.7519087791442871,0.7442948222160339,-0.0323302298784256,0.7488849759101868,0.7706897854804993,-0.02906765416264534,PEACE
0.7374975085258484,0.8958978652954102,6.208343847902142e-07,0.699788510799408,0.8528153896331787,-0.029910054057836533,0.6854768991470337,0.7832253575325012,-0.039232995361089706,0.7165886759757996,0.7209060788154602,-0.04737388715147972,0.7439140677452087,0.6729886531829834,-0.05395020544528961,0.6585348844528198,0.7120941281318665,-0.00931788980960846,0.6412121057510376,0.629565954208374,-0.02156992256641388,0.6332904100418091,0.5811464190483093,-0.029296867549419403,0.6268530488014221,0.5414788722991943,-0.033433884382247925,0.69550621509552,0.703666090965271,-0.00560023495927453,0.6996753811836243,0.6146558523178101,-0.02022634819149971,0.7048515677452087,0.5632763504981995,-0.030415579676628113,0.7103903293609619,0.5245143175125122,-0.03396474942564964,0.7287701368331909,0.7191370725631714,-0.0066904365085065365,0.7347463965415955,0.6845153570175171,-0.03566645085811615,0.730608344078064,0.7340593338012695,-0.04476672038435936,0.7296609282493591,0.7670105695724487,-0.040839239954948425,0.7552750110626221,0.7444334626197815,-0.009641794487833977,0.754048764705658,0.7089273929595947,-0.0321415476500988,0.745968222618103,0.7447229623794556,-0.033561281859874725,0.7423675656318665,0.7708300948143005,-0.028585124760866165,PEACE
0.73862624168396,0.8975436687469482,6.575230031558021e-07,0.7024891376495361,0.8511949777603149,-0.03542868047952652,0.6892634034156799,0.7820794582366943,-0.04424716904759407,0.7181843519210815,0.7207908630371094,-0.050246383994817734,0.7442771792411804,0.6722113490104675,-0.05402505397796631,0.6587858200073242,0.7123235464096069,-0.008535456843674183,0.6421076059341431,0.6300712823867798,-0.018317200243473053,0.6342741847038269,0.582451343536377,-0.02475413866341114,0.6280532479286194,0.5425245761871338,-0.027948368340730667,0.6953583359718323,0.7054073214530945,-0.0002378317149123177,0.6999322772026062,0.6183706521987915,-0.012736511416733265,0.70478755235672,0.5649298429489136,-0.02246500737965107,0.7103816866874695,0.5243523120880127,-0.02577986754477024,0.7280562520027161,0.7209988236427307,0.0024411343038082123,0.7372708916664124,0.688225507736206,-0.0269663967192173,0.7345834970474243,0.7387755513191223,-0.03878995403647423,0.7340085506439209,0.772656261920929,-0.03609982132911682,0.7534187436103821,0.7442214488983154,0.003014366142451763,0.7551032304763794,0.7118052840232849,-0.02104240097105503,0.7485012412071228,0.7504786849021912,-0.025182824581861496,0.7456918358802795,0.7783247232437134,-0.021747462451457977,PEACE
0.736779510974884,0.8928567171096802,6.417192253138637e-07,0.6986842751502991,0.8466459512710571,-0.03200303763151169,0.6857827305793762,0.7757028937339783,-0.03952140733599663,0.7179765105247498,0.7156496644020081,-0.044827330857515335,0.7454943656921387,0.6706210374832153,-0.04829120263457298,0.6598408222198486,0.7092900276184082,-0.006273789796978235,0.6423879861831665,0.6277179718017578,-0.014619727618992329,0.634182870388031,0.5808351039886475,-0.01994718238711357,0.6275820136070251,0.5414016246795654,-0.02261778712272644,0.696492612361908,0.7033315300941467,0.0005281377234496176,0.7006334662437439,0.6153679490089417,-0.009900660254061222,0.7049849629402161,0.5628758668899536,-0.018328724429011345,0.7104382514953613,0.5232446789741516,-0.021117810159921646,0.7295204997062683,0.719798743724823,0.0020927933510392904,0.7389036417007446,0.6858819127082825,-0.02441771700978279,0.7335983514785767,0.7367676496505737,-0.0348057746887207,0.7305416464805603,0.7696351408958435,-0.032087504863739014,0.7554788589477539,0.7433829307556152,0.0017203808529302478,0.7551993131637573,0.7138543725013733,-0.019993672147393227,0.7470924258232117,0.7544795870780945,-0.02289608307182789,0.7430367469787598,0.7815994620323181,-0.01925308257341385,PEACE
0.7382614016532898,0.8964019417762756,6.489460133707325e-07,0.7007086873054504,0.8519034385681152,-0.03332880511879921,0.686033308506012,0.7829695343971252,-0.042098648846149445,0.7165093421936035,0.7213850617408752,-0.04882342368364334,0.7432737350463867,0.6724997162818909,-0.05367523059248924,0.65827476978302,0.712684154510498,-0.006750941276550293,0.6413338780403137,0.6308178901672363,-0.017368199303746223,0.63333660364151,0.5821493864059448,-0.025110790506005287,0.626973032951355,0.5413060188293457,-0.0296366885304451,0.6945034861564636,0.7054124474525452,-0.00047131936298683286,0.6993080377578735,0.617578387260437,-0.013693560846149921,0.7044774889945984,0.5647106766700745,-0.024428706616163254,0.7103642821311951,0.523775577545166,-0.028787435963749886,0.7273303270339966,0.7212244272232056,0.0003659710637293756,0.7366371750831604,0.6846917867660522,-0.028684385120868683,0.7333459258079529,0.7358967065811157,-0.03907184302806854,0.7321538925170898,0.7700979709625244,-0.035959649831056595,0.7538363933563232,0.7454133033752441,-0.0009052660316228867,0.754472017288208,0.7093465924263,-0.024447789415717125,0.7486908435821533,0.7484094500541687,-0.026987502351403236,0.7466874718666077,0.7763615846633911,-0.022731149569153786,PEACE
0.7376216650009155,0.8933132886886597,6.445921485465078e-07,0.7008989453315735,0.8485660552978516,-0.031680312007665634,0.6868869662284851,0.7794323563575745,-0.04000973701477051,0.7170761227607727,0.7180642485618591,-0.046292003244161606,0.7439536452293396,0.6709995865821838,-0.05067530274391174,0.6591389775276184,0.7119733095169067,-0.007674727588891983,0.6419631242752075,0.6301741600036621,-0.01726706512272358,0.6342185139656067,0.582882285118103,-0.023326879367232323,0.6279093027114868,0.543427586555481,-0.026444127783179283,0.6955121159553528,0.704894483089447,-0.0016320958966389298,0.700161874294281,0.6168445348739624,-0.013565381988883018,0.7045664191246033,0.5639455318450928,-0.022595040500164032,0.7096361517906189,0.5236279964447021,-0.02565491572022438,0.7285232543945312,0.7203267216682434,-0.0006752447225153446,0.7348327040672302,0.6880316138267517,-0.028186198323965073,0.7300407290458679,0.7372784614562988,-0.0382101871073246,0.7282642722129822,0.7686916589736938,-0.0351097472012043,0.754898726940155,0.743670642375946,-0.0016272133216261864,0.7533411383628845,0.7125211954116821,-0.02362680248916149,0.7459285259246826,0.7510271072387695,-0.02584853768348694,0.7433461546897888,0.7769474983215332,-0.021616892889142036,PEACE
0.7402059435844421,0.8965240120887756,6.621264105888258e-07,0.7014542818069458,0.8519971370697021,-0.03486748784780502,0.6862636804580688,0.7836709022521973,-0.04403938353061676,0.716654360294342,0.7221349477767944,-0.05069904029369354,0.74266517162323,0.6718868017196655,-0.05514511466026306,0.6580998301506042,0.7132160663604736,-0.007163286674767733,0.641248345375061,0.632071852684021,-0.017422694712877274,0.6335732936859131,0.5843868851661682,-0.02460958994925022,0.6278620958328247,0.5441039204597473,-0.028458433225750923,0.6948040127754211,0.7055915594100952,0.0004740527074318379,0.6992605924606323,0.6196343898773193,-0.01282474584877491,0.7032089829444885,0.5668835639953613,-0.023375559598207474,0.7082290649414062,0.5262234210968018,-0.02723713591694832,0.7278035879135132,0.7201374769210815,0.0025075788144022226,0.7387974262237549,0.685694694519043,-0.026789451017975807,0.7346593737602234,0.7372139692306519,-0.037578605115413666,0.7321324348449707,0.7711020112037659,-0.03432983160018921,0.7540908455848694,0.7428482174873352,0.00238440977409482,0.7573205232620239,0.7102416753768921,-0.020732499659061432,0.7501493096351624,0.7497999668121338,-0.023548118770122528,0.74599689245224,0.7769190669059753,-0.019269511103630066,PEACE
0.7408862113952637,0.8958284854888916,6.480857450696931e-07,0.7015477418899536,0.8496796488761902,-0.032177213579416275,0.6854078769683838,0.7793081998825073,-0.03973899409174919,0.7176351547241211,0.7161493897438049,-0.0452488511800766,0.7460685968399048,0.6692602634429932,-0.04899989813566208,0.6590617895126343,0.7135882377624512,-0.005349583923816681,0.6421444416046143,0.6312424540519714,-0.014520451426506042,0.6345416903495789,0.5840860605239868,-0.021076994016766548,0.6281465888023376,0.5442515015602112,-0.024719370529055595,0.695763885974884,0.7067306637763977,0.001412465120665729,0.6991159319877625,0.6185637712478638,-0.009879980236291885,0.7026470303535461,0.5654959678649902,-0.019325047731399536,0.7071500420570374,0.5255183577537537,-0.02294299378991127,0.7288262844085693,0.7217690944671631,0.002732693450525403,0.7367668151855469,0.6863582730293274,-0.025036336854100227,0.7330334782600403,0.7361838817596436,-0.036874108016490936,0.7316296100616455,0.7705388069152832,-0.034918010234832764,0.7553459405899048,0.7440260648727417,0.002107722917571664,0.7557682394981384,0.7118802666664124,-0.021213281899690628,0.7481592297554016,0.7515042424201965,-0.02559579350054264,0.744533896446228,0.7802684903144836,-0.02278544381260872,PEACE
0.7401301860809326,0.8945937156677246,6.169587436488655e-07,0.7006595730781555,0.849608302116394,-0.028251254931092262,0.6849005222320557,0.7790671586990356,-0.03568429872393608,0.7170625329017639,0.7188422083854675,-0.042099274694919586,0.7439191341400146,0.6730511784553528,-0.0470738559961319,0.6608445048332214,0.7124366164207458,-0.004552740138024092,0.6435998678207397,0.6311047077178955,-0.01411427278071642,0.6356173753738403,0.5843851566314697,-0.02064957097172737,0.6297494173049927,0.5447870492935181,-0.02453363686800003,0.6967687606811523,0.7065869569778442,-0.0009348741732537746,0.7000660300254822,0.6186522245407104,-0.013734310865402222,0.703955888748169,0.5663705468177795,-0.02426878549158573,0.7097064852714539,0.524931788444519,-0.028774971142411232,0.7298510074615479,0.722719132900238,-0.002073919167742133,0.74057936668396,0.6838692426681519,-0.030371543020009995,0.7362315654754639,0.7349036931991577,-0.040451548993587494,0.734500527381897,0.7695896625518799,-0.03765955567359924,0.7566704750061035,0.7473608255386353,-0.004827139899134636,0.7559515237808228,0.7148067355155945,-0.027935713529586792,0.7488349080085754,0.7547307014465332,-0.03024456836283207,0.7461262345314026,0.7829771637916565,-0.02615792118012905,PEACE
0.739221453666687,0.8958592414855957,6.341879839055764e-07,0.7006586790084839,0.8512988090515137,-0.03012750670313835,0.6857703328132629,0.7823176383972168,-0.03984304517507553,0.7162129878997803,0.7197665572166443,-0.048124101012945175,0.742686927318573,0.6707539558410645,-0.05483171343803406,0.6590825319290161,0.7129456996917725,-0.008860883302986622,0.6424014568328857,0.6320347785949707,-0.021304262802004814,0.6351882219314575,0.5846280455589294,-0.02975633181631565,0.6297823190689087,0.5450883507728577,-0.03450680524110794,0.6960508227348328,0.7064548134803772,-0.0047154794447124004,0.699569821357727,0.6178233623504639,-0.019598262384533882,0.7036930918693542,0.5664094686508179,-0.03076147846877575,0.7091861963272095,0.5264430046081543,-0.035226769745349884,0.7297378182411194,0.7229560017585754,-0.005253723356872797,0.73637455701828,0.6896426677703857,-0.0339689776301384,0.7303182482719421,0.7392479181289673,-0.04357684776186943,0.7284199595451355,0.7714433670043945,-0.040355995297431946,0.7565370202064514,0.7488335371017456,-0.007612102665007114,0.7533749938011169,0.7200660705566406,-0.030339566990733147,0.7445365190505981,0.758080780506134,-0.0322071872651577,0.7412141561508179,0.7837433815002441,-0.027599116787314415,PEACE
0.7391307353973389,0.8965068459510803,6.256716460484313e-07,0.702203631401062,0.8514202237129211,-0.030839167535305023,0.6882001757621765,0.7819662094116211,-0.03895992413163185,0.7181581854820251,0.720213770866394,-0.04507336765527725,0.7442996501922607,0.671955406665802,-0.049227405339479446,0.6604673862457275,0.7134671211242676,-0.0067819044925272465,0.6438851952552795,0.6324206590652466,-0.01660015620291233,0.6363993287086487,0.5854323506355286,-0.023114413022994995,0.6305603384971619,0.5454629063606262,-0.02670804038643837,0.6960778832435608,0.7066269516944885,-0.0012495304690673947,0.6996939778327942,0.619377076625824,-0.013080579228699207,0.7044130563735962,0.5671637058258057,-0.02209649235010147,0.7106726765632629,0.5267058610916138,-0.025307752192020416,0.7291052341461182,0.7220737934112549,-0.0007556352647952735,0.7398636937141418,0.6897429823875427,-0.027598952874541283,0.7353066802024841,0.7395251989364624,-0.03655320033431053,0.7338082790374756,0.7715182304382324,-0.03308457136154175,0.7555770874023438,0.7461620569229126,-0.0022751595824956894,0.7566543817520142,0.7180594801902771,-0.02419820800423622,0.7506646513938904,0.7580699920654297,-0.02601570449769497,0.7492817044258118,0.7843620181083679,-0.021541884168982506,PEACE
0.7395918369293213,0.8920876979827881,6.24900735601841e-07,0.7034094929695129,0.8486415147781372,-0.02955845557153225,0.6885031461715698,0.7814751267433167,-0.03887435793876648,0.7174731492996216,0.7199212908744812,-0.0467144250869751,0.7428372502326965,0.6717754006385803,-0.05265594273805618,0.6609781980514526,0.7117770910263062,-0.008365475572645664,0.6445215940475464,0.6311144828796387,-0.020438240841031075,0.6364495754241943,0.5841348171234131,-0.02811964973807335,0.630355715751648,0.5447137951850891,-0.0323479138314724,0.6970828175544739,0.7050105929374695,-0.004496328998357058,0.7007744908332825,0.617772102355957,-0.019987860694527626,0.7049485445022583,0.5660122632980347,-0.030948545783758163,0.7105855941772461,0.525788426399231,-0.03510355204343796,0.7303502559661865,0.7203143835067749,-0.005224741064012051,0.7398901581764221,0.6885970830917358,-0.03445998206734657,0.735196590423584,0.7399362921714783,-0.04248181730508804,0.733336329460144,0.7719334363937378,-0.03800840303301811,0.7570769190788269,0.7446842193603516,-0.007795886602252722,0.7567484974861145,0.7185736894607544,-0.030457688495516777,0.7507902383804321,0.759206235408783,-0.03099195845425129,0.7492027878761292,0.7845274209976196,-0.025436118245124817,PEACE
0.7408158779144287,0.8963027000427246,6.460752501880052e-07,0.7026535272598267,0.8519690036773682,-0.03134119510650635,0.6868254542350769,0.7838689684867859,-0.04057386517524719,0.7169846296310425,0.7229424715042114,-0.048124127089977264,0.7436140179634094,0.674237847328186,-0.053804632276296616,0.6603753566741943,0.7140289545059204,-0.007259616162627935,0.6444544792175293,0.6328946948051453,-0.019192447885870934,0.6365773677825928,0.585578203201294,-0.02712155319750309,0.6307747960090637,0.545539140701294,-0.03150758892297745,0.6961004137992859,0.7070891261100769,-0.002383302664384246,0.7006128430366516,0.6201040744781494,-0.01769038662314415,0.7045142650604248,0.5673445463180542,-0.02869526669383049,0.7102254033088684,0.5245175361633301,-0.032822709530591965,0.7293959856033325,0.7222669124603271,-0.0025819421280175447,0.7410910725593567,0.6872379779815674,-0.032465286552906036,0.7357975840568542,0.7412142753601074,-0.04105771705508232,0.7333765029907227,0.7749826908111572,-0.03653349354863167,0.7562943696975708,0.7459010481834412,-0.004774889443069696,0.7577903866767883,0.7155645489692688,-0.028415828943252563,0.7507708072662354,0.7567324042320251,-0.029671059921383858,0.7478547692298889,0.7828282713890076,-0.024282826110720634,PEACE
0.7410376667976379,0.8964080810546875,6.242944436962716e-07,0.7019796967506409,0.8512924909591675,-0.027480749413371086,0.6868067979812622,0.7822116613388062,-0.03686646372079849,0.7172267436981201,0.7213752865791321,-0.04558434337377548,0.7432727217674255,0.6743088364601135,-0.05284133553504944,0.6622073650360107,0.7144344449043274,-0.007832096889615059,0.6457935571670532,0.6338903903961182,-0.02095065824687481,0.6378762722015381,0.5867568850517273,-0.029765432700514793,0.6325359344482422,0.5470840334892273,-0.03481537848711014,0.6981562972068787,0.7082886695861816,-0.0058480314910411835,0.7012965679168701,0.6201273798942566,-0.021447354927659035,0.7044172286987305,0.5676282048225403,-0.033172886818647385,0.7100560069084167,0.5257930755615234,-0.03826087713241577,0.7318497896194458,0.724483847618103,-0.008266669698059559,0.7410293221473694,0.6877368092536926,-0.03671547770500183,0.7336628437042236,0.7376239895820618,-0.044970083981752396,0.730827808380127,0.7713349461555481,-0.04123520851135254,0.7589991092681885,0.7512611746788025,-0.012468496337532997,0.75825035572052,0.7226659655570984,-0.034392256289720535,0.7494751214981079,0.7608749866485596,-0.03481343388557434,0.746169924736023,0.78779536485672,-0.029428359121084213,PEACE
0.7396302223205566,0.893036425113678,6.295886123552918e-07,0.7025851011276245,0.8485844135284424,-0.029679954051971436,0.6882579326629639,0.7798864841461182,-0.038204025477170944,0.7196370363235474,0.7189432978630066,-0.04520053416490555,0.7465793490409851,0.672591507434845,-0.05047008395195007,0.6611213088035583,0.7131725549697876,-0.00758338300511241,0.6452128887176514,0.6309513449668884,-0.018527120351791382,0.6377750039100647,0.5835803151130676,-0.02606215514242649,0.6320654153823853,0.5437978506088257,-0.030375726521015167,0.6975148916244507,0.7060636281967163,-0.0032132435590028763,0.700526773929596,0.6183340549468994,-0.016492169350385666,0.704954981803894,0.5659780502319336,-0.02660750225186348,0.7111667394638062,0.5255306959152222,-0.03066869080066681,0.73089998960495,0.7209753394126892,-0.0036248937249183655,0.7407403588294983,0.6862695813179016,-0.030940724536776543,0.7373390793800354,0.7363726496696472,-0.03926902264356613,0.7363299131393433,0.769241988658905,-0.03549933061003685,0.757885217666626,0.7449601292610168,-0.005992881488054991,0.7598317265510559,0.7129331827163696,-0.027394529432058334,0.7537508010864258,0.752082347869873,-0.028104672208428383,0.7514428496360779,0.7792049646377563,-0.023049069568514824,PEACE
0.7405635118484497,0.8937274217605591,6.230972644516442e-07,0.7023991942405701,0.850156843662262,-0.030587399378418922,0.6867042779922485,0.78322833776474,-0.040181033313274384,0.7178769707679749,0.72129225730896,-0.048263609409332275,0.744365930557251,0.6731942296028137,-0.05479884147644043,0.6616267561912537,0.7138969302177429,-0.009564674459397793,0.6451025605201721,0.6327061653137207,-0.02239987812936306,0.6372643709182739,0.5850856304168701,-0.030553460121154785,0.6312985420227051,0.5456717610359192,-0.03485465794801712,0.6972569823265076,0.7070167064666748,-0.005323362536728382,0.7010099291801453,0.6195888519287109,-0.020987430587410927,0.7043274641036987,0.568047821521759,-0.03172192722558975,0.7093534469604492,0.5279687643051147,-0.0355403833091259,0.730275571346283,0.7227741479873657,-0.005876423325389624,0.7381129860877991,0.6912589073181152,-0.03581184893846512,0.7325435280799866,0.7408446073532104,-0.04492916166782379,0.7309883832931519,0.7710149884223938,-0.04096240922808647,0.7571967244148254,0.7483775019645691,-0.008268746547400951,0.7561947703361511,0.7198789119720459,-0.03198238089680672,0.7479070425033569,0.7595221400260925,-0.03346950560808182,0.7444655895233154,0.784727156162262,-0.028339087963104248,PEACE
0.7404031157493591,0.8946975469589233,6.286290954449214e-07,0.7030390501022339,0.8502445220947266,-0.02978854812681675,0.688761830329895,0.7811682224273682,-0.0387967973947525,0.71906977891922,0.7196458578109741,-0.046218015253543854,0.7456674575805664,0.6724502444267273,-0.051962271332740784,0.66213458776474,0.7131649851799011,-0.008858521468937397,0.6456179022789001,0.6317107677459717,-0.02047809585928917,0.6382579207420349,0.5842826962471008,-0.02785423770546913,0.6322255730628967,0.5447919368743896,-0.031735680997371674,0.6980456709861755,0.7066900134086609,-0.004650659393519163,0.7007613182067871,0.6180603504180908,-0.018516959622502327,0.7046903371810913,0.5664856433868408,-0.028292125090956688,0.7099741101264954,0.5266321301460266,-0.0316276028752327,0.7315295934677124,0.7227165102958679,-0.005100554786622524,0.740355372428894,0.6905779242515564,-0.032979097217321396,0.7354345321655273,0.7396696209907532,-0.041173048317432404,0.7338063716888428,0.7705658674240112,-0.036927368491888046,0.7583277821540833,0.7484926581382751,-0.007402851711958647,0.7583407163619995,0.7191102504730225,-0.02896982617676258,0.751265287399292,0.758265495300293,-0.029298072680830956,0.7487436532974243,0.7839537262916565,-0.023661652579903603,PEACE
0.7399441003799438,0.8963301181793213,6.275620876294852e-07,0.7021222114562988,0.850990355014801,-0.02848764881491661,0.6877467036247253,0.7802432179450989,-0.03614328056573868,0.7191755771636963,0.7186527252197266,-0.0425461083650589,0.745515763759613,0.6715131402015686,-0.047388315200805664,0.6610670685768127,0.7135624885559082,-0.005456727929413319,0.6449121236801147,0.632622480392456,-0.016313718631863594,0.6371577978134155,0.5851297378540039,-0.023682430386543274,0.6311688423156738,0.5455948114395142,-0.02790667675435543,0.6974442005157471,0.7063225507736206,-0.0019333981908857822,0.7003353238105774,0.6186714172363281,-0.01555034052580595,0.7040987610816956,0.5658968687057495,-0.02610003389418125,0.7100809812545776,0.5252842307090759,-0.030201345682144165,0.7309339046478271,0.722642183303833,-0.0031415908597409725,0.7394790053367615,0.6891946792602539,-0.031118473038077354,0.7349810600280762,0.7403269410133362,-0.03959899768233299,0.7338301539421082,0.7724918127059937,-0.035683564841747284,0.7578678727149963,0.7482216358184814,-0.006153625901788473,0.7571876049041748,0.7215020060539246,-0.02894238941371441,0.7506266832351685,0.761806070804596,-0.030171718448400497,0.7488692998886108,0.7868858575820923,-0.025119943544268608,PEACE
0.7396045327186584,0.8925099968910217,6.070756057852122e-07,0.7019094824790955,0.8476957082748413,-0.026572810485959053,0.6859768033027649,0.7779076099395752,-0.0349593311548233,0.7166135907173157,0.7162339091300964,-0.04243782162666321,0.7439096570014954,0.6706261038780212,-0.048569850623607635,0.6607497930526733,0.7127193808555603,-0.008266126736998558,0.6448861360549927,0.6314898729324341,-0.02070322073996067,0.6377317309379578,0.5842639207839966,-0.02861213870346546,0.6318873763084412,0.5448527336120605,-0.03292744606733322,0.6969800591468811,0.7059253454208374,-0.005933606997132301,0.7007602453231812,0.6172400712966919,-0.0207330584526062,0.7050169706344604,0.5659351348876953,-0.03095773421227932,0.7105457186698914,0.5262072086334229,-0.03463175892829895,0.7307382822036743,0.7211026549339294,-0.007828031666576862,0.7387755513191223,0.6897498965263367,-0.035870980471372604,0.7328293919563293,0.7403239607810974,-0.04362538829445839,0.7306991815567017,0.7723264694213867,-0.03931103274226189,0.7580766677856445,0.7462721467018127,-0.011332246474921703,0.7565867304801941,0.722150444984436,-0.03307485580444336,0.7483313679695129,0.7624730467796326,-0.03328244388103485,0.7456234097480774,0.7882742881774902,-0.027666402980685234,PEACE
0.7389805316925049,0.892777681350708,6.286594498305931e-07,0.7020912170410156,0.8467925190925598,-0.029048502445220947,0.6891326904296875,0.7788434624671936,-0.03844950720667839,0.7173125743865967,0.7182601094245911,-0.046654608100652695,0.7423399090766907,0.6708742380142212,-0.05308343470096588,0.6607338786125183,0.7115541696548462,-0.007983005605638027,0.6451216340065002,0.6313255429267883,-0.020396079868078232,0.637880265712738,0.5847175717353821,-0.028590621426701546,0.6323103308677673,0.5455232262611389,-0.03312337026000023,0.6973442435264587,0.7049911618232727,-0.004679737146943808,0.700499415397644,0.6175657510757446,-0.019670257344841957,0.7047175765037537,0.5653539896011353,-0.030756346881389618,0.7104237079620361,0.5250951051712036,-0.03520027548074722,0.7312090992927551,0.720882773399353,-0.006007340736687183,0.7383899688720703,0.6883094906806946,-0.03430544584989548,0.7324601411819458,0.7367099523544312,-0.042955197393894196,0.7300612330436707,0.7677648663520813,-0.039303239434957504,0.7581473588943481,0.7462612390518188,-0.00919459667056799,0.7571211457252502,0.7180629372596741,-0.030894538387656212,0.74897301197052,0.7563130259513855,-0.03168920800089836,0.745604395866394,0.7818358540534973,-0.02660391665995121,PEACE
0.737697422504425,0.8921085596084595,6.051334935364139e-07,0.700470507144928,0.8495990037918091,-0.028535960242152214,0.6855035424232483,0.7801774740219116,-0.037080831825733185,0.7158598303794861,0.716356635093689,-0.044621437788009644,0.7424380779266357,0.669594407081604,-0.05072447657585144,0.6606744527816772,0.7143189907073975,-0.00815452728420496,0.6442446708679199,0.6328209638595581,-0.02028353326022625,0.6364858746528625,0.5851461887359619,-0.02778906747698784,0.6306166648864746,0.5451858043670654,-0.031868062913417816,0.696481466293335,0.7075490951538086,-0.005219563376158476,0.698481559753418,0.6200976371765137,-0.02119087055325508,0.7019192576408386,0.5666446685791016,-0.03254987671971321,0.7075557112693787,0.5251253247261047,-0.0369398295879364,0.7301185727119446,0.722658634185791,-0.006756648886948824,0.7379157543182373,0.6869162917137146,-0.037984754890203476,0.7350325584411621,0.7382283806800842,-0.0468728132545948,0.7355659008026123,0.7734447717666626,-0.04228980466723442,0.7573690414428711,0.7467467188835144,-0.009883579798042774,0.7550923228263855,0.7145264744758606,-0.03522046282887459,0.7493553161621094,0.7547172904014587,-0.03660222515463829,0.748930037021637,0.783923327922821,-0.03095891885459423,PEACE
0.7385929226875305,0.8938773274421692,6.317040401881968e-07,0.7010868191719055,0.8499249219894409,-0.029217654839158058,0.6854604482650757,0.7818611860275269,-0.0379323773086071,0.71612149477005,0.7188273072242737,-0.045286957174539566,0.7430886030197144,0.6713272333145142,-0.05091659352183342,0.6592544317245483,0.7167561054229736,-0.0074290805496275425,0.6422670483589172,0.6341211795806885,-0.019538583233952522,0.6350480914115906,0.5857447981834412,-0.02740769274532795,0.6294547915458679,0.5452728867530823,-0.031615812331438065,0.6953098773956299,0.7086831331253052,-0.0036789365112781525,0.6976308226585388,0.6195435523986816,-0.018724553287029266,0.7013043761253357,0.5666187405586243,-0.02922745607793331,0.7068987488746643,0.5247331857681274,-0.03291652351617813,0.7289098501205444,0.7227526903152466,-0.004617536440491676,0.7368059158325195,0.6887218356132507,-0.0336204469203949,0.7330407500267029,0.7398866415023804,-0.04110957309603691,0.7326151728630066,0.7721675038337708,-0.03597722575068474,0.756587564945221,0.7458006143569946,-0.007417087443172932,0.7553161382675171,0.7136073112487793,-0.029860274866223335,0.749655544757843,0.7534183859825134,-0.02956278808414936,0.7488453984260559,0.7795429825782776,-0.023171136155724525,PEACE
0.7392200231552124,0.8919982314109802,6.428219876397634e-07,0.7016921639442444,0.8467326164245605,-0.02913917601108551,0.6864126324653625,0.7798969745635986,-0.03810055926442146,0.7156209945678711,0.7193164825439453,-0.045817747712135315,0.7416927814483643,0.6726203560829163,-0.051799479871988297,0.6591604351997375,0.7126511931419373,-0.007056485395878553,0.6431745290756226,0.6321544647216797,-0.019189871847629547,0.6360496282577515,0.5851352214813232,-0.027349650859832764,0.6309089660644531,0.5458419322967529,-0.031939875334501266,0.6953293085098267,0.7054467797279358,-0.0035414518788456917,0.6977409720420837,0.6175601482391357,-0.019088948145508766,0.7016046047210693,0.5656364560127258,-0.030847031623125076,0.7073062062263489,0.5256050825119019,-0.03557285666465759,0.7291833162307739,0.7204607725143433,-0.004655106458812952,0.7398746013641357,0.6852812767028809,-0.034029219299554825,0.7343520522117615,0.7359771132469177,-0.04343482479453087,0.7316447496414185,0.7696970701217651,-0.039851438254117966,0.7562249898910522,0.7450824975967407,-0.0075175948441028595,0.7568716406822205,0.7178956270217896,-0.030422702431678772,0.7491574883460999,0.7568539381027222,-0.03190141171216965,0.7457611560821533,0.783231794834137,-0.02691785991191864,PEACE
0.7389004826545715,0.8925453424453735,6.449930083363142e-07,0.7011168599128723,0.8475106358528137,-0.030274773016572,0.6867585182189941,0.780497133731842,-0.038807038217782974,0.7162292003631592,0.7175964713096619,-0.04574139416217804,0.7418813705444336,0.6683729290962219,-0.05094655230641365,0.6587961912155151,0.7122641801834106,-0.0051606022752821445,0.6418761014938354,0.6317432522773743,-0.01568659394979477,0.6345940828323364,0.5846420526504517,-0.023081045597791672,0.6294018626213074,0.545717179775238,-0.02715328149497509,0.6952986121177673,0.7051355838775635,-0.00046582912909798324,0.6974697113037109,0.6161573529243469,-0.013975433073937893,0.7004529237747192,0.564817488193512,-0.02473887987434864,0.7055889964103699,0.5255396366119385,-0.028842782601714134,0.7291421294212341,0.7206659913063049,-0.0006375647499226034,0.7360391616821289,0.6850624084472656,-0.029145099222660065,0.7306221127510071,0.7367565035820007,-0.03831491619348526,0.7289234399795532,0.7697654962539673,-0.03457106649875641,0.7566100358963013,0.7453450560569763,-0.00258393632248044,0.7551745772361755,0.7124794125556946,-0.0252879336476326,0.7483214139938354,0.7539702653884888,-0.026160186156630516,0.7460790276527405,0.7815499305725098,-0.02071380242705345,PEACE
0.7381730675697327,0.892708957195282,6.191959869283892e-07,0.7007697820663452,0.8485659956932068,-0.02844424359500408,0.6848723888397217,0.7807101607322693,-0.037251200526952744,0.714227557182312,0.7175082564353943,-0.04506850615143776,0.7408166527748108,0.6689865589141846,-0.05133196711540222,0.6584134697914124,0.7148946523666382,-0.006555971689522266,0.6419618129730225,0.6339964866638184,-0.018655965104699135,0.6344156861305237,0.5866445899009705,-0.027005663141608238,0.6290295124053955,0.5464373826980591,-0.03182797506451607,0.694495439529419,0.7074748873710632,-0.0034137435723096132,0.6965380311012268,0.6193930506706238,-0.018854020163416862,0.7000949382781982,0.5668799877166748,-0.030481528490781784,0.7060193419456482,0.5249805450439453,-0.03538801893591881,0.7284085750579834,0.7218921184539795,-0.00479833222925663,0.7364152073860168,0.6848418116569519,-0.034376442432403564,0.7321414947509766,0.7371166944503784,-0.04254232347011566,0.7318201065063477,0.7721088528633118,-0.03808489441871643,0.7564372420310974,0.7454837560653687,-0.007913948968052864,0.7541286945343018,0.7118844389915466,-0.031003503128886223,0.7482827305793762,0.7524717450141907,-0.03125159069895744,0.7478860020637512,0.7805285453796387,-0.025382831692695618,PEACE
0.7386753559112549,0.8916381597518921,6.508158776341588e-07,0.7006274461746216,0.8458102941513062,-0.030205169692635536,0.6854414343833923,0.7770054936408997,-0.038442131131887436,0.7160365581512451,0.7146246433258057,-0.04521744325757027,0.7432961463928223,0.6682380437850952,-0.050268787890672684,0.6589544415473938,0.7120868563652039,-0.004756529349833727,0.6416285037994385,0.6316294074058533,-0.01531095802783966,0.6343437433242798,0.584494948387146,-0.022616004571318626,0.6290427446365356,0.5447183847427368,-0.026600856333971024,0.6950157880783081,0.7055308818817139,-9.014072020363528e-06,0.6964669823646545,0.618599534034729,-0.014350397512316704,0.6998801231384277,0.5658571720123291,-0.025554852560162544,0.7056604027748108,0.5246210098266602,-0.029704393818974495,0.7288168668746948,0.7207931876182556,-0.00016568496357649565,0.7374778985977173,0.6839817762374878,-0.02979375049471855,0.7340736389160156,0.7367960214614868,-0.039180025458335876,0.7334709763526917,0.7718315124511719,-0.03486873582005501,0.7560582160949707,0.7445131540298462,-0.002075041178613901,0.7554748058319092,0.7118605971336365,-0.02544466219842434,0.7491735219955444,0.7532202005386353,-0.026710420846939087,0.7474936246871948,0.7815905809402466,-0.02112351916730404,PEACE
0.7388647794723511,0.8939148783683777,6.275534474298183e-07,0.7006484866142273,0.8496501445770264,-0.02999802865087986,0.6853494644165039,0.7809235453605652,-0.038315318524837494,0.715329647064209,0.7174670100212097,-0.04525412246584892,0.7413272261619568,0.6693684458732605,-0.050586432218551636,0.6579285264015198,0.7138522267341614,-0.005492779891937971,0.6413000226020813,0.6326417922973633,-0.016583697870373726,0.6337776184082031,0.5852449536323547,-0.024546395987272263,0.6285403370857239,0.545405387878418,-0.029115408658981323,0.6943619847297668,0.705720067024231,-0.0011467410949990153,0.6951794624328613,0.6187992095947266,-0.014918449334800243,0.6983298063278198,0.565900444984436,-0.02607749216258526,0.7039956450462341,0.5245349407196045,-0.030789945274591446,0.7281703948974609,0.7205520868301392,-0.0017247590003535151,0.7347554564476013,0.6852661371231079,-0.030581006780266762,0.7311462759971619,0.7361690998077393,-0.040476586669683456,0.7313330769538879,0.7707295417785645,-0.03728799894452095,0.7557550668716431,0.7443457245826721,-0.0041763368062675,0.7538895606994629,0.7132747769355774,-0.028000716120004654,0.74814772605896,0.7533007860183716,-0.030306102707982063,0.7476214170455933,0.781200647354126,-0.02581940032541752,PEACE
0.7385030388832092,0.8934918642044067,6.325704475784732e-07,0.6993806958198547,0.8487367630004883,-0.03064107336103916,0.6832850575447083,0.7791192531585693,-0.03975261002779007,0.7140706777572632,0.7159842252731323,-0.04720184952020645,0.7411605715751648,0.6686229109764099,-0.052963774651288986,0.657904863357544,0.7138220071792603,-0.007999272085726261,0.6415215730667114,0.633370578289032,-0.020175514742732048,0.634374737739563,0.5866162776947021,-0.02841092459857464,0.6290482878684998,0.5468863844871521,-0.032906293869018555,0.6938114762306213,0.7066322565078735,-0.0033454024232923985,0.6958041191101074,0.6187418699264526,-0.018253978341817856,0.6989932060241699,0.5669587254524231,-0.029243789613246918,0.7046309113502502,0.5253036022186279,-0.03340960666537285,0.7276052236557007,0.721243679523468,-0.003490706905722618,0.7356656789779663,0.6865574717521667,-0.03228393942117691,0.7304306030273438,0.738122820854187,-0.04095320776104927,0.7291557788848877,0.7709243297576904,-0.03680097684264183,0.755226194858551,0.7449522614479065,-0.005589216947555542,0.7541924118995667,0.7163895964622498,-0.028255069628357887,0.746715784072876,0.7567241787910461,-0.029314234852790833,0.7446542382240295,0.7830542922019958,-0.02394716441631317,PEACE
0.7389451265335083,0.893786609172821,6.520191391246044e-07,0.7005890607833862,0.8482036590576172,-0.03081255964934826,0.6842723488807678,0.7792567014694214,-0.039295561611652374,0.7143020629882812,0.7164491415023804,-0.04630565643310547,0.7412307262420654,0.6682529449462891,-0.05161743238568306,0.6567298173904419,0.7147769331932068,-0.005790370982140303,0.6399267911911011,0.6345202922821045,-0.017332065850496292,0.6331343054771423,0.5869868397712708,-0.02521662972867489,0.628171443939209,0.5467877984046936,-0.029500450938940048,0.6928613185882568,0.7072370648384094,-0.0011874251067638397,0.6950635313987732,0.6191282272338867,-0.01599106565117836,0.6985745429992676,0.5665767192840576,-0.026917921379208565,0.7044934630393982,0.5250214338302612,-0.030773449689149857,0.7270396947860718,0.7216727137565613,-0.0016514812596142292,0.7356447577476501,0.6859756112098694,-0.03135845065116882,0.7322895526885986,0.7396466732025146,-0.03990771621465683,0.7324334979057312,0.7731642723083496,-0.03509172797203064,0.7548889517784119,0.7451796531677246,-0.0040643778629601,0.7539713978767395,0.7134978175163269,-0.02723679691553116,0.7481291890144348,0.7550327777862549,-0.027893399819731712,0.7474114894866943,0.7815559506416321,-0.021971123293042183,PEACE
0.7383971810340881,0.8920519948005676,6.287656901804439e-07,0.6999318599700928,0.8454210162162781,-0.027118898928165436,0.6846849322319031,0.777543306350708,-0.03565521910786629,0.7142365574836731,0.7138816118240356,-0.043469756841659546,0.7407801151275635,0.6670138835906982,-0.049884434789419174,0.6577169895172119,0.7141178250312805,-0.0051548234187066555,0.6406859159469604,0.6338456273078918,-0.017372354865074158,0.6331378221511841,0.586456298828125,-0.02615281008183956,0.6277117133140564,0.5464603304862976,-0.031274911016225815,0.6942557096481323,0.7068771123886108,-0.0027279674541205168,0.6951683759689331,0.6183965802192688,-0.01793551631271839,0.6982934474945068,0.5660496354103088,-0.03006928414106369,0.7036958336830139,0.5244006514549255,-0.03528723865747452,0.72878497838974,0.7218206524848938,-0.004658137448132038,0.7357592582702637,0.6841394901275635,-0.03321555629372597,0.7319982051849365,0.7340919375419617,-0.04141299054026604,0.7318952083587646,0.7679930925369263,-0.03718962520360947,0.7566899061203003,0.7468472719192505,-0.008252051658928394,0.7537078261375427,0.7151951193809509,-0.030233928933739662,0.7476038932800293,0.753770649433136,-0.03007727488875389,0.747002124786377,0.7811208963394165,-0.023953663185238838,PEACE
0.7370871305465698,0.8956228494644165,6.259667770791566e-07,0.6992844939231873,0.8498402237892151,-0.026327744126319885,0.6848297715187073,0.779088020324707,-0.03486146405339241,0.7143144607543945,0.7159987092018127,-0.04305166378617287,0.7406986355781555,0.668752133846283,-0.049906086176633835,0.6579030752182007,0.7161463499069214,-0.005272042937576771,0.640899658203125,0.6357518434524536,-0.019129686057567596,0.6331261396408081,0.588301420211792,-0.029042767360806465,0.6279802322387695,0.5482416749000549,-0.03497445955872536,0.6940582394599915,0.7091888189315796,-0.004093148745596409,0.6946457028388977,0.6198304891586304,-0.020847473293542862,0.6977067589759827,0.5674172639846802,-0.03368072956800461,0.7038479447364807,0.5241912603378296,-0.0394747257232666,0.7284987568855286,0.7246795892715454,-0.007233264856040478,0.7355748414993286,0.68515944480896,-0.03614303469657898,0.7296599745750427,0.7381552457809448,-0.04246511310338974,0.7282946109771729,0.7723588943481445,-0.03721586987376213,0.7560863494873047,0.7505170702934265,-0.01219518668949604,0.7521567344665527,0.7185533046722412,-0.0342901311814785,0.7449166774749756,0.7581083178520203,-0.03290115296840668,0.7436875104904175,0.7841704487800598,-0.026044903323054314,PEACE
0.7378774881362915,0.8923438787460327,6.309209084065515e-07,0.6990418434143066,0.8476904034614563,-0.02842075191438198,0.6829602122306824,0.7787339687347412,-0.03619327023625374,0.7126294374465942,0.7156965136528015,-0.04271817207336426,0.7393491268157959,0.6680392026901245,-0.04756077006459236,0.656275749206543,0.7130075693130493,-0.004947307985275984,0.6398163437843323,0.6322917938232422,-0.015028946101665497,0.6326558589935303,0.5854329466819763,-0.021830972284078598,0.6273787617683411,0.546118974685669,-0.02566589042544365,0.6930056214332581,0.7057956457138062,-0.0012872128281742334,0.6942042112350464,0.6176546812057495,-0.01447300799190998,0.696807861328125,0.5652338266372681,-0.024916764348745346,0.7020576000213623,0.5244731903076172,-0.028983280062675476,0.7274343967437744,0.721208393573761,-0.002281501656398177,0.7337069511413574,0.6845147609710693,-0.030506743118166924,0.7293235659599304,0.7365777492523193,-0.039207279682159424,0.7290428280830383,0.7707518935203552,-0.03517013415694237,0.7549946308135986,0.7456704378128052,-0.004956542514264584,0.7515208721160889,0.7149660587310791,-0.02807985059916973,0.7447437047958374,0.7549845576286316,-0.029455088078975677,0.7439252734184265,0.7822379469871521,-0.024253064766526222,PEACE
0.7390555739402771,0.8955134153366089,6.317461043181538e-07,0.7011720538139343,0.8495947122573853,-0.03131186589598656,0.686627209186554,0.7801694869995117,-0.039205726236104965,0.7144049406051636,0.7170982956886292,-0.04516402259469032,0.7384281754493713,0.6675353050231934,-0.04916277527809143,0.65755295753479,0.7145951986312866,-0.005053949076682329,0.6402616500854492,0.6336461305618286,-0.014436032623052597,0.633049726486206,0.5868044495582581,-0.021360114216804504,0.627923309803009,0.5463724732398987,-0.025417137891054153,0.6941644549369812,0.7057082056999207,0.0005697219748981297,0.6949475407600403,0.617383599281311,-0.011379160918295383,0.698082447052002,0.5639498829841614,-0.022195542231202126,0.7035940289497375,0.52323979139328,-0.026914089918136597,0.7279101014137268,0.7197223901748657,0.001073241699486971,0.7331681847572327,0.6815527677536011,-0.02652687020599842,0.7300077676773071,0.7310503125190735,-0.037724368274211884,0.7303968071937561,0.7660011649131775,-0.035719726234674454,0.7549625635147095,0.7417102456092834,-0.0003512311668600887,0.7524867057800293,0.7102235555648804,-0.023212192580103874,0.7464590668678284,0.7480810880661011,-0.026736605912446976,0.7454527616500854,0.7755264043807983,-0.023469706997275352,PEACE
0.7381024360656738,0.8953091502189636,6.024129106663167e-07,0.6991586685180664,0.8488982915878296,-0.026687966659665108,0.6840357780456543,0.7795916795730591,-0.03523892164230347,0.7131600379943848,0.7168486714363098,-0.04339867830276489,0.7381452918052673,0.668352484703064,-0.049866221845149994,0.6577817797660828,0.7148988246917725,-0.004808333702385426,0.6410468220710754,0.6349285840988159,-0.016819573938846588,0.633138120174408,0.5885246992111206,-0.025136612355709076,0.6278374195098877,0.5487678050994873,-0.030064471065998077,0.694394588470459,0.7072914838790894,-0.0032269014045596123,0.6962425112724304,0.6206090450286865,-0.019157130271196365,0.6981998085975647,0.5681158304214478,-0.031476620584726334,0.7029847502708435,0.5254560708999634,-0.03702263906598091,0.7291016578674316,0.7214557528495789,-0.006055491976439953,0.7377188205718994,0.6829559206962585,-0.035395555198192596,0.7342017889022827,0.7360379695892334,-0.042498648166656494,0.7343250513076782,0.7719210982322693,-0.037541452795267105,0.7578203082084656,0.7454484105110168,-0.010659840889275074,0.7570223808288574,0.7105469703674316,-0.03315933048725128,0.7520474791526794,0.749681293964386,-0.032524723559617996,0.7518879771232605,0.7771342992782593,-0.02616717666387558,PEACE
0.7379354238510132,0.8960758447647095,6.320270244941639e-07,0.6986609697341919,0.8493152856826782,-0.028443166986107826,0.6833397150039673,0.7800535559654236,-0.03744865953922272,0.7135866284370422,0.7169598937034607,-0.045437201857566833,0.7388727068901062,0.6674262881278992,-0.05199271813035011,0.6576457619667053,0.7151534557342529,-0.005975421518087387,0.6407227516174316,0.6360380053520203,-0.0187639482319355,0.6329923868179321,0.5883129835128784,-0.028087899088859558,0.6275520324707031,0.5484899878501892,-0.0335276760160923,0.6945509910583496,0.7082307934761047,-0.0034531401470303535,0.6950164437294006,0.619856595993042,-0.01814352720975876,0.6975379586219788,0.5678170919418335,-0.029950466006994247,0.7030540704727173,0.5259860754013062,-0.035167742520570755,0.7290201783180237,0.7245240211486816,-0.005580967292189598,0.7339747548103333,0.6879419684410095,-0.03392202779650688,0.728961706161499,0.7390794157981873,-0.04168324917554855,0.7288392782211304,0.7723278403282166,-0.03747114539146423,0.757351815700531,0.7512403726577759,-0.009565215557813644,0.7532466650009155,0.7192333936691284,-0.031776685267686844,0.7472375631332397,0.7585136294364929,-0.031209629029035568,0.7471033930778503,0.7847833633422852,-0.024940796196460724,PEACE
0.7389339208602905,0.8926303386688232,6.310879712145834e-07,0.7008501291275024,0.8462570905685425,-0.02752198837697506,0.685340404510498,0.7792502641677856,-0.036540865898132324,0.7136538028717041,0.7162613272666931,-0.04476652294397354,0.7389592528343201,0.6682277321815491,-0.05123918876051903,0.6574299931526184,0.7131603956222534,-0.005572099704295397,0.640160322189331,0.6348007321357727,-0.01890670321881771,0.6329105496406555,0.5884203910827637,-0.02781403809785843,0.6280990242958069,0.5492035150527954,-0.0324755497276783,0.6937267184257507,0.7060519456863403,-0.003327870275825262,0.6947963237762451,0.6184501647949219,-0.020240291953086853,0.6977816820144653,0.5667643547058105,-0.03206006810069084,0.70378577709198,0.5262929797172546,-0.03615822270512581,0.728448212146759,0.720887303352356,-0.0056098708882927895,0.7380597591400146,0.686691164970398,-0.03607909008860588,0.7343490719795227,0.7398325204849243,-0.043128859251737595,0.7340291738510132,0.7737935781478882,-0.0371837243437767,0.7566400170326233,0.7459816932678223,-0.009598729200661182,0.7567116022109985,0.7173050045967102,-0.03242507204413414,0.7509623765945435,0.7582442164421082,-0.031237982213497162,0.7498196959495544,0.7849703431129456,-0.023789899423718452,PEACE
0.739766001701355,0.8960412740707397,6.239091021598142e-07,0.7003241777420044,0.8516671657562256,-0.029182089492678642,0.6840126514434814,0.7829102873802185,-0.03927677497267723,0.7131657004356384,0.7188670635223389,-0.048097603023052216,0.7380372881889343,0.6668291687965393,-0.055298496037721634,0.6577478647232056,0.7161805033683777,-0.009706106968224049,0.6406302452087402,0.6365626454353333,-0.02371821366250515,0.6333255171775818,0.5889265537261963,-0.03316893428564072,0.6285853981971741,0.5487732887268066,-0.038650427013635635,0.694687008857727,0.7082118391990662,-0.007136921864002943,0.69534832239151,0.6203886866569519,-0.023143192753195763,0.6976120471954346,0.5684916377067566,-0.03477067872881889,0.7029517889022827,0.5271613001823425,-0.03972606733441353,0.7295686602592468,0.7236459851264954,-0.009103599935770035,0.7347107529640198,0.6898716688156128,-0.03812417387962341,0.7293264865875244,0.741942286491394,-0.045304879546165466,0.7287053465843201,0.7744360566139221,-0.04077552631497383,0.7585410475730896,0.7496330738067627,-0.012995820492506027,0.7535198330879211,0.7226183414459229,-0.03599992021918297,0.7469106912612915,0.7635681629180908,-0.035865217447280884,0.7459686398506165,0.7891827821731567,-0.02989555150270462,PEACE
0.7378576993942261,0.8982290029525757,6.124915898908512e-07,0.6992670297622681,0.8522961735725403,-0.025782542303204536,0.6856342554092407,0.7808549404144287,-0.033159252256155014,0.7154536843299866,0.7177519798278809,-0.04003354534506798,0.7412326335906982,0.6708124876022339,-0.04553501680493355,0.6582733988761902,0.7165006399154663,-0.0039766342379152775,0.641900360584259,0.6368134021759033,-0.015369147062301636,0.6344799995422363,0.5900362730026245,-0.023124365136027336,0.6292470693588257,0.5506531596183777,-0.027715058997273445,0.6947115063667297,0.7090492844581604,-0.0026999639812856913,0.6957399249076843,0.6204419732093811,-0.017358439043164253,0.6988317370414734,0.5675010085105896,-0.028812328353524208,0.705026388168335,0.5251361727714539,-0.03356042131781578,0.7297483086585999,0.724757730960846,-0.0057340203784406185,0.7376905083656311,0.6870975494384766,-0.03403588384389877,0.7325056791305542,0.7404060363769531,-0.041023895144462585,0.7313789129257202,0.7742888331413269,-0.03609393537044525,0.7579998970031738,0.7506599426269531,-0.010396769270300865,0.7546506524085999,0.7200005650520325,-0.03299873694777489,0.748262882232666,0.7611077427864075,-0.03250129893422127,0.7473875880241394,0.7877246737480164,-0.026133038103580475,PEACE
0.738055944442749,0.8999958038330078,6.147113822407846e-07,0.7000505328178406,0.8549619317054749,-0.026545073837041855,0.6858994364738464,0.784622848033905,-0.03569899499416351,0.7122433185577393,0.7215176820755005,-0.04435921087861061,0.7357847690582275,0.6707032918930054,-0.05148470774292946,0.6574875712394714,0.7175220847129822,-0.006928241346031427,0.6408162117004395,0.638134777545929,-0.02056204155087471,0.633473813533783,0.5909764766693115,-0.02951154299080372,0.6284549236297607,0.5509781837463379,-0.03450585529208183,0.6945234537124634,0.7107352614402771,-0.006008306052535772,0.6955085396766663,0.621705949306488,-0.022008948028087616,0.6980012059211731,0.5691074728965759,-0.03406507894396782,0.7032168507575989,0.5258918404579163,-0.03928498923778534,0.7295539975166321,0.7270596027374268,-0.009358825162053108,0.7339305877685547,0.6895102858543396,-0.03830651566386223,0.7277609705924988,0.7416843175888062,-0.04506304860115051,0.7270150184631348,0.7753601670265198,-0.040053509175777435,0.7574071884155273,0.7538180351257324,-0.01440533995628357,0.7506610155105591,0.7245587110519409,-0.03628486022353172,0.7430366277694702,0.7629754543304443,-0.035082634538412094,0.7425522208213806,0.7882753014564514,-0.02832258865237236,PEACE
0.7377272844314575,0.8966092467308044,6.064257718207955e-07,0.7001749277114868,0.8504628539085388,-0.02516314573585987,0.6849235892295837,0.7819730639457703,-0.03232932835817337,0.7128828167915344,0.7197453379631042,-0.039121393114328384,0.7369691729545593,0.6720316410064697,-0.044209517538547516,0.6587367057800293,0.7162237167358398,-0.003527594730257988,0.6413416862487793,0.636567234992981,-0.014377743005752563,0.6341040730476379,0.5907591581344604,-0.021385114639997482,0.6293885111808777,0.5514208674430847,-0.02509145811200142,0.694733738899231,0.7086206674575806,-0.001943300710991025,0.6952509880065918,0.6206216812133789,-0.016828138381242752,0.6980850100517273,0.5673143863677979,-0.028456157073378563,0.704145610332489,0.5260143280029297,-0.033028967678546906,0.7288289666175842,0.7232217192649841,-0.0045978231355547905,0.734890878200531,0.6895052790641785,-0.03327317535877228,0.7309666275978088,0.739717423915863,-0.04193258658051491,0.7312453985214233,0.772510290145874,-0.03783269599080086,0.7566162943840027,0.7471086978912354,-0.008709912188351154,0.754843533039093,0.717777669429779,-0.03053572215139866,0.7484117150306702,0.7567914724349976,-0.03090881183743477,0.7476421594619751,0.783359944820404,-0.025180043652653694,PEACE
0.7390347719192505,0.8989380598068237,6.312022833299125e-07,0.7008228302001953,0.8523102402687073,-0.029094351455569267,0.6852001547813416,0.7837177515029907,-0.037301577627658844,0.7149745225906372,0.7205825448036194,-0.04442538693547249,0.7408431768417358,0.6718310713768005,-0.05003130063414574,0.658704400062561,0.7183541059494019,-0.005191648378968239,0.6411620378494263,0.6386284232139587,-0.016854576766490936,0.6343563795089722,0.5916247963905334,-0.025028429925441742,0.6296911835670471,0.5516248941421509,-0.029479235410690308,0.6954382658004761,0.7111190557479858,-0.0016843751072883606,0.6956870555877686,0.6228818893432617,-0.015781696885824203,0.698362410068512,0.5685631632804871,-0.027376534417271614,0.7039960026741028,0.5264149904251099,-0.032096754759550095,0.7297177910804749,0.7269212007522583,-0.0030813422054052353,0.7352809309959412,0.6930599808692932,-0.03237729147076607,0.7328733801841736,0.7418319582939148,-0.04269642010331154,0.7347383499145508,0.7747341990470886,-0.03938435763120651,0.7573152780532837,0.751809298992157,-0.0061995224095880985,0.7538068890571594,0.7208826541900635,-0.0295262411236763,0.7480215430259705,0.758965015411377,-0.03134796768426895,0.7483355402946472,0.7856303453445435,-0.0263641569763422,PEACE
0.7403302192687988,0.8996065258979797,6.344706662275712e-07,0.7017850875854492,0.855086088180542,-0.02960781380534172,0.6859495639801025,0.7868771553039551,-0.03888237103819847,0.7140160799026489,0.7229836583137512,-0.046891987323760986,0.7387083768844604,0.6715809106826782,-0.053045857697725296,0.6579615473747253,0.7197092175483704,-0.006901338696479797,0.641339898109436,0.6392391920089722,-0.019820934161543846,0.6347638368606567,0.5916202068328857,-0.028450295329093933,0.6303191184997559,0.5511220097541809,-0.03312273696064949,0.6942816972732544,0.7112478613853455,-0.003524263622239232,0.6964483857154846,0.6228541135787964,-0.01939343847334385,0.6993194818496704,0.570305585861206,-0.030898142606019974,0.7045472264289856,0.5286273956298828,-0.03528362512588501,0.7284364700317383,0.725551962852478,-0.004985114559531212,0.7373105883598328,0.690224826335907,-0.034694936126470566,0.733318567276001,0.7421537637710571,-0.042588066309690475,0.7330885529518127,0.7751870155334473,-0.03772711008787155,0.7562363743782043,0.7501583695411682,-0.008344336412847042,0.7556948661804199,0.7207100987434387,-0.03109903447329998,0.7496660947799683,0.7606802582740784,-0.031141789630055428,0.7487126588821411,0.7866861820220947,-0.02495076321065426,PEACE
0.7391204833984375,0.8983969688415527,6.360302222674363e-07,0.6998906135559082,0.8535538911819458,-0.028426624834537506,0.6843097805976868,0.7848373055458069,-0.03799887001514435,0.712810754776001,0.7219139933586121,-0.04652563855051994,0.7376649379730225,0.671650767326355,-0.05322355777025223,0.6581020951271057,0.7158723473548889,-0.007171727251261473,0.6419415473937988,0.6369624733924866,-0.019709976390004158,0.6352767944335938,0.5907219052314758,-0.027892379090189934,0.6309812068939209,0.5515314340591431,-0.03235601633787155,0.6947779655456543,0.7095232009887695,-0.0046570138074457645,0.6959162354469299,0.6213341951370239,-0.02025269716978073,0.6987214088439941,0.5697307586669922,-0.03176760673522949,0.7044782638549805,0.5284207463264465,-0.0362929031252861,0.7296075820922852,0.7257218956947327,-0.0066535635851323605,0.7353963851928711,0.6928240060806274,-0.03524746000766754,0.7303147315979004,0.7459127902984619,-0.042409833520650864,0.729469895362854,0.7785119414329529,-0.0374443344771862,0.7579890489578247,0.7516289949417114,-0.010480096563696861,0.7536207437515259,0.7232454419136047,-0.03199559077620506,0.7461841106414795,0.7635855674743652,-0.031208602711558342,0.7443923354148865,0.7890896797180176,-0.02476571872830391,PEACE
0.7403137683868408,0.8990366458892822,6.203748625921435e-07,0.7029039859771729,0.8547190427780151,-0.030043084174394608,0.6878209114074707,0.7866138219833374,-0.0393521673977375,0.7143846154212952,0.7224446535110474,-0.04726691544055939,0.7381693124771118,0.6717451810836792,-0.05310975760221481,0.6582032442092896,0.7183579206466675,-0.00794272031635046,0.6415535807609558,0.6380553245544434,-0.020179027691483498,0.6352851390838623,0.5914950370788574,-0.02804957702755928,0.6310763955116272,0.5520853400230408,-0.03220667690038681,0.6950883269309998,0.7098395228385925,-0.003971022088080645,0.69601970911026,0.622443437576294,-0.018722381442785263,0.6989818215370178,0.5693026185035706,-0.0295705609023571,0.7042232751846313,0.5283566117286682,-0.033711280673742294,0.7296620011329651,0.7241902351379395,-0.004853155463933945,0.7359838485717773,0.6902259588241577,-0.03372758626937866,0.7324274778366089,0.7403988838195801,-0.04245050996541977,0.732278048992157,0.7736842036247253,-0.03835645690560341,0.7573203444480896,0.7480224370956421,-0.007670111954212189,0.7552684545516968,0.7196460366249084,-0.03061261959373951,0.7479869723320007,0.7572974562644958,-0.03236047923564911,0.7455663681030273,0.7832309603691101,-0.02743801288306713,PEACE
0.7403222918510437,0.8990397453308105,6.338539151329314e-07,0.7024909853935242,0.8534636497497559,-0.028683561831712723,0.6869276165962219,0.783937931060791,-0.035690393298864365,0.7141724824905396,0.7207227945327759,-0.04145568609237671,0.738753616809845,0.6726452112197876,-0.0453694649040699,0.6581850647926331,0.7186732292175293,-0.002589763607829809,0.6421921849250793,0.6379509568214417,-0.011479928158223629,0.6359572410583496,0.5915778279304504,-0.017457418143749237,0.6315726637840271,0.552282452583313,-0.020597662776708603,0.6943742632865906,0.7104663252830505,0.0016245106235146523,0.6964223980903625,0.6215495467185974,-0.010911175049841404,0.6993881464004517,0.5681302547454834,-0.021106762811541557,0.7040908932685852,0.5274468660354614,-0.02481669932603836,0.7282980680465698,0.7243648767471313,0.0009433431550860405,0.734887957572937,0.6860823631286621,-0.027663953602313995,0.7327145934104919,0.738781750202179,-0.03712981566786766,0.733235239982605,0.7739332914352417,-0.03317195177078247,0.7560001611709595,0.7460710406303406,-0.0013540415093302727,0.7534460425376892,0.7130473256111145,-0.024502187967300415,0.7485888004302979,0.7540066838264465,-0.026183582842350006,0.7486386895179749,0.7817486524581909,-0.02110225521028042,PEACE
0.7406787276268005,0.8995013236999512,6.096960873946955e-07,0.7014418840408325,0.8564050197601318,-0.02665751986205578,0.6856741309165955,0.786553680896759,-0.03510870784521103,0.7141073942184448,0.7225991487503052,-0.042947329580783844,0.7392286062240601,0.6743890643119812,-0.04923964664340019,0.6597463488578796,0.7186791896820068,-0.00634383549913764,0.6430744528770447,0.638679027557373,-0.018617236986756325,0.636372983455658,0.5918227434158325,-0.02651345543563366,0.632016658782959,0.5523744821548462,-0.030888238921761513,0.6960610151290894,0.7107670903205872,-0.005033768713474274,0.6966740489006042,0.6215355396270752,-0.020872220396995544,0.6994723081588745,0.5692752003669739,-0.03266802057623863,0.7053028345108032,0.5280542373657227,-0.037429917603731155,0.7306694388389587,0.7254139184951782,-0.007944722659885883,0.7385513782501221,0.688982367515564,-0.037108030170202255,0.7344996929168701,0.74165940284729,-0.04408712312579155,0.7344228625297546,0.7754713296890259,-0.03894577547907829,0.7590683102607727,0.7505128979682922,-0.012527581304311752,0.756601095199585,0.7204335331916809,-0.0347994901239872,0.7514438629150391,0.7606806755065918,-0.03369144722819328,0.7513861656188965,0.787468671798706,-0.02685406245291233,PEACE
0.73994380235672,0.8993912935256958,6.255165203583601e-07,0.7026471495628357,0.8542841672897339,-0.02905738726258278,0.6883141994476318,0.7833746075630188,-0.03686751425266266,0.7153634428977966,0.7205842733383179,-0.0432552807033062,0.7387221455574036,0.6716966032981873,-0.048002809286117554,0.65936279296875,0.7194761037826538,-0.005946463905274868,0.6432520151138306,0.6390580534934998,-0.016961829736828804,0.6369626522064209,0.5917431116104126,-0.02413458377122879,0.632409930229187,0.5522403717041016,-0.02787528745830059,0.6962427496910095,0.712289035320282,-0.0023031148593872786,0.6962682008743286,0.6223074197769165,-0.015071985311806202,0.6993265748023987,0.5689787268638611,-0.02511441707611084,0.7047505974769592,0.5282201766967773,-0.02891724184155464,0.7307130098342896,0.7282148003578186,-0.0034733156207948923,0.7346340417861938,0.6937499046325684,-0.03107088804244995,0.7314308881759644,0.7426232099533081,-0.04012787714600563,0.7314753532409668,0.7733129858970642,-0.03667042404413223,0.7582780122756958,0.7528157830238342,-0.006413865368813276,0.7527782917022705,0.7254149317741394,-0.028426827862858772,0.7469706535339355,0.7638521790504456,-0.029575740918517113,0.7467390298843384,0.7880812287330627,-0.0246391911059618,PEACE
0.7402256727218628,0.8986510634422302,5.994033358547313e-07,0.7021204233169556,0.8533529043197632,-0.02453775145113468,0.6878112554550171,0.782739520072937,-0.031326256692409515,0.7163293957710266,0.7192651033401489,-0.03792351856827736,0.741938591003418,0.6738929748535156,-0.04312805458903313,0.6606742143630981,0.7188320159912109,-0.00319483014754951,0.6443974375724792,0.6383926868438721,-0.014330332167446613,0.6381760835647583,0.5922151207923889,-0.02180122770369053,0.633985698223114,0.5535709261894226,-0.025862574577331543,0.6965805888175964,0.711315929889679,-0.0017957836389541626,0.6967799663543701,0.6223645806312561,-0.01581805758178234,0.6999357342720032,0.5695685148239136,-0.026801759377121925,0.7058488726615906,0.5287380218505859,-0.031147420406341553,0.7309648990631104,0.7256032824516296,-0.00462997704744339,0.7385731339454651,0.6880127191543579,-0.032045766711235046,0.7345264554023743,0.7377309203147888,-0.03981832414865494,0.7341936230659485,0.772035539150238,-0.03539988771080971,0.7583764791488647,0.7497520446777344,-0.008980133570730686,0.7560789585113525,0.718539834022522,-0.030183015391230583,0.7494078278541565,0.7565246224403381,-0.03009580634534359,0.7483648657798767,0.7840046882629395,-0.024103226140141487,PEACE
0.740523099899292,0.9012080430984497,6.23343566985568e-07,0.7024862766265869,0.8563653826713562,-0.02849641628563404,0.6883832812309265,0.7855486869812012,-0.03643073886632919,0.7171421647071838,0.721102237701416,-0.0431118980050087,0.7417232990264893,0.6715463399887085,-0.04809698462486267,0.6598114371299744,0.7209928631782532,-0.005564757622778416,0.6437514424324036,0.640177845954895,-0.017662635073065758,0.6370607018470764,0.5925295352935791,-0.025587493553757668,0.6322341561317444,0.5524079203605652,-0.029833706095814705,0.6962903738021851,0.7117727398872375,-0.002465119818225503,0.6968740224838257,0.6227469444274902,-0.017712809145450592,0.6999822854995728,0.5702550411224365,-0.028965139761567116,0.7053946852684021,0.5289713144302368,-0.03303270414471626,0.7308693528175354,0.7260159254074097,-0.004012752324342728,0.7375377416610718,0.6919988393783569,-0.033184316009283066,0.7336640357971191,0.7441908717155457,-0.040983594954013824,0.7332086563110352,0.7764074206352234,-0.03609289601445198,0.7589073777198792,0.7500162124633789,-0.0073516955599188805,0.7559418678283691,0.7230621576309204,-0.03020460717380047,0.7499061226844788,0.7637608051300049,-0.03030005842447281,0.7490517497062683,0.7886794209480286,-0.024097921326756477,PEACE
0.7405557036399841,0.9012371301651001,6.235047749214573e-07,0.7016635537147522,0.855306088924408,-0.02623329870402813,0.6863385438919067,0.7850377559661865,-0.03396238014101982,0.716127872467041,0.721339225769043,-0.04116753488779068,0.7423975467681885,0.6733415722846985,-0.04677475243806839,0.6595584750175476,0.7192390561103821,-0.00286235217936337,0.6442838311195374,0.6392837166786194,-0.014522579498589039,0.6380224823951721,0.5924493670463562,-0.02294325828552246,0.6339380741119385,0.5528755187988281,-0.02806529961526394,0.6963240504264832,0.7111876010894775,-0.0013168554287403822,0.6968225836753845,0.6233716607093811,-0.016483299434185028,0.7003262042999268,0.5708699226379395,-0.02902812883257866,0.7067086696624756,0.5289958715438843,-0.03469988331198692,0.7313453555107117,0.7259084582328796,-0.004194693639874458,0.7396947741508484,0.6887050271034241,-0.03256107121706009,0.7349112033843994,0.7417594790458679,-0.04015565291047096,0.7338455319404602,0.777303159236908,-0.03576383739709854,0.7596074938774109,0.7508426308631897,-0.008801035583019257,0.7568198442459106,0.7222902774810791,-0.03109108656644821,0.7511425018310547,0.7619199752807617,-0.030973093584179878,0.7509398460388184,0.7882529497146606,-0.02497883327305317,PEACE
0.741118311882019,0.8998870849609375,6.391915121639613e-07,0.7026547789573669,0.8534079790115356,-0.02798260934650898,0.6880131959915161,0.7842181921005249,-0.036127809435129166,0.7171216607093811,0.7217301726341248,-0.04330179840326309,0.7422510981559753,0.6730023622512817,-0.04865992069244385,0.6593895554542542,0.7174853086471558,-0.003718274412676692,0.6442942023277283,0.6378223896026611,-0.014913154765963554,0.6386420130729675,0.5914660692214966,-0.022779101505875587,0.6348426938056946,0.5526108741760254,-0.027285421267151833,0.6966527104377747,0.7104640007019043,-0.0010936834150925279,0.6980946063995361,0.6227296590805054,-0.015187561511993408,0.7014221549034119,0.5703912973403931,-0.026774762198328972,0.7073434591293335,0.5297223925590515,-0.031686123460531235,0.7318320870399475,0.7262877821922302,-0.00318777933716774,0.7403639554977417,0.6922497153282166,-0.031268488615751266,0.7356358766555786,0.7437703013420105,-0.039319418370723724,0.7347387075424194,0.7770708203315735,-0.03515148162841797,0.7597477436065674,0.7518139481544495,-0.007115843240171671,0.7578832507133484,0.7255873680114746,-0.02941073291003704,0.7519276738166809,0.7653759121894836,-0.029693368822336197,0.7515356540679932,0.7907657623291016,-0.02391994372010231,PEACE
0.7416611909866333,0.8991480469703674,6.224748290151183e-07,0.7033475041389465,0.8552854061126709,-0.028446773067116737,0.6885175108909607,0.7851921319961548,-0.036357469856739044,0.7169604301452637,0.7217996120452881,-0.04295730218291283,0.7419783473014832,0.6728911399841309,-0.04786878079175949,0.660658061504364,0.7194177508354187,-0.006408199667930603,0.6451772451400757,0.6386913657188416,-0.017822347581386566,0.6393250823020935,0.5915988683700562,-0.025285523384809494,0.6354746222496033,0.5524594783782959,-0.029405513778328896,0.6976764798164368,0.7112297415733337,-0.0031140735372900963,0.699293851852417,0.6219121813774109,-0.017444048076868057,0.7025889754295349,0.569075345993042,-0.028693029657006264,0.7083096504211426,0.5283987522125244,-0.03326132893562317,0.7323014736175537,0.725930392742157,-0.004356281366199255,0.7412799000740051,0.6918150782585144,-0.03282608836889267,0.7371125817298889,0.7429175972938538,-0.04125654324889183,0.736098051071167,0.7755352258682251,-0.037252213805913925,0.7597347497940063,0.7506518959999084,-0.0073333559557795525,0.7577477097511292,0.7245386838912964,-0.03019334375858307,0.7522357702255249,0.7647873163223267,-0.031082935631275177,0.7513788938522339,0.790307343006134,-0.02572637051343918,PEACE
0.7419907450675964,0.8996562957763672,6.346552936520311e-07,0.7040786147117615,0.8563164472579956,-0.029358386993408203,0.6881066560745239,0.7883242964744568,-0.038016755133867264,0.716709315776825,0.7243415117263794,-0.04524267464876175,0.7416203022003174,0.674044668674469,-0.05048878490924835,0.6609779596328735,0.7193676233291626,-0.006817900575697422,0.6448382139205933,0.638444721698761,-0.01865348406136036,0.6384605765342712,0.5917796492576599,-0.025993498042225838,0.6340070366859436,0.5521939992904663,-0.029809974133968353,0.697245717048645,0.7111362218856812,-0.0032237423583865166,0.6994279623031616,0.6230021715164185,-0.019008837640285492,0.7024266123771667,0.570233941078186,-0.02990209124982357,0.7079066038131714,0.5285751819610596,-0.033600568771362305,0.7315210103988647,0.7249456644058228,-0.004322763532400131,0.7412980198860168,0.6925379633903503,-0.03418993577361107,0.7367115020751953,0.746587872505188,-0.04139334708452225,0.7354329228401184,0.7792466878890991,-0.03588598221540451,0.7595481276512146,0.7478979825973511,-0.0073030381463468075,0.7598766684532166,0.7218800783157349,-0.030717909336090088,0.7539686560630798,0.764534056186676,-0.030643435195088387,0.7524145841598511,0.7902950048446655,-0.024162493646144867,PEACE
0.7419330477714539,0.9006322622299194,6.262791885092156e-07,0.7027469277381897,0.8555185794830322,-0.027652285993099213,0.6878434419631958,0.7846984267234802,-0.03645052760839462,0.7169937491416931,0.7222971320152283,-0.04431140422821045,0.7425921559333801,0.6742406487464905,-0.05052749440073967,0.6610808968544006,0.7197090983390808,-0.007082563824951649,0.6453524827957153,0.6390442848205566,-0.019465841352939606,0.6390020847320557,0.5922081470489502,-0.027405548840761185,0.6345387697219849,0.552886426448822,-0.031598325818777084,0.6978569626808167,0.7115464806556702,-0.0047398279421031475,0.6997416019439697,0.6216028332710266,-0.01966538466513157,0.7024446129798889,0.5700240731239319,-0.03041352517902851,0.7076480984687805,0.5295577645301819,-0.0343734510242939,0.7328159809112549,0.7257264852523804,-0.006863407324999571,0.739337682723999,0.6913356781005859,-0.034877289086580276,0.7342148423194885,0.7436779141426086,-0.04179157689213753,0.7330080270767212,0.7759860157966614,-0.03676412254571915,0.7611760497093201,0.7496671676635742,-0.01080381777137518,0.7581868171691895,0.7204647064208984,-0.03189966455101967,0.751185417175293,0.7610134482383728,-0.030862512066960335,0.7495931386947632,0.7868136763572693,-0.024321310222148895,PEACE
0.7414787411689758,0.9000338912010193,6.37341656783974e-07,0.7032948136329651,0.8553826212882996,-0.028003264218568802,0.6893146634101868,0.7853831648826599,-0.03601865842938423,0.7186251282691956,0.7228215932846069,-0.04303155466914177,0.7438082695007324,0.6746560335159302,-0.04860049486160278,0.6600988507270813,0.7185921669006348,-0.004639320075511932,0.6453458070755005,0.6389951705932617,-0.016315650194883347,0.6395963430404663,0.5925370454788208,-0.024557964876294136,0.6357395648956299,0.5535435080528259,-0.0292472243309021,0.6971365213394165,0.7107846140861511,-0.0019455812871456146,0.6980600357055664,0.6214794516563416,-0.016313550993800163,0.7015408277511597,0.5693263411521912,-0.028348928317427635,0.7073745131492615,0.5290389060974121,-0.03344108536839485,0.7319042086601257,0.7263959646224976,-0.0038108364678919315,0.7389734387397766,0.6916936635971069,-0.03240405395627022,0.7353584170341492,0.7432036995887756,-0.041817035526037216,0.7353603839874268,0.7776640057563782,-0.038448166102170944,0.7597195506095886,0.7517808675765991,-0.007368030957877636,0.7570130825042725,0.7265257835388184,-0.030307985842227936,0.7512018084526062,0.7669097185134888,-0.031481608748435974,0.750893235206604,0.7936829328536987,-0.026253612712025642,PEACE
0.7420369982719421,0.9022252559661865,6.157484904179e-07,0.7039915323257446,0.8591582775115967,-0.027223052456974983,0.6887174844741821,0.7874128222465515,-0.03417970985174179,0.7176544070243835,0.7234922647476196,-0.040032725781202316,0.7430955171585083,0.675727903842926,-0.044077642261981964,0.6614256501197815,0.7196492552757263,-0.005040476098656654,0.6458409428596497,0.6388517022132874,-0.015384720638394356,0.6402450799942017,0.5922279357910156,-0.021895019337534904,0.6363306641578674,0.5535492300987244,-0.025386247783899307,0.6981167793273926,0.7114207148551941,-0.0021393694914877415,0.6998035907745361,0.6222845315933228,-0.015699215233325958,0.7029939889907837,0.5695341229438782,-0.02608780935406685,0.7084303498268127,0.529096245765686,-0.02994076907634735,0.732586681842804,0.7259446978569031,-0.0037178732454776764,0.7410110831260681,0.6917548179626465,-0.031061772257089615,0.7367673516273499,0.7426270842552185,-0.03879174962639809,0.7356207966804504,0.7748140096664429,-0.0343967080116272,0.7602068185806274,0.7499002814292908,-0.007025621831417084,0.7589395046234131,0.7222627997398376,-0.02869710512459278,0.752848207950592,0.7621961832046509,-0.029125897213816643,0.7514070272445679,0.7877603769302368,-0.023556802421808243,PEACE
0.7414931654930115,0.9034594893455505,6.370604523908696e-07,0.7037920951843262,0.8572068214416504,-0.02880513295531273,0.6899658441543579,0.7867819666862488,-0.03678629919886589,0.7191243767738342,0.7218131422996521,-0.04349241033196449,0.7444252371788025,0.6724149584770203,-0.048488397151231766,0.6610230207443237,0.7206758856773376,-0.004481045063585043,0.6454991698265076,0.6395923495292664,-0.015491419471800327,0.6395009756088257,0.5923693776130676,-0.02302497997879982,0.635146975517273,0.553065299987793,-0.02704978547990322,0.6978134512901306,0.7141103744506836,-0.0009299144730903208,0.6985962986946106,0.624305009841919,-0.01452360674738884,0.7017475366592407,0.5717002153396606,-0.025224825367331505,0.7072827816009521,0.5312404632568359,-0.029293697327375412,0.732573390007019,0.7303583025932312,-0.0021074835676699877,0.7396958470344543,0.6952510476112366,-0.02991180494427681,0.7349748015403748,0.7467193007469177,-0.03772783279418945,0.7336975336074829,0.7797130346298218,-0.03322041779756546,0.7603034973144531,0.7560082077980042,-0.005104687064886093,0.7572196125984192,0.7275111675262451,-0.026827845722436905,0.7509371638298035,0.7679204344749451,-0.02654995769262314,0.7499428987503052,0.7937321662902832,-0.02035660296678543,PEACE
0.7426201105117798,0.9023681282997131,6.318807663774351e-07,0.7046085000038147,0.856077253818512,-0.028951294720172882,0.6907444596290588,0.7848072052001953,-0.03608592227101326,0.7198241949081421,0.7207419276237488,-0.04183226823806763,0.7448613047599792,0.6729750037193298,-0.04576673358678818,0.6622803807258606,0.7197379469871521,-0.004281683824956417,0.6465241312980652,0.6383392810821533,-0.013487120158970356,0.6404648423194885,0.5919095873832703,-0.01947985589504242,0.6359211206436157,0.5528978109359741,-0.02243351936340332,0.6987336874008179,0.7124207019805908,0.00016731326468288898,0.6994304060935974,0.6231361031532288,-0.011868314817547798,0.7025610208511353,0.5691050291061401,-0.021597782149910927,0.708156406879425,0.5287564992904663,-0.02492710016667843,0.7328835725784302,0.7273560762405396,-0.00019465803052298725,0.7408083081245422,0.6933536529541016,-0.027508500963449478,0.7377604842185974,0.743349552154541,-0.03677024692296982,0.7379328608512878,0.7774389386177063,-0.0329311341047287,0.7597362995147705,0.7508379817008972,-0.002306079026311636,0.7591307759284973,0.7209470272064209,-0.024073824286460876,0.7534935474395752,0.7600387334823608,-0.025431104004383087,0.7530483603477478,0.7875632643699646,-0.0202513225376606,PEACE
0.7416136264801025,0.8980834484100342,6.272750283642381e-07,0.7041385173797607,0.8530335426330566,-0.02834237553179264,0.6899135112762451,0.7850425839424133,-0.037721116095781326,0.7182798981666565,0.7228320240974426,-0.04597076401114464,0.7430699467658997,0.6743888258934021,-0.05257648602128029,0.6608299612998962,0.7180176377296448,-0.007589641492813826,0.6459156274795532,0.6383273601531982,-0.020554985851049423,0.6399803757667542,0.5916070938110352,-0.02902180328965187,0.6359481811523438,0.5526752471923828,-0.03346693143248558,0.698132336139679,0.7097997665405273,-0.004978930111974478,0.6996235251426697,0.6207600235939026,-0.02029203437268734,0.7030717134475708,0.5693882703781128,-0.031462617218494415,0.7084448933601379,0.5292272567749023,-0.035720888525247574,0.733138918876648,0.7243377566337585,-0.006862649228423834,0.7395663261413574,0.6909845471382141,-0.035618845373392105,0.7348787188529968,0.7418096661567688,-0.04337022453546524,0.7337268590927124,0.7738137245178223,-0.03888367861509323,0.7611661553382874,0.7492198944091797,-0.010515375062823296,0.759190022945404,0.7224477529525757,-0.03237709030508995,0.7526293992996216,0.7624079585075378,-0.03185988962650299,0.7512791752815247,0.7880381345748901,-0.02557208575308323,PEACE
0.7415523529052734,0.8978285789489746,6.294612830970436e-07,0.7040504217147827,0.8533903360366821,-0.027122395113110542,0.6881412863731384,0.785504162311554,-0.03581073880195618,0.7166602611541748,0.7246813178062439,-0.043846651911735535,0.7419646382331848,0.6780368089675903,-0.050168752670288086,0.6623631119728088,0.7196347713470459,-0.00639366777613759,0.6461966037750244,0.6392940282821655,-0.019435204565525055,0.6398294568061829,0.5927805304527283,-0.02758929133415222,0.6357455253601074,0.5531493425369263,-0.031813450157642365,0.697809636592865,0.7117725014686584,-0.004469641949981451,0.7000294327735901,0.6233775615692139,-0.021355653181672096,0.7031261324882507,0.570487380027771,-0.03314504399895668,0.7089385390281677,0.5280898809432983,-0.037449706345796585,0.7314120531082153,0.7254330515861511,-0.006994242779910564,0.7413569688796997,0.691552996635437,-0.03739829733967781,0.736004114151001,0.7453365921974182,-0.044793687760829926,0.7345309853553772,0.7794703245162964,-0.039338402450084686,0.7589762210845947,0.7485881447792053,-0.011212138459086418,0.7596163153648376,0.7211673259735107,-0.03411606326699257,0.7525378465652466,0.7631635665893555,-0.03354781121015549,0.7503645420074463,0.7903057932853699,-0.02681858278810978,PEACE
0.7427459955215454,0.9015446305274963,6.194740080900374e-07,0.7047075629234314,0.8579004406929016,-0.02787543646991253,0.6893685460090637,0.7881437540054321,-0.035703226923942566,0.7191674113273621,0.7244925498962402,-0.04257964715361595,0.7439797520637512,0.6758342981338501,-0.04786653816699982,0.6623956561088562,0.7203843593597412,-0.004660643171519041,0.6464992165565491,0.6411299109458923,-0.016397761180996895,0.6400818824768066,0.5938994884490967,-0.024401765316724777,0.635667085647583,0.554458737373352,-0.02902049757540226,0.6985859274864197,0.7129513621330261,-0.0023665984626859426,0.6993455290794373,0.6251715421676636,-0.017260536551475525,0.7019949555397034,0.572273850440979,-0.028389325365424156,0.7076833248138428,0.530306339263916,-0.032763656228780746,0.7330419421195984,0.7285856008529663,-0.004798186011612415,0.7407394647598267,0.6925104856491089,-0.033898141235113144,0.7367791533470154,0.7457759976387024,-0.04088125377893448,0.7363417744636536,0.7791928052902222,-0.03569091483950615,0.7611011862754822,0.7539414763450623,-0.009076051414012909,0.758622407913208,0.7224889397621155,-0.03254702314734459,0.7535495162010193,0.7634353637695312,-0.03226947784423828,0.7532815933227539,0.789398729801178,-0.025889927521348,PEACE
0.7418437600135803,0.9011554718017578,6.435070645238739e-07,0.7029709815979004,0.8576248288154602,-0.02795201539993286,0.6881214380264282,0.7877469658851624,-0.035557035356760025,0.7174391150474548,0.7233186364173889,-0.04202114790678024,0.7424526214599609,0.6736785769462585,-0.04668501019477844,0.6612382531166077,0.7188007235527039,-0.0030350429005920887,0.6452897787094116,0.639029860496521,-0.013547849841415882,0.6389829516410828,0.5925914645195007,-0.020664451643824577,0.6346402764320374,0.5536848902702332,-0.024648765102028847,0.6977784037590027,0.7115676403045654,-0.0003485690103843808,0.699207067489624,0.6219851970672607,-0.014733416959643364,0.702234148979187,0.5700684189796448,-0.025703029707074165,0.7079004645347595,0.5295528173446655,-0.0297246091067791,0.7322931289672852,0.7271724343299866,-0.0023944296408444643,0.7414050102233887,0.6915386319160461,-0.031174490228295326,0.7361928224563599,0.7468596696853638,-0.03826606273651123,0.7338444590568542,0.7798023819923401,-0.03307162597775459,0.760232150554657,0.7518385052680969,-0.0062120347283780575,0.7591001987457275,0.7231814861297607,-0.02897392027080059,0.7529202699661255,0.7666388750076294,-0.028421606868505478,0.7511163353919983,0.7920438051223755,-0.021944591775536537,PEACE
0.742106556892395,0.8997616767883301,6.235006821952993e-07,0.7026676535606384,0.8569361567497253,-0.027741776779294014,0.6873340606689453,0.7861407995223999,-0.0357842743396759,0.7171857357025146,0.7224809527397156,-0.04262802377343178,0.7430363297462463,0.6739985942840576,-0.047896064817905426,0.6609879732131958,0.7190684080123901,-0.006772480905056,0.6452582478523254,0.6383066177368164,-0.01805766113102436,0.6395155787467957,0.5914983749389648,-0.025417106226086617,0.6356823444366455,0.552401602268219,-0.02941134199500084,0.6981729865074158,0.711251974105835,-0.004055650904774666,0.6997095942497253,0.6214189529418945,-0.017945174127817154,0.7027124762535095,0.5692702531814575,-0.028654001653194427,0.7081435322761536,0.5289497375488281,-0.03279834985733032,0.7328367233276367,0.726681113243103,-0.00572229316458106,0.7384030222892761,0.6929926872253418,-0.03323419392108917,0.7332668900489807,0.7447763681411743,-0.04103866592049599,0.7320118546485901,0.7769901156425476,-0.03684704005718231,0.7608019709587097,0.7517154216766357,-0.009113619104027748,0.7567945718765259,0.7241081595420837,-0.03081316314637661,0.7498269081115723,0.7647225260734558,-0.03076096996665001,0.7483276128768921,0.7903761863708496,-0.024935899302363396,PEACE
0.7424688935279846,0.9009230136871338,6.348645911202766e-07,0.7036457061767578,0.8540114164352417,-0.029403340071439743,0.6895910501480103,0.7841944098472595,-0.03683774173259735,0.7193542718887329,0.722684383392334,-0.0427432619035244,0.7452871799468994,0.6753674745559692,-0.046791765838861465,0.66220623254776,0.7182167172431946,-0.003445832524448633,0.6470572352409363,0.6385622620582581,-0.013512698002159595,0.6415501832962036,0.5923746824264526,-0.020892519503831863,0.6377173066139221,0.5533226728439331,-0.02507331594824791,0.6989730000495911,0.7106382250785828,0.0008637667633593082,0.6999937891960144,0.6222269535064697,-0.011791683733463287,0.7031033635139465,0.5693268179893494,-0.02288050577044487,0.7084418535232544,0.5284079313278198,-0.027473870664834976,0.7334346771240234,0.725851833820343,0.00023868493735790253,0.7427875399589539,0.6897026896476746,-0.027126502245664597,0.7387396693229675,0.7403896450996399,-0.03677637130022049,0.7372674345970154,0.7742348909378052,-0.033622290939092636,0.7610097527503967,0.7502644062042236,-0.002244264120236039,0.7612989544868469,0.7218114733695984,-0.024346431717276573,0.7552956342697144,0.7617284655570984,-0.02605501376092434,0.7533296346664429,0.788611888885498,-0.021339958533644676,PEACE
0.7427732944488525,0.9015806913375854,6.25201323600777e-07,0.7039646506309509,0.8561044931411743,-0.028410961851477623,0.6891411542892456,0.7869230508804321,-0.03697570785880089,0.7191099524497986,0.7232776284217834,-0.04444986581802368,0.7445276379585266,0.6753240823745728,-0.050473399460315704,0.6623637676239014,0.7207742929458618,-0.006628751754760742,0.6463056802749634,0.6406915783882141,-0.019098825752735138,0.6405672430992126,0.5935741662979126,-0.027777772396802902,0.6369098424911499,0.5541325807571411,-0.03266138955950737,0.6995625495910645,0.7132882475852966,-0.0036783525720238686,0.6997583508491516,0.6237836480140686,-0.018484294414520264,0.7030413150787354,0.5717984437942505,-0.03040754422545433,0.7091158032417297,0.5318703055381775,-0.03542137145996094,0.7342625260353088,0.7292851209640503,-0.0052860453724861145,0.7389727830886841,0.6945768594741821,-0.03392864763736725,0.7344656586647034,0.7428402900695801,-0.043641649186611176,0.7345817685127258,0.77524733543396,-0.04053042456507683,0.7619633674621582,0.754572331905365,-0.008612952195107937,0.7578936815261841,0.7256603240966797,-0.031438786536455154,0.7501419186592102,0.7625203728675842,-0.03304504603147507,0.748484194278717,0.7881955504417419,-0.028204776346683502,PEACE
0.7434234619140625,0.9041699171066284,6.202127451615524e-07,0.7041690349578857,0.8577011823654175,-0.027041872963309288,0.6906031966209412,0.785571813583374,-0.03384127467870712,0.7208301424980164,0.7221065759658813,-0.039565302431583405,0.7463668584823608,0.6744704246520996,-0.043583523482084274,0.6621178388595581,0.7202888131141663,-0.0029928511939942837,0.6465912461280823,0.6401153206825256,-0.013705548830330372,0.6408138871192932,0.5933072566986084,-0.02122209221124649,0.6368658542633057,0.5542523860931396,-0.025368567556142807,0.6992499828338623,0.7118632197380066,-0.00024040394055191427,0.699608564376831,0.6227744817733765,-0.012975887395441532,0.7028932571411133,0.5707491636276245,-0.02328220196068287,0.7088406085968018,0.5297476053237915,-0.027224553748965263,0.7343651652336121,0.7267014980316162,-0.0021518233697861433,0.7431055903434753,0.6918923258781433,-0.028367524966597557,0.7381446957588196,0.7427902817726135,-0.03550861030817032,0.7363741993904114,0.7742986083030701,-0.031067417934536934,0.7623475193977356,0.7520936727523804,-0.005918156821280718,0.7622330784797668,0.7241663336753845,-0.02678091637790203,0.7561074495315552,0.7639132738113403,-0.026394566521048546,0.7544142007827759,0.7887572646141052,-0.02036050707101822,PEACE
0.7421062588691711,0.9017277359962463,6.174843178996525e-07,0.7031962871551514,0.857525110244751,-0.028049049898982048,0.688255250453949,0.7860229015350342,-0.036304496228694916,0.7191557288169861,0.7230333685874939,-0.04332704842090607,0.744579553604126,0.6745175123214722,-0.04873603582382202,0.6619369387626648,0.716389536857605,-0.005923532415181398,0.6464265584945679,0.6387596726417542,-0.01790323480963707,0.6404855251312256,0.5922154784202576,-0.026092706248164177,0.6369712948799133,0.5533180832862854,-0.030725179240107536,0.6992425322532654,0.7101958394050598,-0.003574458183720708,0.7005227208137512,0.6224972009658813,-0.018381813541054726,0.7032222151756287,0.5714120268821716,-0.029422665014863014,0.7090839743614197,0.5305728316307068,-0.033651649951934814,0.7345101833343506,0.7268977165222168,-0.005793109070509672,0.740897536277771,0.6950210928916931,-0.03396683558821678,0.7345532178878784,0.7499211430549622,-0.04042818024754524,0.7321251034736633,0.7812052369117737,-0.03519178554415703,0.7631924748420715,0.753754198551178,-0.009902285411953926,0.7595969438552856,0.7271402478218079,-0.032055534422397614,0.7529194355010986,0.7701724767684937,-0.030960800126194954,0.7515117526054382,0.794400155544281,-0.024306850507855415,PEACE
0.7434639930725098,0.9013142585754395,6.13078100286657e-07,0.7048981785774231,0.8574897646903992,-0.02797519415616989,0.689224362373352,0.7877086997032166,-0.03585729002952576,0.7190411686897278,0.7251509428024292,-0.042698781937360764,0.7457579970359802,0.6775693893432617,-0.04795372486114502,0.6634586453437805,0.7202358841896057,-0.005571459420025349,0.6477819085121155,0.6394738554954529,-0.016564780846238136,0.6423417329788208,0.5929397344589233,-0.02350928634405136,0.6388248205184937,0.5538648962974548,-0.027033986523747444,0.6999863982200623,0.7121490836143494,-0.002394726499915123,0.7015371322631836,0.6228919625282288,-0.015942038968205452,0.7043417692184448,0.5705735683441162,-0.0261529553681612,0.7095364332199097,0.5308012962341309,-0.0297840628772974,0.7343345880508423,0.7265477180480957,-0.0038490011356770992,0.7412583231925964,0.6927804350852966,-0.032084427773952484,0.736886739730835,0.7446871995925903,-0.04053556174039841,0.7362000346183777,0.7786539793014526,-0.03625556826591492,0.7620386481285095,0.7505431175231934,-0.00698796845972538,0.759402334690094,0.7211563587188721,-0.029146676883101463,0.7528260946273804,0.762263834476471,-0.02963264472782612,0.7518160939216614,0.7902511358261108,-0.023900963366031647,PEACE
0.745094895362854,0.9028195142745972,6.176068154672976e-07,0.7048251628875732,0.8593969345092773,-0.027711451053619385,0.6886847615242004,0.7887213230133057,-0.03603411465883255,0.7191018462181091,0.7258308529853821,-0.04335775598883629,0.7442383766174316,0.6765556931495667,-0.04891186207532883,0.663872480392456,0.7188878655433655,-0.005367508623749018,0.6482449769973755,0.6396624445915222,-0.016806388273835182,0.642223060131073,0.5935718417167664,-0.024525761604309082,0.6384027600288391,0.5550589561462402,-0.02888866700232029,0.7007138133049011,0.7115431427955627,-0.0028786594048142433,0.7023802399635315,0.6232503652572632,-0.01696114055812359,0.7052478790283203,0.5714735984802246,-0.027704617008566856,0.7109573483467102,0.530556857585907,-0.031953513622283936,0.7353074550628662,0.7269129157066345,-0.005002083256840706,0.7444798350334167,0.6908899545669556,-0.032296694815158844,0.738612949848175,0.7439171075820923,-0.03879086300730705,0.7364529967308044,0.7769205570220947,-0.03380822390317917,0.7634384632110596,0.752281129360199,-0.009024175815284252,0.7621849775314331,0.7231076955795288,-0.030338680371642113,0.7550570964813232,0.7637774348258972,-0.029489582404494286,0.752971351146698,0.7893937230110168,-0.02312852069735527,PEACE
0.7422266006469727,0.901244044303894,6.042997711119824e-07,0.7030365467071533,0.8572396636009216,-0.027245255187153816,0.689085066318512,0.78668612241745,-0.036158882081508636,0.7186063528060913,0.726490318775177,-0.04430359974503517,0.7425628900527954,0.6784920692443848,-0.050867754966020584,0.6647284030914307,0.7170037031173706,-0.0067128269001841545,0.6497000455856323,0.6394709944725037,-0.018948744982481003,0.6438520550727844,0.5940316915512085,-0.02676752582192421,0.6407836675643921,0.5552812814712524,-0.031071949750185013,0.701532244682312,0.7116348147392273,-0.005173766519874334,0.7035115957260132,0.6248404383659363,-0.020380128175020218,0.7065070271492004,0.5736172795295715,-0.031820978969335556,0.7129010558128357,0.5319167375564575,-0.0366252176463604,0.7361863255500793,0.728223443031311,-0.00808622781187296,0.7434827089309692,0.6946890950202942,-0.0363948717713356,0.7361510992050171,0.7471458315849304,-0.04411287233233452,0.7332710027694702,0.7787537574768066,-0.04006313160061836,0.7643760442733765,0.7540000081062317,-0.012752963230013847,0.7611157298088074,0.7270098924636841,-0.03428684547543526,0.7526199817657471,0.7668740153312683,-0.0341503843665123,0.749942421913147,0.7910051941871643,-0.02858809381723404,PEACE
0.7429466247558594,0.9029592275619507,5.971814971417189e-07,0.7034274339675903,0.856414794921875,-0.023909088224172592,0.6890237331390381,0.7857344746589661,-0.031156932935118675,0.7191093564033508,0.7234393954277039,-0.03834298253059387,0.7435859441757202,0.6757761240005493,-0.044106803834438324,0.6650142073631287,0.7196168899536133,-0.0026374368462711573,0.6498372554779053,0.639863908290863,-0.014318081550300121,0.6441264152526855,0.5936865210533142,-0.021972207352519035,0.640659511089325,0.5546109676361084,-0.026159489527344704,0.7021011114120483,0.7133294343948364,-0.002438903320580721,0.7042641639709473,0.6247841715812683,-0.01752851903438568,0.7071179151535034,0.5722740888595581,-0.02942410670220852,0.7131221294403076,0.5303465127944946,-0.03436044976115227,0.7367714047431946,0.7295883893966675,-0.00637621758505702,0.7410476803779602,0.6955472826957703,-0.034230612218379974,0.7337067723274231,0.7466781735420227,-0.04124630615115166,0.7323870062828064,0.7784988284111023,-0.03657884895801544,0.765011727809906,0.7556390166282654,-0.011823922395706177,0.758738100528717,0.7284554243087769,-0.03282672539353371,0.7504387497901917,0.7678079009056091,-0.031550083309412,0.7495429515838623,0.7925370931625366,-0.024934684857726097,PEACE
0.7431301474571228,0.904085636138916,6.000717007736966e-07,0.7042007446289062,0.8585057258605957,-0.02467288263142109,0.6899193525314331,0.7857265472412109,-0.031193457543849945,0.719809353351593,0.7239711880683899,-0.03733718395233154,0.744601845741272,0.676815390586853,-0.04187095910310745,0.666379988193512,0.718681812286377,-0.002359342062845826,0.6516322493553162,0.6392301321029663,-0.012855562381446362,0.6461644172668457,0.593098521232605,-0.01953449845314026,0.6427964568138123,0.5545753836631775,-0.02325979247689247,0.7028255462646484,0.7124951481819153,-0.0014793144073337317,0.7051617503166199,0.6240329146385193,-0.016076650470495224,0.7079216837882996,0.5719430446624756,-0.027400122955441475,0.7140284776687622,0.53122878074646,-0.03175417333841324,0.7375061511993408,0.7286274433135986,-0.004868279676884413,0.7448071837425232,0.6960680484771729,-0.03234751150012016,0.7385784387588501,0.7495135068893433,-0.038860857486724854,0.7368940711021423,0.7818851470947266,-0.0336957611143589,0.7653861045837402,0.7541955709457397,-0.009890399873256683,0.7619339227676392,0.7277206182479858,-0.031055083498358727,0.7550185322761536,0.7687747478485107,-0.03008662350475788,0.7540837526321411,0.7931318283081055,-0.02362595871090889,PEACE
0.7441134452819824,0.9045246243476868,5.918215038036578e-07,0.7021187543869019,0.8587415218353271,-0.024519968777894974,0.6869115829467773,0.7849637866020203,-0.03154658526182175,0.717494547367096,0.7248055338859558,-0.03838491067290306,0.7427066564559937,0.6784228682518005,-0.043670233339071274,0.6667971014976501,0.7173582315444946,-0.0037675786297768354,0.6519005298614502,0.6382258534431458,-0.014478402212262154,0.6467887163162231,0.5932197570800781,-0.02120017446577549,0.6438359022140503,0.5551965236663818,-0.02479630336165428,0.703371524810791,0.7114576101303101,-0.003253833157941699,0.7058470249176025,0.6227447390556335,-0.016479438170790672,0.7086637616157532,0.5721733570098877,-0.0264046061784029,0.7152332067489624,0.5307934880256653,-0.029986001551151276,0.7379469275474548,0.7283423542976379,-0.007070571184158325,0.7418892979621887,0.6948434710502625,-0.032554395496845245,0.7334940433502197,0.7488840222358704,-0.037883780896663666,0.7310688495635986,0.7800920605659485,-0.032359082251787186,0.7662160992622375,0.7551168203353882,-0.012663733214139938,0.7615628838539124,0.7226444482803345,-0.03169849142432213,0.7512670159339905,0.7597355246543884,-0.029608624055981636,0.7476760149002075,0.7821052074432373,-0.022724289447069168,PEACE
0.7439150214195251,0.9009542465209961,5.67298116038728e-07,0.7028372287750244,0.8573528528213501,-0.02512512169778347,0.687294602394104,0.7852543592453003,-0.03300248458981514,0.7160349488258362,0.7263607382774353,-0.04041920602321625,0.7397379279136658,0.6798976063728333,-0.04613586515188217,0.6687518954277039,0.7144944071769714,-0.006320863962173462,0.6542030572891235,0.6374197006225586,-0.018036235123872757,0.648692786693573,0.593379020690918,-0.024938853457570076,0.6456925868988037,0.5550887584686279,-0.02863983064889908,0.7050517201423645,0.7082540988922119,-0.005846197251230478,0.7073864340782166,0.6216427087783813,-0.02073756419122219,0.7102252244949341,0.5730760097503662,-0.031185906380414963,0.7164195775985718,0.5327286720275879,-0.03506507724523544,0.7393356561660767,0.7242804765701294,-0.009575925767421722,0.7448660731315613,0.6947879791259766,-0.03686198592185974,0.7377082705497742,0.7489323616027832,-0.04281151667237282,0.7352750897407532,0.7794045209884644,-0.03762077912688255,0.7676746249198914,0.7501795887947083,-0.015026098117232323,0.7651413083076477,0.7235882878303528,-0.035327378660440445,0.756220817565918,0.7635037302970886,-0.033906444907188416,0.7527299523353577,0.7868465185165405,-0.027536971494555473,PEACE
0.7463515996932983,0.9012722969055176,5.845429882356257e-07,0.7045812606811523,0.8532465696334839,-0.023715168237686157,0.688983142375946,0.7813020944595337,-0.03008720837533474,0.7178940773010254,0.7227356433868408,-0.036604948341846466,0.7407265901565552,0.678001880645752,-0.041664473712444305,0.6697130799293518,0.713391900062561,-0.0002534696541260928,0.6552151441574097,0.6374258399009705,-0.011686106212437153,0.6499504446983337,0.5927819013595581,-0.019766969606280327,0.6478002071380615,0.5535681247711182,-0.02458908222615719,0.7060040831565857,0.7080280184745789,-0.0003301647666376084,0.7086142897605896,0.6228823065757751,-0.01590862311422825,0.7117222547531128,0.5736081600189209,-0.028266334906220436,0.7190099954605103,0.5324411988258362,-0.03336663544178009,0.7405030131340027,0.7251318097114563,-0.004842744208872318,0.7471852898597717,0.6907454133033752,-0.033206596970558167,0.7379859089851379,0.7451915740966797,-0.040437664836645126,0.7347918748855591,0.7775616645812988,-0.03573624789714813,0.7691295742988586,0.7524197101593018,-0.010970940813422203,0.7661498785018921,0.722976565361023,-0.032787930220365524,0.7560732960700989,0.7628578543663025,-0.03245270624756813,0.7526809573173523,0.7872945070266724,-0.02643432654440403,PEACE
0.7460119128227234,0.8997702598571777,5.777841920462379e-07,0.7028622031211853,0.8532860279083252,-0.023850327357649803,0.6867493391036987,0.7821742296218872,-0.030473366379737854,0.7145516276359558,0.7235744595527649,-0.03712620586156845,0.7355684638023376,0.6780596971511841,-0.041993528604507446,0.6718913316726685,0.7114372849464417,-0.0006595174199901521,0.6588454842567444,0.6356077194213867,-0.011221187189221382,0.653931200504303,0.593096137046814,-0.01804550737142563,0.6517654061317444,0.5549843907356262,-0.021891962736845016,0.7066115736961365,0.705729067325592,-0.0002919691614806652,0.7112133502960205,0.6233702898025513,-0.015882544219493866,0.7146342992782593,0.5753474831581116,-0.02728985995054245,0.7221147418022156,0.5359969735145569,-0.031430795788764954,0.7395082712173462,0.721490740776062,-0.004293621517717838,0.7480488419532776,0.691152811050415,-0.03236343339085579,0.7406981587409973,0.7479142546653748,-0.038347866386175156,0.7388245463371277,0.7818626165390015,-0.03263510763645172,0.7679993510246277,0.7465987205505371,-0.01002794224768877,0.7671668529510498,0.7196544408798218,-0.03165756165981293,0.7606555223464966,0.762643039226532,-0.030676571652293205,0.759861409664154,0.7881721258163452,-0.024017296731472015,PEACE
0.7449494004249573,0.9010608792304993,5.096458721709496e-07,0.7014584541320801,0.8542906641960144,-0.0195399671792984,0.6852651238441467,0.7824200987815857,-0.02529139257967472,0.7099614143371582,0.7242534756660461,-0.03217076510190964,0.7276679277420044,0.6785404086112976,-0.03772670030593872,0.6745757460594177,0.7110746502876282,0.0009821470594033599,0.6624374389648438,0.6383768916130066,-0.010691748932003975,0.6585127711296082,0.5965920090675354,-0.018259968608617783,0.6570438742637634,0.5595824718475342,-0.022362902760505676,0.7088668942451477,0.7073174118995667,-0.0015302295796573162,0.7128135561943054,0.626662015914917,-0.01645311713218689,0.7151749730110168,0.581683874130249,-0.02644280344247818,0.7213518023490906,0.5437002778053284,-0.02982918918132782,0.7416812777519226,0.7239197492599487,-0.008130337111651897,0.7437872886657715,0.6916251182556152,-0.03452344983816147,0.7342228889465332,0.7467637062072754,-0.03800468146800995,0.7321382164955139,0.7782968282699585,-0.031336117535829544,0.7704432606697083,0.7515320777893066,-0.016245778650045395,0.7644331455230713,0.71956866979599,-0.03470321744680405,0.7554710507392883,0.7614874243736267,-0.03041563741862774,0.7545696496963501,0.7863959074020386,-0.022133292630314827,PEACE
0.751216471195221,0.8991296887397766,2.614345930851414e-07,0.7038982510566711,0.8588497638702393,-0.014242039993405342,0.6843332052230835,0.7924155592918396,-0.021272379904985428,0.6911427974700928,0.7318517565727234,-0.031067118048667908,0.6929041147232056,0.684762179851532,-0.038121297955513,0.6876848936080933,0.7141704559326172,0.004842699505388737,0.674680769443512,0.6526097059249878,-0.015457410365343094,0.6736829876899719,0.6198596358299255,-0.030034329742193222,0.6758805513381958,0.6032493710517883,-0.037783484905958176,0.723473846912384,0.7138134241104126,-0.0024297863710671663,0.7281713485717773,0.6394476890563965,-0.03228552266955376,0.723885715007782,0.6216080188751221,-0.04961046949028969,0.7242723703384399,0.6224468946456909,-0.05463649332523346,0.7556083798408508,0.7299657464027405,-0.01324342843145132,0.7533670663833618,0.6974129676818848,-0.04373582825064659,0.7437664270401001,0.7531404495239258,-0.040844157338142395,0.7422154545783997,0.7888643145561218,-0.02881743386387825,0.7860226035118103,0.7554630637168884,-0.02574368566274643,0.7793364524841309,0.7296158075332642,-0.042352549731731415,0.7705902457237244,0.7697770595550537,-0.033300209790468216,0.7680699825286865,0.7945387363433838,-0.020837528631091118,PEACE
0.7514129877090454,0.8916944265365601,2.0047886550855765e-07,0.703292191028595,0.8582469820976257,-0.0171311367303133,0.6792909502983093,0.7947168946266174,-0.02531852014362812,0.6777066588401794,0.7340804934501648,-0.0355752557516098,0.6735185980796814,0.6877714991569519,-0.04315651208162308,0.6889333724975586,0.7145506143569946,0.00012077718565706164,0.6784148812294006,0.6598100066184998,-0.028078582137823105,0.6780126690864563,0.6273117065429688,-0.04754005745053291,0.6807085871696472,0.6161766648292542,-0.0575484037399292,0.7248477339744568,0.7127625942230225,-0.007240557577461004,0.7291792035102844,0.6400831937789917,-0.04973142221570015,0.7255296111106873,0.6412301063537598,-0.0713919997215271,0.7244096398353577,0.6610608100891113,-0.07528650760650635,0.757742166519165,0.7275710105895996,-0.018282655626535416,0.7561970949172974,0.6945141553878784,-0.056984152644872665,0.749328076839447,0.7547730207443237,-0.052421752363443375,0.7458646893501282,0.7899221777915955,-0.03634490817785263,0.7892497777938843,0.752496600151062,-0.031053908169269562,0.7833675146102905,0.7269170880317688,-0.05237768590450287,0.7764196395874023,0.7694189548492432,-0.04267213121056557,0.7726997137069702,0.7921422719955444,-0.027983857318758965,PEACE
0.7546718120574951,0.8867833614349365,1.3588486069693317e-07,0.7038267254829407,0.85874342918396,-0.0214079637080431,0.6751093864440918,0.7923385500907898,-0.03148750588297844,0.6641925573348999,0.732703447341919,-0.04247180372476578,0.6487786769866943,0.6925727725028992,-0.0509546622633934,0.6878538727760315,0.7123284935951233,-0.004664548207074404,0.682813823223114,0.6567946672439575,-0.039341315627098083,0.6799677610397339,0.6287087202072144,-0.06350838392972946,0.6797676086425781,0.6312826871871948,-0.07478748261928558,0.7258030772209167,0.7127425670623779,-0.01127199362963438,0.7307324409484863,0.6326507925987244,-0.059824857860803604,0.7244320511817932,0.6501504778862,-0.08331863582134247,0.7205818891525269,0.6923243999481201,-0.08541501313447952,0.7601222991943359,0.728905200958252,-0.02220943011343479,0.7590047717094421,0.6940950155258179,-0.06637591868638992,0.7510809898376465,0.7546296715736389,-0.06384723633527756,0.7464661002159119,0.7935768961906433,-0.046898484230041504,0.7931618690490723,0.7545033097267151,-0.03501288220286369,0.7881436944007874,0.725912868976593,-0.06134033203125,0.7790663242340088,0.7701008319854736,-0.05328156426548958,0.7730805277824402,0.7971618175506592,-0.03822654113173485,PEACE
0.7525943517684937,0.8829677104949951,-8.283969776812228e-08,0.7015254497528076,0.8549928665161133,-0.01884196698665619,0.6678322553634644,0.7900130152702332,-0.028965411707758904,0.6502179503440857,0.7334299087524414,-0.039983849972486496,0.631200909614563,0.6956748366355896,-0.048656102269887924,0.6910274624824524,0.7074248194694519,-0.007479075342416763,0.6855812072753906,0.6459742188453674,-0.04295605421066284,0.6779265403747559,0.6318951845169067,-0.06500717252492905,0.6761481165885925,0.651045560836792,-0.0735238566994667,0.7287722826004028,0.7063964009284973,-0.014121578074991703,0.7303869724273682,0.632398247718811,-0.058568235486745834,0.719186007976532,0.6697788238525391,-0.07452522218227386,0.7148247957229614,0.7192858457565308,-0.07176051288843155,0.7637538313865662,0.7223996520042419,-0.025515954941511154,0.7620289921760559,0.6938079595565796,-0.06604431569576263,0.7497715950012207,0.7525860071182251,-0.06298613548278809,0.745186448097229,0.790497362613678,-0.04739110544323921,0.7969222068786621,0.7475566267967224,-0.038477346301078796,0.7897423505783081,0.7294990420341492,-0.06354551017284393,0.7772510647773743,0.7726840376853943,-0.057555366307497025,0.7721144556999207,0.7982969880104065,-0.04486537352204323,PEACE
0.7525827288627625,0.886670708656311,-3.439512283875956e-07,0.7023298740386963,0.8559786081314087,-0.01650378480553627,0.662330687046051,0.7846807241439819,-0.026957638561725616,0.6364226937294006,0.7320518493652344,-0.03929857164621353,0.6063768863677979,0.7023807168006897,-0.04951760917901993,0.6994869709014893,0.7000932097434998,-0.005412721075117588,0.6919307708740234,0.6357888579368591,-0.03849400579929352,0.6778563261032104,0.6487199068069458,-0.05675383657217026,0.6721273064613342,0.6819950938224792,-0.06323550641536713,0.7349391579627991,0.7031261920928955,-0.013285115361213684,0.7250694632530212,0.6419402956962585,-0.05132954940199852,0.7069621086120605,0.7069836258888245,-0.058703549206256866,0.7054840922355652,0.7521613836288452,-0.051107753068208694,0.7694650888442993,0.7220245599746704,-0.026590880006551743,0.7587233185768127,0.6968467235565186,-0.061710696667432785,0.7441056966781616,0.7610243558883667,-0.05480184778571129,0.746136486530304,0.7912245988845825,-0.03865700215101242,0.8027215003967285,0.749702513217926,-0.04163908213376999,0.7885021567344666,0.7356364727020264,-0.06035531684756279,0.7731934785842896,0.7791416645050049,-0.051698215305805206,0.7743901610374451,0.7959070801734924,-0.03913689777255058,PEACE
0.7487207651138306,0.8911710381507874,-5.054374128121708e-07,0.7008652091026306,0.8534609079360962,-0.015056931413710117,0.6608677506446838,0.7805890440940857,-0.025531435385346413,0.6345348358154297,0.7275761961936951,-0.03816943243145943,0.605170726776123,0.6945164203643799,-0.048033419996500015,0.7084088921546936,0.6915833950042725,-0.004950529895722866,0.6908559799194336,0.6325401067733765,-0.03693350777029991,0.6722491383552551,0.662283718585968,-0.05400197207927704,0.6674541234970093,0.7014061212539673,-0.06044439226388931,0.743050754070282,0.6968054175376892,-0.012784748338162899,0.724723219871521,0.6531510353088379,-0.0475006103515625,0.7032886743545532,0.7232670187950134,-0.05228469520807266,0.7040696144104004,0.7620567679405212,-0.045453112572431564,0.7760204672813416,0.7184606194496155,-0.0261793565005064,0.756293773651123,0.70030277967453,-0.05724054202437401,0.738832414150238,0.7625245451927185,-0.04800107702612877,0.7435429692268372,0.7885171175003052,-0.03310469537973404,0.8065304160118103,0.7491980791091919,-0.04154172167181969,0.7837133407592773,0.7456794381141663,-0.0576249323785305,0.7675948739051819,0.7865837812423706,-0.04917624220252037,0.7728714942932129,0.797999918460846,-0.03825182840228081,PEACE
0.7479783892631531,0.8932533264160156,-5.701544409930648e-07,0.6965988874435425,0.8482849597930908,-0.01837882213294506,0.659331738948822,0.771620512008667,-0.030531082302331924,0.632952868938446,0.7155815958976746,-0.04441824182868004,0.6027287840843201,0.6787506341934204,-0.05475100129842758,0.7109245657920837,0.6815643310546875,-0.005830838810652494,0.6864057183265686,0.6329595446586609,-0.040980514138936996,0.6680257320404053,0.6788758039474487,-0.060969654470682144,0.664086639881134,0.7202768921852112,-0.06926339119672775,0.7458621859550476,0.6900899410247803,-0.01256479136645794,0.7224694490432739,0.6581939458847046,-0.04890060797333717,0.700840175151825,0.7310750484466553,-0.0554998554289341,0.7018962502479553,0.7645623683929443,-0.0508437342941761,0.7776756286621094,0.7157876491546631,-0.025438761338591576,0.7546852231025696,0.7009361982345581,-0.058986760675907135,0.7351871728897095,0.766858696937561,-0.049716509878635406,0.739488959312439,0.7918646335601807,-0.03488669916987419,0.8057554364204407,0.7508872151374817,-0.04055925831198692,0.7816876769065857,0.7465316653251648,-0.05883732810616493,0.7620947360992432,0.789940595626831,-0.05031019076704979,0.7654752731323242,0.803464949131012,-0.038937389850616455,PEACE
0.750606119632721,0.9010517001152039,-5.946828309788543e-07,0.694381594657898,0.8447511792182922,-0.020420974120497704,0.6609562039375305,0.7658208608627319,-0.0328291580080986,0.6355776786804199,0.7069928050041199,-0.046312011778354645,0.610043466091156,0.6604897975921631,-0.05531274899840355,0.721364438533783,0.6718508005142212,-0.0035957542713731527,0.6819292902946472,0.6406122446060181,-0.03771018236875534,0.6674824953079224,0.6953451633453369,-0.05868455767631531,0.6702556610107422,0.7299056649208069,-0.06890659779310226,0.756426215171814,0.6814978122711182,-0.008395465090870857,0.7137153148651123,0.6695547103881836,-0.0421694815158844,0.6931681036949158,0.7356112599372864,-0.050839051604270935,0.6988615989685059,0.7573109269142151,-0.05020417645573616,0.7860077023506165,0.7112067341804504,-0.019472457468509674,0.7438411116600037,0.709719181060791,-0.052115604281425476,0.723446786403656,0.7675305008888245,-0.04532712697982788,0.7318876385688782,0.7837396860122681,-0.03367732837796211,0.8073674440383911,0.7504481673240662,-0.03310708329081535,0.7679747939109802,0.7578296661376953,-0.052757203578948975,0.7470844984054565,0.7965612411499023,-0.04735834151506424,0.7535703778266907,0.8082728981971741,-0.03839864581823349,PEACE
0.751010000705719,0.9027677178382874,-5.857856990587607e-07,0.6903075575828552,0.8345450758934021,-0.013930130749940872,0.6612005233764648,0.7566139101982117,-0.023167608305811882,0.6418237090110779,0.7007644176483154,-0.03433321788907051,0.6202364563941956,0.6522930860519409,-0.04190726578235626,0.7247509956359863,0.6685813069343567,-0.0004735854745376855,0.6746358275413513,0.6485371589660645,-0.02996254898607731,0.6632355451583862,0.7003231644630432,-0.04850859194993973,0.668199360370636,0.7311003804206848,-0.057721152901649475,0.7595697045326233,0.6813946962356567,-0.0068010021932423115,0.700337827205658,0.6845165491104126,-0.03398791700601578,0.6855964064598083,0.7464575171470642,-0.04075121134519577,0.696202278137207,0.762779176235199,-0.0407891608774662,0.7861267328262329,0.7140507698059082,-0.01828514225780964,0.7281473278999329,0.7237343788146973,-0.04551434889435768,0.7107911109924316,0.7772821187973022,-0.038467854261398315,0.7220795154571533,0.789273738861084,-0.02832847833633423,0.8017187714576721,0.7554413676261902,-0.03178587183356285,0.7515317797660828,0.7686000466346741,-0.04806118458509445,0.7346438765525818,0.8021954298019409,-0.042183421552181244,0.7445550560951233,0.8119252920150757,-0.03350306302309036,PEACE
0.750870943069458,0.9046585559844971,-5.851273954249336e-07,0.6880492568016052,0.8314570188522339,-0.012076358310878277,0.6591505408287048,0.7519019842147827,-0.01930878683924675,0.6433509588241577,0.6928685903549194,-0.02825167402625084,0.6275538802146912,0.6392723321914673,-0.033662114292383194,0.7213702201843262,0.6668127179145813,-8.325860108016059e-05,0.6615536212921143,0.6604472398757935,-0.029234709218144417,0.6526920199394226,0.7139530181884766,-0.04861367493867874,0.6610777378082275,0.7424988746643066,-0.058592867106199265,0.7533588409423828,0.683840274810791,-0.006971375551074743,0.6858136653900146,0.6976096630096436,-0.03145107626914978,0.6761403679847717,0.756376326084137,-0.037432484328746796,0.6881759762763977,0.7717816829681396,-0.038403239101171494,0.7777098417282104,0.7193139791488647,-0.01884855516254902,0.712506890296936,0.7346214056015015,-0.04327201843261719,0.7013794779777527,0.7853214144706726,-0.03556957468390465,0.7143611907958984,0.7969648838043213,-0.026199884712696075,0.7918782830238342,0.7651771306991577,-0.03277472406625748,0.7375258803367615,0.7786263227462769,-0.04754449427127838,0.7246959209442139,0.8095616102218628,-0.041469868272542953,0.7351900935173035,0.8198058605194092,-0.03311664238572121,PEACE
0.7562234401702881,0.903453528881073,-5.562484375332133e-07,0.6914688348770142,0.8323023319244385,-0.01021111011505127,0.6608091592788696,0.7515133619308472,-0.015969576314091682,0.6477336883544922,0.6869004964828491,-0.022551404312253,0.6338620185852051,0.6307211518287659,-0.025685561820864677,0.719477117061615,0.666275143623352,-0.003929854836314917,0.6488192677497864,0.6741802096366882,-0.028199555352330208,0.6467782258987427,0.7261318564414978,-0.04356774687767029,0.662506639957428,0.7492007613182068,-0.05139396712183952,0.7492383122444153,0.6836665868759155,-0.009881588630378246,0.6714432239532471,0.7110280394554138,-0.030521444976329803,0.6683328151702881,0.762850284576416,-0.034651391208171844,0.6829319000244141,0.7785297632217407,-0.035285722464323044,0.7695670127868652,0.7201188802719116,-0.019734829664230347,0.6965454816818237,0.7446149587631226,-0.04050082340836525,0.6908650398254395,0.7880651354789734,-0.03440919518470764,0.7038495540618896,0.801347017288208,-0.026988286525011063,0.7799038290977478,0.7666892409324646,-0.03130324184894562,0.7202402353286743,0.7876752614974976,-0.044504497200250626,0.7102594375610352,0.8147733807563782,-0.041227590292692184,0.7192893028259277,0.8242369294166565,-0.035259757190942764,PEACE
0.7589617371559143,0.9026656150817871,-4.815622673959297e-07,0.6929919719696045,0.8314128518104553,-0.01244852039963007,0.6653445959091187,0.7486216425895691,-0.01866225339472294,0.6532970666885376,0.6824160218238831,-0.024558614939451218,0.6405493021011353,0.6259813904762268,-0.026566915214061737,0.7225005626678467,0.666398286819458,-0.01152272429317236,0.6436713337898254,0.6833143830299377,-0.035818446427583694,0.6432598233222961,0.7242498993873596,-0.0474238283932209,0.6623831391334534,0.7342973351478577,-0.052536044269800186,0.7478461265563965,0.6895931363105774,-0.016666598618030548,0.6582009196281433,0.7276275753974915,-0.03965451940894127,0.6623566746711731,0.7696533799171448,-0.042042821645736694,0.6840416789054871,0.7739490270614624,-0.0412178598344326,0.7632448673248291,0.7298861742019653,-0.025560444220900536,0.6783519387245178,0.7624431848526001,-0.049708232283592224,0.6787108182907104,0.800910234451294,-0.043826594948768616,0.6968882083892822,0.8069649338722229,-0.03582843765616417,0.7700099945068359,0.7805999517440796,-0.0361199714243412,0.7015656232833862,0.8061308860778809,-0.053003694862127304,0.6939901113510132,0.8302364349365234,-0.052140168845653534,0.7060412168502808,0.8355158567428589,-0.047162897884845734,PEACE
0.7590658068656921,0.9028652310371399,-4.487945943765226e-07,0.6939257383346558,0.8314620852470398,-0.009561141021549702,0.667568564414978,0.747480571269989,-0.015305090695619583,0.6567396521568298,0.6793023943901062,-0.020260058343410492,0.6453090310096741,0.622233510017395,-0.02147965133190155,0.7118100523948669,0.6710221767425537,-0.014182589016854763,0.6296982765197754,0.7010710835456848,-0.03395586088299751,0.6403935551643372,0.7425765991210938,-0.04165831208229065,0.6653578281402588,0.7476793527603149,-0.04494249448180199,0.7342185378074646,0.6966037750244141,-0.020020509138703346,0.6418865919113159,0.7405969500541687,-0.03818929195404053,0.6568908095359802,0.7756791114807129,-0.03724822402000427,0.6814820170402527,0.7769055962562561,-0.03583734109997749,0.7474355101585388,0.7369167804718018,-0.028580864891409874,0.660857081413269,0.7759582996368408,-0.047305572777986526,0.6749352216720581,0.8069522976875305,-0.03922095149755478,0.6975921988487244,0.8074163198471069,-0.032233987003564835,0.7536704540252686,0.786639928817749,-0.03854677081108093,0.6845718026161194,0.818390429019928,-0.05233006924390793,0.6918638348579407,0.8391239643096924,-0.0501943975687027,0.7115978598594666,0.8382518887519836,-0.04593260958790779,PEACE
0.7634187340736389,0.907320499420166,-4.5800916836924443e-07,0.7038506865501404,0.8391430377960205,-0.006954006850719452,0.6735818982124329,0.750528872013092,-0.010996994562447071,0.6581385731697083,0.6807284355163574,-0.014815629459917545,0.6464380025863647,0.6229529976844788,-0.014934992417693138,0.6988041400909424,0.6744199991226196,-0.012027495540678501,0.6164190173149109,0.7084009051322937,-0.03201676532626152,0.6320909261703491,0.7497164011001587,-0.03830017149448395,0.6601109504699707,0.7521508932113647,-0.040207140147686005,0.720096230506897,0.7022080421447754,-0.019103989005088806,0.6285325884819031,0.7508081197738647,-0.03876477852463722,0.6488959789276123,0.7836589217185974,-0.037260252982378006,0.6752312779426575,0.7824370265007019,-0.03473014011979103,0.7343007326126099,0.744035005569458,-0.028810318559408188,0.6476746797561646,0.7861598134040833,-0.049371082335710526,0.6662316918373108,0.8169925212860107,-0.04044734314084053,0.6905472278594971,0.8150604367256165,-0.03198416531085968,0.7429936528205872,0.7956255674362183,-0.03955070301890373,0.6731225848197937,0.8281219005584717,-0.054025717079639435,0.6817072629928589,0.8499437570571899,-0.05107521638274193,0.7011526226997375,0.8476989269256592,-0.045756746083498,PEACE
0.7616927623748779,0.9054026007652283,-4.441888279416162e-07,0.7080828547477722,0.8395299911499023,-0.004660915117710829,0.6765425801277161,0.7490119338035583,-0.009365592151880264,0.6608974933624268,0.678157389163971,-0.014325142838060856,0.6523905992507935,0.6202265620231628,-0.01622113771736622,0.685337483882904,0.6767785549163818,-0.0133444769307971,0.6065515875816345,0.7173563241958618,-0.03349151834845543,0.6267414093017578,0.7553079724311829,-0.04073100909590721,0.655524492263794,0.7530454993247986,-0.043176572769880295,0.7053865790367126,0.7062835097312927,-0.021277643740177155,0.6196649670600891,0.7606799006462097,-0.03864477947354317,0.6436778903007507,0.7868219614028931,-0.036884553730487823,0.6692216992378235,0.7820635437965393,-0.035095877945423126,0.7204760313034058,0.7498301863670349,-0.03136139735579491,0.6389760971069336,0.8004440069198608,-0.049298785626888275,0.6618236899375916,0.8243240714073181,-0.040148597210645676,0.6856342554092407,0.8183104395866394,-0.03234909847378731,0.7308476567268372,0.8018196225166321,-0.042171068489551544,0.6639949083328247,0.8376463055610657,-0.05308856815099716,0.6776196360588074,0.8551468253135681,-0.04818308353424072,0.6978707909584045,0.8505878448486328,-0.04228445515036583,PEACE
0.7633430361747742,0.8961541652679443,-3.8624540366072324e-07,0.7231816649436951,0.8222219944000244,-0.00024495096295140684,0.6851068735122681,0.7330880761146545,-0.0042672292329370975,0.6624473929405212,0.6619253158569336,-0.009455351158976555,0.6545658111572266,0.6041496992111206,-0.012274468317627907,0.6693433523178101,0.6801677942276001,-0.010029389522969723,0.5892239809036255,0.7308213114738464,-0.03073965199291706,0.613015353679657,0.7614041566848755,-0.039247866719961166,0.6416526436805725,0.7523676156997681,-0.042466334998607635,0.6842964291572571,0.7126443982124329,-0.019406504929065704,0.5997211337089539,0.7782440781593323,-0.036989789456129074,0.6282338500022888,0.7988625764846802,-0.035610925406217575,0.6542375683784485,0.7876915335655212,-0.034054458141326904,0.6967715620994568,0.7584905028343201,-0.03063037618994713,0.6193265914916992,0.8156716227531433,-0.048385653644800186,0.6455028653144836,0.8339013457298279,-0.03926917538046837,0.6689713001251221,0.8233497142791748,-0.03149650990962982,0.7065414190292358,0.8111656308174133,-0.0421331524848938,0.6456878185272217,0.8540990352630615,-0.05377999320626259,0.6640293598175049,0.8669132590293884,-0.049960922449827194,0.6851123571395874,0.857642650604248,-0.044622160494327545,PEACE
0.7577217817306519,0.8978563547134399,-4.207247741305764e-07,0.7198652625083923,0.8208367824554443,-0.00018588316743262112,0.6818298101425171,0.7310062646865845,-0.006930226925760508,0.6593080759048462,0.6607922315597534,-0.014923698268830776,0.6552385091781616,0.6006605625152588,-0.02099079079926014,0.6705955266952515,0.6832588911056519,-0.01760219596326351,0.5881727933883667,0.7311000823974609,-0.03805827721953392,0.6102094650268555,0.7608298063278198,-0.045117124915122986,0.6365088820457458,0.7529261112213135,-0.04794115945696831,0.6860494017601013,0.7188154458999634,-0.027707165107131004,0.5985550880432129,0.7766712307929993,-0.04736560210585594,0.6263707280158997,0.7944031357765198,-0.04545309394598007,0.6524369716644287,0.7846973538398743,-0.04383573308587074,0.6985673904418945,0.7652295231819153,-0.03875027969479561,0.6172220706939697,0.8154040575027466,-0.05946199223399162,0.6435071229934692,0.8320603370666504,-0.04785538092255592,0.6677001118659973,0.8231674432754517,-0.03796442970633507,0.7084348797798157,0.8181629180908203,-0.04958384856581688,0.6426473259925842,0.853192150592804,-0.06395222991704941,0.661539614200592,0.8647714257240295,-0.0576779805123806,0.6839213371276855,0.8561428785324097,-0.05044356733560562,PEACE
0.7611205577850342,0.8913925886154175,-3.8353533682311536e-07,0.7232930660247803,0.812820315361023,-0.00013278597907628864,0.6799072027206421,0.7251647114753723,-0.006186681799590588,0.6563873291015625,0.6559510231018066,-0.013645892031490803,0.6522960662841797,0.5958034992218018,-0.01961592771112919,0.6629015803337097,0.6819005608558655,-0.01481128204613924,0.5799387693405151,0.7327762246131897,-0.03441227972507477,0.6027416586875916,0.7615109086036682,-0.04413812607526779,0.6297935843467712,0.7536057829856873,-0.0495133101940155,0.6754819750785828,0.71917724609375,-0.024495411664247513,0.5896557569503784,0.7830002903938293,-0.04165542498230934,0.6173459887504578,0.800817608833313,-0.04180508106946945,0.6432733535766602,0.7907838821411133,-0.04255511239171028,0.6864556074142456,0.767622172832489,-0.03510206565260887,0.6100218296051025,0.8243485689163208,-0.05171773582696915,0.6357319951057434,0.8404757976531982,-0.04214271157979965,0.6599277257919312,0.8307017087936401,-0.035074423998594284,0.6959165930747986,0.8219972252845764,-0.04588073492050171,0.6358646154403687,0.8628476858139038,-0.05813987925648689,0.655931830406189,0.8720079660415649,-0.053096771240234375,0.6784805059432983,0.8615533113479614,-0.04735447093844414,PEACE
0.7656515836715698,0.879979133605957,-2.162053505117001e-07,0.7317183613777161,0.7945523858070374,-0.0008233931148424745,0.6779432892799377,0.7122635245323181,-0.0073275258764624596,0.6422999501228333,0.6503711938858032,-0.014235353097319603,0.6316497921943665,0.5936388969421387,-0.022091269493103027,0.622455358505249,0.7095043659210205,-0.02163039892911911,0.5497691035270691,0.764687180519104,-0.031117839738726616,0.5384209752082825,0.8028232455253601,-0.037299856543540955,0.5387158989906311,0.8241488933563232,-0.04243228957056999,0.6265856027603149,0.7524189949035645,-0.028237370774149895,0.5581256151199341,0.8230600357055664,-0.03369906544685364,0.5788654088973999,0.8351216912269592,-0.03302687034010887,0.6032366752624512,0.8239946961402893,-0.036678679287433624,0.6375896334648132,0.8045525550842285,-0.03353893756866455,0.576233983039856,0.8643450140953064,-0.03991296514868736,0.6008723378181458,0.8713114261627197,-0.032820142805576324,0.6261237263679504,0.8566672801971436,-0.03111683577299118,0.6510239243507385,0.8575159311294556,-0.03879905492067337,0.6056715250015259,0.8993390202522278,-0.046245671808719635,0.6259662508964539,0.9031020402908325,-0.040583379566669464,0.647476851940155,0.8914992809295654,-0.03615713492035866,PEACE
0.7619690895080566,0.876040518283844,-3.0455450428235054e-07,0.7228317856788635,0.7889675498008728,0.01143878884613514,0.665593683719635,0.7127140760421753,0.00752889271825552,0.6316318511962891,0.6491857767105103,-0.00016201754624489695,0.6249756217002869,0.5900197625160217,-0.009565453045070171,0.6044594049453735,0.7129720449447632,-0.0032481884118169546,0.5444785952568054,0.7736080884933472,-0.009118064306676388,0.5480283498764038,0.799213171005249,-0.013318434357643127,0.556803822517395,0.8000325560569763,-0.017045021057128906,0.610383927822113,0.7538416385650635,-0.016092488542199135,0.5531100034713745,0.8299201726913452,-0.019754430279135704,0.576579213142395,0.8398345708847046,-0.01753576099872589,0.6014404892921448,0.8242493867874146,-0.018340229988098145,0.6226427555084229,0.8051483631134033,-0.0274348184466362,0.5700067281723022,0.8682331442832947,-0.03027213178575039,0.5957626104354858,0.873515248298645,-0.021541951224207878,0.6206418871879578,0.8562163710594177,-0.01829940266907215,0.6373838186264038,0.8582321405410767,-0.03806966170668602,0.5980217456817627,0.9007542133331299,-0.040798310190439224,0.6222564578056335,0.9021115303039551,-0.03318887948989868,0.6441033482551575,0.885113000869751,-0.027394026517868042,PEACE
0.7557857036590576,0.8755488991737366,-2.7674045099956857e-07,0.7180680632591248,0.7877084612846375,0.00929617416113615,0.6644538044929504,0.7106826901435852,0.002598383231088519,0.6304715871810913,0.6473662853240967,-0.007760989014059305,0.6245577931404114,0.5865081548690796,-0.019272807985544205,0.5965014696121216,0.7178391218185425,-0.006572393234819174,0.5384112596511841,0.7792258858680725,-0.014790670946240425,0.5565915703773499,0.798258900642395,-0.019070912152528763,0.5758862495422363,0.7888761758804321,-0.022182082757353783,0.6022275686264038,0.7622571587562561,-0.019571084529161453,0.5469418168067932,0.8323049545288086,-0.024442680180072784,0.5747043490409851,0.8402033448219299,-0.021297123283147812,0.6005377173423767,0.8225876092910767,-0.020743323490023613,0.6153354644775391,0.8153322339057922,-0.03137660771608353,0.564368724822998,0.8712530136108398,-0.03548844903707504,0.5930312871932983,0.8758590221405029,-0.02600552700459957,0.6181768178939819,0.8568012118339539,-0.021543744951486588,0.6317688226699829,0.8686352968215942,-0.04256017133593559,0.5950162410736084,0.9071894288063049,-0.045501623302698135,0.6212402582168579,0.9069852232933044,-0.03699563071131706,0.6431757211685181,0.8892982006072998,-0.030095914378762245,PEACE
0.7547584176063538,0.8773337602615356,-2.653497404025984e-07,0.7183842658996582,0.7872281074523926,0.009366347454488277,0.6634449362754822,0.7084375023841858,0.004088828805834055,0.6286985278129578,0.6445608735084534,-0.004891704767942429,0.621466338634491,0.5837790369987488,-0.0153537318110466,0.5927659273147583,0.7222084403038025,-0.0033243014477193356,0.536288857460022,0.779790997505188,-0.008787145838141441,0.5497152209281921,0.7996882200241089,-0.012538253329694271,0.565254271030426,0.7931911945343018,-0.01588437519967556,0.5979210138320923,0.7681214213371277,-0.016055455431342125,0.5431033372879028,0.8331226706504822,-0.01903117261826992,0.5685148239135742,0.8411725163459778,-0.01670420728623867,0.5941428542137146,0.8253998160362244,-0.016574298962950706,0.6112174987792969,0.8212817311286926,-0.02743455581367016,0.5604952573776245,0.874397337436676,-0.030496561899781227,0.5880470275878906,0.8773102760314941,-0.021686816588044167,0.6135186553001404,0.8581888675689697,-0.017337044700980186,0.6286358833312988,0.8745902180671692,-0.03819317743182182,0.5896992683410645,0.9094881415367126,-0.04037337377667427,0.6155890822410583,0.9086456894874573,-0.03101181983947754,0.6388686299324036,0.8914462327957153,-0.023344894871115685,PEACE
0.7527821660041809,0.8764258027076721,-2.363593978316203e-07,0.7171632647514343,0.7876224517822266,0.009134914726018906,0.6598535180091858,0.7084980010986328,0.0034527424722909927,0.6256702542304993,0.6422884464263916,-0.0061308350414037704,0.6198010444641113,0.5798494219779968,-0.0169044341892004,0.5864174365997314,0.721459686756134,-0.0015620794147253036,0.5313640236854553,0.7806113958358765,-0.0067774271592497826,0.5525373816490173,0.7982845306396484,-0.010797836817800999,0.5734572410583496,0.7863540649414062,-0.014137441292405128,0.5903608202934265,0.7705876231193542,-0.013534977100789547,0.5386661291122437,0.8330905437469482,-0.015462609007954597,0.5669988989830017,0.8400010466575623,-0.01247494202107191,0.5938320755958557,0.8222386240959167,-0.01176712941378355,0.6031166911125183,0.8258865475654602,-0.024243483319878578,0.5548728108406067,0.8749258518218994,-0.025565797463059425,0.5840116143226624,0.8781564831733704,-0.016491549089550972,0.6100980043411255,0.8586745262145996,-0.012148886919021606,0.6203630566596985,0.8792955875396729,-0.034470751881599426,0.5844078660011292,0.9098061323165894,-0.03436419367790222,0.6113055944442749,0.9093020558357239,-0.02428584359586239,0.6348325610160828,0.8929301500320435,-0.01624237932264805,PEACE
0.7502904534339905,0.8772225379943848,-2.3450994035556505e-07,0.7149751782417297,0.7879930734634399,0.00888938456773758,0.6572691202163696,0.7072275280952454,0.004280099645256996,0.6226381659507751,0.6401129364967346,-0.0039879209361970425,0.6158372759819031,0.5786507725715637,-0.013374335132539272,0.5841580629348755,0.7219208478927612,-0.0012868400663137436,0.5281252861022949,0.7743270397186279,-0.00426256749778986,0.546725332736969,0.7933129072189331,-0.006092945579439402,0.5678975582122803,0.7844640016555786,-0.008102321065962315,0.5870105624198914,0.7709603309631348,-0.012701922096312046,0.5343819856643677,0.8280184268951416,-0.012455655261874199,0.5608713626861572,0.8368310332298279,-0.00821687187999487,0.5871468782424927,0.8212354183197021,-0.007053052075207233,0.5984522700309753,0.8269805312156677,-0.022792411968111992,0.5490466952323914,0.8737539649009705,-0.022258887067437172,0.5774009227752686,0.8785240650177002,-0.012151631526648998,0.6032418608665466,0.861160159111023,-0.007721779868006706,0.6143691539764404,0.8821317553520203,-0.032478831708431244,0.5767331123352051,0.9119382500648499,-0.031537968665361404,0.6038761138916016,0.9125760793685913,-0.02063160017132759,0.6278717517852783,0.8978513479232788,-0.012368114665150642,PEACE
0.7430030703544617,0.8810697197914124,-1.9274020246484724e-07,0.7090327739715576,0.7901928424835205,0.007152904290705919,0.652306079864502,0.7065303921699524,0.0030774876940995455,0.6159679293632507,0.6378453373908997,-0.00405557407066226,0.6108987927436829,0.5754116177558899,-0.012334508821368217,0.5773563981056213,0.723073422908783,0.0013787643983960152,0.5220862030982971,0.7696102261543274,0.0009787632152438164,0.538362443447113,0.7907196283340454,-0.0008482876583002508,0.5572201609611511,0.7857412099838257,-0.003325073281303048,0.5765385627746582,0.7745260000228882,-0.007652039639651775,0.5270098447799683,0.8285744786262512,-0.004380041733384132,0.5526080131530762,0.8385648727416992,-0.0007612166227772832,0.5783106684684753,0.8245048522949219,-0.0004143401747569442,0.5849667191505432,0.8323545455932617,-0.015375467948615551,0.5407436490058899,0.8766351938247681,-0.011754143051803112,0.5682955980300903,0.8821552991867065,-0.003318056697025895,0.5938916206359863,0.8666878342628479,-0.0005824516410939395,0.5985752940177917,0.8886966705322266,-0.022970736026763916,0.5680017471313477,0.9155600070953369,-0.019596444442868233,0.595569372177124,0.9163665175437927,-0.009563571773469448,0.6191143989562988,0.9023231267929077,-0.002245579846203327,PEACE
0.7401110529899597,0.8826233148574829,-1.9328054179368337e-07,0.7058581113815308,0.7904343605041504,0.00800513569265604,0.6513795256614685,0.7077351808547974,0.0030340058729052544,0.6149855256080627,0.6393086314201355,-0.0051110414788126945,0.6103265881538391,0.57536780834198,-0.014707297086715698,0.5694223642349243,0.7214922904968262,0.0019645742140710354,0.5169078707695007,0.7708320617675781,0.0036267561372369528,0.53151535987854,0.7936464548110962,0.003092962084338069,0.5485622882843018,0.7912470102310181,0.001095905201509595,0.568840742111206,0.77179354429245,-0.007798106409609318,0.522166907787323,0.8297340273857117,-0.0020454260520637035,0.5471300482749939,0.8406291604042053,0.0021940930746495724,0.5721174478530884,0.8267679810523987,0.0023186716716736555,0.5778271555900574,0.8304700255393982,-0.015930237248539925,0.5353550910949707,0.8771173357963562,-0.009831891395151615,0.5637277960777283,0.8829442858695984,-0.0013593918411061168,0.5888470411300659,0.8665780425071716,0.0005206229398027062,0.5921626687049866,0.8877959251403809,-0.02388790249824524,0.5620962977409363,0.9165548086166382,-0.01884511299431324,0.5898102521896362,0.9178051352500916,-0.008441571146249771,0.6129534840583801,0.903549075126648,-0.0013118631904944777,PEACE
0.7414854764938354,0.8843578696250916,-2.2011575140368222e-07,0.7079574465751648,0.790021538734436,0.010451676324009895,0.6531891226768494,0.7068755626678467,0.006296379026025534,0.6146571040153503,0.6386380791664124,-0.0015989461680874228,0.6116792559623718,0.5723726749420166,-0.011088368482887745,0.5701905488967896,0.7209635972976685,0.005890626460313797,0.5154247283935547,0.772454559803009,0.0091955391690135,0.5325958728790283,0.7955322265625,0.009301031939685345,0.5523722171783447,0.7914044260978699,0.007563459686934948,0.5694859623908997,0.7710654139518738,-0.004653145559132099,0.5212429761886597,0.8314947485923767,0.0034908007364720106,0.5472437143325806,0.8417404890060425,0.008368756622076035,0.5729290843009949,0.8266693353652954,0.008552377112209797,0.5789588093757629,0.8299564123153687,-0.013484152033925056,0.5347138047218323,0.8780192732810974,-0.005384760908782482,0.5636084079742432,0.8832370638847351,0.002913553034886718,0.5887925028800964,0.8660764694213867,0.004172970075160265,0.5940269231796265,0.8876879811286926,-0.021915748715400696,0.5618876814842224,0.917576789855957,-0.015255044214427471,0.5906268358230591,0.9171597361564636,-0.004649518057703972,0.6148008108139038,0.9017581939697266,0.0022754864767193794,PEACE
0.7399119138717651,0.8888988494873047,-2.0502179154391342e-07,0.7057508826255798,0.7952615022659302,0.008292919024825096,0.6507197618484497,0.7102216482162476,0.003399583511054516,0.6151924729347229,0.6393524408340454,-0.005002506542950869,0.6095263361930847,0.5742314457893372,-0.015068217180669308,0.5676279067993164,0.7239936590194702,0.004337944556027651,0.5126073360443115,0.7748540639877319,0.005736089777201414,0.5260382890701294,0.7989633679389954,0.003931716084480286,0.5421343445777893,0.7976843118667603,0.0009607154061086476,0.5672271251678467,0.7757557034492493,-0.005858767312020063,0.5184888243675232,0.8354110717773438,-0.0002753686858341098,0.5445958971977234,0.8459448218345642,0.002899566665291786,0.5706425309181213,0.8312632441520691,0.0020799303892999887,0.5768412947654724,0.8354969024658203,-0.014592768624424934,0.5316686034202576,0.8808663487434387,-0.009291568771004677,0.560893714427948,0.886722981929779,-0.0009796972153708339,0.5872568488121033,0.8706684708595276,0.0009428645134903491,0.591954231262207,0.893451988697052,-0.02309851534664631,0.5588858127593994,0.9187721610069275,-0.01839590258896351,0.5875384211540222,0.9198418855667114,-0.007449052762240171,0.6123689413070679,0.9063383340835571,0.00014021279639564455,PEACE
0.7382107973098755,0.8961873054504395,-2.1768509839148464e-07,0.7068135738372803,0.8009335398674011,0.006846273317933083,0.6503251791000366,0.7130773067474365,0.002729743951931596,0.6138029098510742,0.6412175893783569,-0.004201319068670273,0.6077526211738586,0.5778001546859741,-0.012888651341199875,0.5667011737823486,0.7259326577186584,0.0011770828859880567,0.5098355412483215,0.7696917653083801,0.0032112887129187584,0.5120125412940979,0.8023205399513245,0.0021509150974452496,0.5202646851539612,0.8114314079284668,-0.0007592221372760832,0.5642397403717041,0.7777281403541565,-0.007869756780564785,0.5150675773620605,0.8357527256011963,-0.0021760878153145313,0.5381523370742798,0.8518586158752441,0.0014601022703573108,0.5641776919364929,0.8409528732299805,0.000659253797493875,0.571986973285675,0.8384553790092468,-0.015346015803515911,0.5285214781761169,0.8833626508712769,-0.010068049654364586,0.5552473664283752,0.892980694770813,-0.0018418652471154928,0.5818579196929932,0.879869282245636,-0.0002288676769239828,0.5850299000740051,0.897534191608429,-0.02274893783032894,0.5547449588775635,0.9231202602386475,-0.01861303485929966,0.5812324285507202,0.9264750480651855,-0.008776645176112652,0.605469286441803,0.9138781428337097,-0.0022123318631201982,PEACE
0.7372239232063293,0.8981351256370544,-2.3722104458556714e-07,0.7035197615623474,0.8017048239707947,0.008312948048114777,0.6481674313545227,0.7143447399139404,0.0045747170224785805,0.6123287677764893,0.642760157585144,-0.0026159679982811213,0.6058834195137024,0.579457700252533,-0.011746367439627647,0.5642992854118347,0.7273423671722412,0.0026194429956376553,0.507929801940918,0.7736235857009888,0.004590860567986965,0.5115702152252197,0.8058004379272461,0.0029653364326804876,0.5216715335845947,0.8146934509277344,-0.00046176128671504557,0.5622125267982483,0.7792200446128845,-0.007780622225254774,0.5141367316246033,0.8406484723091125,-0.0024201374035328627,0.5367644429206848,0.8552953004837036,3.025428668479435e-05,0.5621336102485657,0.8438848853111267,-0.0017089381581172347,0.570513904094696,0.8405835628509521,-0.016477646306157112,0.5280319452285767,0.8880846500396729,-0.011185153387486935,0.5539698600769043,0.89637291431427,-0.003282401943579316,0.5800848007202148,0.8824880123138428,-0.0020184172317385674,0.5839246511459351,0.9009270071983337,-0.02506432496011257,0.5541247725486755,0.9277408123016357,-0.02103704959154129,0.5799190402030945,0.9298051595687866,-0.011035218834877014,0.6036943793296814,0.9165052175521851,-0.004264214541763067,PEACE
0.7352412939071655,0.8966462016105652,-2.3290189687941165e-07,0.6995364427566528,0.7992627024650574,0.010732677765190601,0.6449474692344666,0.7140472531318665,0.007975030690431595,0.6092402338981628,0.6433014273643494,0.0014597781701013446,0.6029565334320068,0.5812823176383972,-0.007105528376996517,0.5620994567871094,0.7299501895904541,0.004654136020690203,0.5066795349121094,0.7762520909309387,0.007889959961175919,0.509842038154602,0.8084762692451477,0.0070419409312307835,0.5196667909622192,0.818232536315918,0.004232641309499741,0.5607162714004517,0.7814415693283081,-0.006284321192651987,0.5120123028755188,0.8412804007530212,0.0008727929089218378,0.5336313247680664,0.8555943369865417,0.004050872288644314,0.5586685538291931,0.845447301864624,0.0025377445854246616,0.5700194835662842,0.8421096801757812,-0.015179747715592384,0.5261838436126709,0.8885347843170166,-0.007684505544602871,0.5517554879188538,0.8964084982872009,0.0008618741412647069,0.5777515172958374,0.883593738079071,0.002088491339236498,0.5845388770103455,0.9017825126647949,-0.023761747404932976,0.5526800751686096,0.928330659866333,-0.01770148053765297,0.5772725939750671,0.9301960468292236,-0.006737684831023216,0.6002771258354187,0.9179561138153076,0.00036006333539262414,PEACE
0.7303288578987122,0.8950746655464172,-2.0351470197965682e-07,0.6958423852920532,0.7996894717216492,0.008959530852735043,0.6422547101974487,0.7144531607627869,0.004541789647191763,0.6036221981048584,0.6449427008628845,-0.0033088689669966698,0.5973358154296875,0.581206202507019,-0.012972638010978699,0.5587185621261597,0.7353314757347107,0.0006675662589259446,0.5015447735786438,0.7787803411483765,0.0029631273355334997,0.5104507207870483,0.8098065853118896,0.003197319805622101,0.5263733863830566,0.8171568512916565,0.0016057869652286172,0.5575479865074158,0.788252592086792,-0.00930812582373619,0.5097850561141968,0.8451728224754333,-0.0025554473977535963,0.5344392657279968,0.8580779433250427,0.00191617535892874,0.5609874725341797,0.8452709317207336,0.0014289614045992494,0.5666119456291199,0.8499259352684021,-0.01726105436682701,0.5256279706954956,0.8923496603965759,-0.010150297544896603,0.5524054765701294,0.9002008438110352,-0.0011351276189088821,0.5788583755493164,0.8872417211532593,0.0004991746973246336,0.5805659294128418,0.9106868505477905,-0.024923989549279213,0.5528371930122375,0.9330719709396362,-0.018374808132648468,0.5788125395774841,0.9348381161689758,-0.007289730478078127,0.6020708084106445,0.9236239194869995,-0.00018560478929430246,PEACE
0.7346948981285095,0.8942129611968994,-1.6383938827857492e-07,0.6992426514625549,0.7968433499336243,0.008474407717585564,0.6434084177017212,0.7108846306800842,0.004622487351298332,0.6042106747627258,0.6403008103370667,-0.002561890985816717,0.5998020172119141,0.5756326913833618,-0.011427013203501701,0.5589281320571899,0.7325646281242371,0.006423817947506905,0.50568026304245,0.7779504656791687,0.011303677223622799,0.5155017375946045,0.804572582244873,0.011168102733790874,0.5304337739944458,0.8081379532814026,0.008960681967437267,0.5564072728157043,0.78834468126297,-0.0026496381033211946,0.5111147165298462,0.8393354415893555,0.006686036940664053,0.5337122678756714,0.8504683375358582,0.009991822764277458,0.558734655380249,0.8400676846504211,0.008839885704219341,0.5645405054092407,0.851361870765686,-0.009882334619760513,0.5235047340393066,0.8883570432662964,-5.5850490753073245e-05,0.5498150587081909,0.8946831822395325,0.007667311932891607,0.5762748122215271,0.8827027082443237,0.008246120065450668,0.578672468662262,0.9115296602249146,-0.017034990713000298,0.5515040159225464,0.9307147860527039,-0.008768012747168541,0.5779215693473816,0.9313926100730896,0.002014125231653452,0.6015450358390808,0.9196836948394775,0.008886047638952732,PEACE
0.7302390933036804,0.8888498544692993,-1.5154955690377392e-07,0.6948789358139038,0.7922300100326538,0.0062637305818498135,0.6409342885017395,0.7077904343605042,0.0020221557933837175,0.6028814315795898,0.6373961567878723,-0.005189199000597,0.596731960773468,0.5729832649230957,-0.01409257110208273,0.5537905693054199,0.7299866080284119,0.00432456424459815,0.5030744671821594,0.7707052826881409,0.009735940024256706,0.5078823566436768,0.800548791885376,0.01060540322214365,0.5184160470962524,0.8087542057037354,0.00883374735713005,0.5516808032989502,0.7851384878158569,-0.003974206279963255,0.508610725402832,0.8337301015853882,0.0057844496332108974,0.528477132320404,0.8502469658851624,0.009288803674280643,0.5521655082702637,0.8429158926010132,0.007925152778625488,0.561084508895874,0.8471555113792419,-0.010555427521467209,0.5235068798065186,0.8828226923942566,-0.0009787087328732014,0.5485605001449585,0.8917885422706604,0.006649775896221399,0.5747254490852356,0.8807346820831299,0.0070662545040249825,0.5761374235153198,0.90678471326828,-0.017293384298682213,0.5503072738647461,0.9256657361984253,-0.009644701145589352,0.5746484398841858,0.926712155342102,0.0005361860385164618,0.5975028872489929,0.9145079851150513,0.006949658039957285,PEACE
0.7295207977294922,0.8822431564331055,-1.7226514614776534e-07,0.693080484867096,0.7864016890525818,0.007284918799996376,0.6384381055831909,0.7036675214767456,0.0034453331027179956,0.5998008847236633,0.6359318494796753,-0.003935442306101322,0.5936047434806824,0.5731468200683594,-0.013236968778073788,0.5575364828109741,0.7285541892051697,0.006036579608917236,0.505330502986908,0.7691968083381653,0.008212417364120483,0.5060321688652039,0.7998695969581604,0.006180758588016033,0.5155871510505676,0.811207115650177,0.003024779725819826,0.5557965636253357,0.7827813625335693,-0.0030346636194735765,0.5101646184921265,0.8319892883300781,0.004249356687068939,0.5283274054527283,0.848273515701294,0.0062288399785757065,0.5509755611419678,0.8423388004302979,0.004221342969685793,0.5650371313095093,0.8432827591896057,-0.010670616291463375,0.5224275588989258,0.8804676532745361,-0.0033671886194497347,0.5459749102592468,0.8898985981941223,0.004682057071477175,0.5717134475708008,0.8805762529373169,0.006092137657105923,0.5801836252212524,0.9019395112991333,-0.018394626677036285,0.5495738983154297,0.9237560033798218,-0.011974701657891273,0.571883499622345,0.9246100783348083,-0.0011526490561664104,0.5941028594970703,0.9126812815666199,0.00600480567663908,PEACE
0.7231494188308716,0.8796311616897583,-1.4954613902773417e-07,0.689508855342865,0.7829546332359314,0.004867551848292351,0.6363500356674194,0.7010294198989868,-0.00043599522905424237,0.5979520082473755,0.6336427927017212,-0.008840346708893776,0.5930401682853699,0.5691773295402527,-0.019175613299012184,0.5498043298721313,0.7296260595321655,0.002072364091873169,0.499711275100708,0.773725152015686,0.0021815327927470207,0.5090783834457397,0.802872359752655,-0.0010466852691024542,0.5245393514633179,0.809432864189148,-0.004648836795240641,0.547243595123291,0.785595715045929,-0.0058965981006622314,0.5073041319847107,0.8373176455497742,-0.0003347991150803864,0.5307685136795044,0.8502779006958008,0.0014646521303802729,0.5563783049583435,0.8392635583877563,-0.0003105796640738845,0.5566523671150208,0.8473345041275024,-0.012584368698298931,0.5234162211418152,0.8844689726829529,-0.006922072730958462,0.5497262477874756,0.8916373252868652,-0.000199047863134183,0.5754330158233643,0.8792405128479004,0.0006778762326575816,0.5715853571891785,0.9060994386672974,-0.019436383619904518,0.5504668951034546,0.9252028465270996,-0.013912192545831203,0.5770426392555237,0.9253145456314087,-0.003957400098443031,0.5994240045547485,0.912494421005249,0.0028511101845651865,PEACE
0.7214059829711914,0.878368079662323,-1.5345389670073928e-07,0.6886067390441895,0.7821191549301147,0.004945840686559677,0.63541179895401,0.699036717414856,-0.0006547350785695016,0.5974130034446716,0.6305207014083862,-0.009349997155368328,0.594542920589447,0.5665799379348755,-0.02016335353255272,0.5500772595405579,0.7282611131668091,0.0012568491511046886,0.5009788274765015,0.7730259299278259,0.0017784438095986843,0.5111311078071594,0.8013861179351807,-0.001410050899721682,0.527274489402771,0.8067236542701721,-0.005166029557585716,0.5475343465805054,0.7845606207847595,-0.006632001604884863,0.5089678764343262,0.8360064029693604,-0.0001697125844657421,0.5308912992477417,0.8489307165145874,0.0015855643432587385,0.5551533699035645,0.8383799195289612,-0.0005031838081777096,0.5564447045326233,0.8462279438972473,-0.013103175908327103,0.5235370397567749,0.8837031722068787,-0.006106321234256029,0.5488726496696472,0.8906933069229126,0.00037956805317662656,0.5740386247634888,0.8788312673568726,0.0007032557623460889,0.5711015462875366,0.9046874046325684,-0.01980036497116089,0.550278902053833,0.9249454736709595,-0.013223210349678993,0.5760620832443237,0.9250015020370483,-0.003299070755019784,0.597891092300415,0.9121867418289185,0.003204762702807784,PEACE
0.7210323214530945,0.8743212819099426,-1.1675442124214896e-07,0.686307966709137,0.7809327244758606,0.005717177875339985,0.6328909993171692,0.6988204717636108,-0.0007932150037959218,0.5947080850601196,0.6296114325523376,-0.010244299657642841,0.591974139213562,0.5639855861663818,-0.021872559562325478,0.5494495034217834,0.7293362617492676,-0.0004686883476097137,0.4987151026725769,0.7742016911506653,0.002914201468229294,0.5088440179824829,0.801733672618866,0.0025890551041811705,0.5245224237442017,0.8067097663879395,0.0004361892642918974,0.5486188530921936,0.7844610810279846,-0.008451461791992188,0.5095323324203491,0.838362455368042,0.0007760052685625851,0.5322441458702087,0.8486747145652771,0.0047194501385092735,0.5570763945579529,0.8363073468208313,0.0035042082890868187,0.5587929487228394,0.845898449420929,-0.014579308219254017,0.5234664678573608,0.8841490149497986,-0.004995233379304409,0.5484691858291626,0.8889740705490112,0.0025114677846431732,0.5739395618438721,0.8762924075126648,0.002716936869546771,0.5737013220787048,0.9043005704879761,-0.02071487158536911,0.5488385558128357,0.9225530028343201,-0.012254287488758564,0.5740132927894592,0.9207647442817688,-0.001505663269199431,0.596498429775238,0.9076125025749207,0.005078159272670746,PEACE
0.7218693494796753,0.8706862926483154,-1.0560444252405432e-07,0.6849899888038635,0.7795188426971436,0.00567111000418663,0.6300265789031982,0.6985483765602112,-0.0010680060368031263,0.5930414199829102,0.6298055648803711,-0.010828949511051178,0.5895376205444336,0.5642179250717163,-0.02269832231104374,0.5452730059623718,0.7300745248794556,0.00019995328329969198,0.4966951608657837,0.7765412330627441,0.0027656322345137596,0.507429301738739,0.8017681241035461,0.0017802317161113024,0.5236096978187561,0.8055129647254944,-0.0006778250681236386,0.5449061393737793,0.7851337790489197,-0.008301378227770329,0.5068075060844421,0.8393966555595398,0.0001398720487486571,0.5295566320419312,0.8485429286956787,0.003583409357815981,0.5543621182441711,0.8355459570884705,0.0023203534074127674,0.5557494163513184,0.8467198014259338,-0.015096256509423256,0.5223107933998108,0.8860986232757568,-0.005877546034753323,0.5477372407913208,0.889951229095459,0.0016562248347327113,0.572727382183075,0.8761234879493713,0.001994941383600235,0.5717519521713257,0.9049638509750366,-0.022005485370755196,0.5487973093986511,0.9244662523269653,-0.013638769276440144,0.5745114088058472,0.9228413105010986,-0.0026577278040349483,0.5960636734962463,0.9094641804695129,0.00414655264467001,PEACE
0.71891188621521,0.863403856754303,-1.323513458828529e-07,0.6819465756416321,0.774181067943573,0.005434591323137283,0.6273372173309326,0.6948738098144531,-0.0007475041784346104,0.5904859900474548,0.6267317533493042,-0.00975292082875967,0.5876314640045166,0.5639300346374512,-0.020450077950954437,0.5443882942199707,0.7303932309150696,-0.0026589336339384317,0.49621671438217163,0.7797850370407104,-0.00044319970766082406,0.5147992968559265,0.8011642098426819,-0.000988667132332921,0.5370969772338867,0.7979223132133484,-0.0027828007005155087,0.5446060299873352,0.7865204811096191,-0.01047718245536089,0.5063632130622864,0.8386486172676086,-0.002813607221469283,0.529923677444458,0.8467602133750916,0.0008974291267804801,0.5549991130828857,0.832141637802124,-0.00010857175948331133,0.5556820631027222,0.846824586391449,-0.016368703916668892,0.5220320820808411,0.8841763138771057,-0.007473634090274572,0.5472985506057739,0.887234628200531,0.0001518048084108159,0.5725149512290955,0.8732936978340149,0.0006094078999012709,0.5713253617286682,0.9036121368408203,-0.022349368780851364,0.548823356628418,0.9219620227813721,-0.014677547849714756,0.5746297836303711,0.9196459650993347,-0.004161257296800613,0.5968636274337769,0.9061707258224487,0.002518193330615759,PEACE
0.7205579280853271,0.8634084463119507,-1.3950685229247028e-07,0.6850695610046387,0.7746952176094055,0.004330551717430353,0.6282373070716858,0.6960743069648743,-0.0013943212106823921,0.5896177291870117,0.6284539699554443,-0.009510494768619537,0.5846407413482666,0.5654808878898621,-0.0194393340498209,0.5487639904022217,0.7277199029922485,-0.003591424087062478,0.4997536838054657,0.7750027179718018,-0.002171870553866029,0.5111355185508728,0.8002994656562805,-0.0033087388146668673,0.5280183553695679,0.8027676343917847,-0.005562120117247105,0.5482596158981323,0.7849799394607544,-0.010772154666483402,0.5083648562431335,0.8379426002502441,-0.003317211987450719,0.5290758609771729,0.8488143682479858,0.0007544677355326712,0.5522027611732483,0.8371005654335022,0.00014810764696449041,0.5583794713020325,0.8458721041679382,-0.016318535432219505,0.5230881571769714,0.8850601315498352,-0.008500113151967525,0.5475015044212341,0.8891450762748718,-0.0005449734744615853,0.5722836256027222,0.8765890002250671,0.0005391940358094871,0.5738206505775452,0.9025616645812988,-0.022063151001930237,0.5521549582481384,0.9228523969650269,-0.01571669429540634,0.5775570273399353,0.9207785129547119,-0.005703938193619251,0.598879873752594,0.9069145321846008,0.0008211405365727842,PEACE
0.7217822074890137,0.8559850454330444,-1.6622560394807806e-07,0.6845481395721436,0.7691792845726013,0.0042120907455682755,0.6270860433578491,0.6909606456756592,-0.0008293479331769049,0.5889697074890137,0.62496018409729,-0.008444522507488728,0.5843194723129272,0.5651265978813171,-0.01767626404762268,0.5465794205665588,0.7253810167312622,-0.003327062586322427,0.49800795316696167,0.7759807109832764,-0.004798150155693293,0.5137403607368469,0.7980350255966187,-0.008201747201383114,0.5340176820755005,0.7962436676025391,-0.011565053835511208,0.5477391481399536,0.7819498181343079,-0.011207344941794872,0.5082645416259766,0.8343045115470886,-0.007953290827572346,0.5313288569450378,0.8435431718826294,-0.0065198615193367004,0.5562229752540588,0.8300957679748535,-0.008219348266720772,0.5598862171173096,0.8415015935897827,-0.017612289637327194,0.524104118347168,0.8812215328216553,-0.014036200940608978,0.5492136478424072,0.8852392435073853,-0.0070297010242938995,0.5743372440338135,0.8711644411087036,-0.005450161173939705,0.5770170092582703,0.8975863456726074,-0.024081511422991753,0.5514599084854126,0.9192798733711243,-0.020702505484223366,0.5768611431121826,0.9174383282661438,-0.01076919212937355,0.5985841155052185,0.9026451110839844,-0.003572875866666436,PEACE
0.7226347923278809,0.8554844856262207,-1.4397816983091616e-07,0.6852802038192749,0.7685244083404541,0.00394054502248764,0.6275604963302612,0.6915713548660278,-0.0029819461051374674,0.5891791582107544,0.6246488094329834,-0.012318538501858711,0.5844050049781799,0.562232255935669,-0.023309925571084023,0.5459000468254089,0.725899338722229,-0.006534533575177193,0.49735283851623535,0.7774481773376465,-0.007974807173013687,0.5137375593185425,0.7989854216575623,-0.010611062869429588,0.5341984629631042,0.7968917489051819,-0.013331097550690174,0.5479609370231628,0.782923698425293,-0.014304252341389656,0.5082237720489502,0.8358089327812195,-0.009377017617225647,0.5310055613517761,0.8444633483886719,-0.0059866709634661674,0.5551227927207947,0.8311087489128113,-0.006675147917121649,0.560766875743866,0.8428232073783875,-0.020431404933333397,0.5254649519920349,0.8819714188575745,-0.014969801530241966,0.5502899289131165,0.8844585418701172,-0.007131759077310562,0.5751503109931946,0.8704670071601868,-0.005481024272739887,0.5783910751342773,0.8981425166130066,-0.02661474049091339,0.5540050864219666,0.9184657335281372,-0.02121173031628132,0.5791665315628052,0.9151523113250732,-0.010546386241912842,0.6005225777626038,0.9005485773086548,-0.0031865769997239113,PEACE
0.7240015864372253,0.8534432649612427,-1.434849252746062e-07,0.6867094039916992,0.7656925916671753,0.0038534854538738728,0.6288903951644897,0.6880750060081482,-0.002298541134223342,0.5905668139457703,0.6206660270690918,-0.010754428803920746,0.5856879353523254,0.5583418011665344,-0.020726419985294342,0.5500556826591492,0.7214165329933167,-0.00495885731652379,0.4997099041938782,0.7701135873794556,-0.004132373258471489,0.5156853199005127,0.7918546199798584,-0.005326978396624327,0.5359863042831421,0.7893473505973816,-0.007304363884031773,0.55037921667099,0.7786219716072083,-0.011814418248832226,0.5084053874015808,0.8264894485473633,-0.005053343251347542,0.5301246643066406,0.8371082544326782,-0.0011644343612715602,0.5542344450950623,0.825600802898407,-0.001587777165696025,0.5614131093025208,0.8383033275604248,-0.01697339117527008,0.5238834619522095,0.8737290501594543,-0.009322652593255043,0.54835444688797,0.8775840997695923,-0.0012578266905620694,0.5734186768531799,0.8648543357849121,0.0001308583014179021,0.577471137046814,0.8934023380279541,-0.02232530526816845,0.5529544949531555,0.9119683504104614,-0.015704667195677757,0.5779420137405396,0.9100916385650635,-0.005244107451289892,0.5993101596832275,0.896672785282135,0.0016787631902843714,PEACE
0.7257537245750427,0.8504183888435364,-1.6952861869867775e-07,0.6895463466644287,0.7620565891265869,0.00617542490363121,0.6305751204490662,0.6846757531166077,0.0022499756887555122,0.5920258164405823,0.6176655888557434,-0.004379748832434416,0.5857389569282532,0.5574663877487183,-0.012824872508645058,0.5528316497802734,0.7167295813560486,-0.0018847628962248564,0.5003913044929504,0.7604878544807434,-0.001510179485194385,0.5059148073196411,0.7882254719734192,-0.0032649878412485123,0.5191327333450317,0.7957209348678589,-0.005773234646767378,0.5519024729728699,0.7713674306869507,-0.009720425121486187,0.5095956921577454,0.8217635154724121,-0.003914304077625275,0.5306479930877686,0.832984447479248,-0.00031447174842469394,0.5545726418495178,0.8229925632476807,-0.0009511287789791822,0.5621528625488281,0.8303708434104919,-0.015926316380500793,0.5264025330543518,0.8694422245025635,-0.009420366026461124,0.550987958908081,0.8726544380187988,-0.001119241933338344,0.5758923888206482,0.8603602647781372,0.0004304395115468651,0.5778360962867737,0.8859522938728333,-0.022186312824487686,0.5558713674545288,0.90708988904953,-0.016353771090507507,0.5809133052825928,0.9041128158569336,-0.006111636757850647,0.6016589999198914,0.8900136351585388,0.00047626590821892023,PEACE
0.7257980108261108,0.8441213965415955,-1.8760265163564327e-07,0.6884762644767761,0.7544490694999695,0.0067208982072770596,0.6307924389839172,0.6760457754135132,0.0018947992939502,0.5924263596534729,0.6094181537628174,-0.006145494524389505,0.5885280966758728,0.5484375357627869,-0.01587958075106144,0.5485202074050903,0.7088050842285156,-0.0020410227589309216,0.4987049698829651,0.7564842700958252,-0.0019630445167422295,0.5135549306869507,0.7800773978233337,-0.0037163207307457924,0.5332627296447754,0.7806755304336548,-0.006383747328072786,0.5497492551803589,0.7629798054695129,-0.011428005993366241,0.5101158022880554,0.816432535648346,-0.0066907526925206184,0.5335215330123901,0.8259602189064026,-0.0038682962767779827,0.5584030151367188,0.8134943246841431,-0.004989552777260542,0.5623810887336731,0.8217303156852722,-0.019067952409386635,0.5276530385017395,0.8629243969917297,-0.013678553514182568,0.554068922996521,0.8653029203414917,-0.005725048016756773,0.5794795155525208,0.8504915237426758,-0.004302002023905516,0.5801432728767395,0.8769476413726807,-0.026692325249314308,0.5563157796859741,0.9002593755722046,-0.022065825760364532,0.5826371908187866,0.8973382711410522,-0.0117316460236907,0.6043036580085754,0.8817877769470215,-0.004807718098163605,PEACE
0.7228530645370483,0.8419889807701111,-2.0826325908274157e-07,0.6867835521697998,0.7512741684913635,0.007045064587146044,0.6301372051239014,0.6713274717330933,0.003397766500711441,0.5925400257110596,0.6042881608009338,-0.003441853681579232,0.5879283547401428,0.544263482093811,-0.012045026756823063,0.5507147312164307,0.698258101940155,-0.0005034435889683664,0.49875766038894653,0.7399562001228333,0.0015365806175395846,0.5085379481315613,0.7688295245170593,0.0010325359180569649,0.5243144035339355,0.7747448086738586,-0.0013703153235837817,0.550093948841095,0.7492989301681519,-0.009606385603547096,0.5080515146255493,0.8020414710044861,-0.0030443689320236444,0.5295000672340393,0.8151524066925049,0.0008043816196732223,0.553286075592041,0.804567813873291,1.5528901258221595e-06,0.5606831908226013,0.8074021339416504,-0.01701078750193119,0.523341178894043,0.8515544533729553,-0.009790980257093906,0.5487931966781616,0.8572137355804443,-0.001163186738267541,0.5729174017906189,0.8433235883712769,0.0001195658405777067,0.5763974189758301,0.8644021153450012,-0.0244903601706028,0.5505836009979248,0.8915611505508423,-0.018846090883016586,0.5753843784332275,0.8903623223304749,-0.008538283407688141,0.5963149666786194,0.8753786683082581,-0.0020841232035309076,PEACE
0.7215197086334229,0.835679829120636,-2.2397709642518748e-07,0.6824414730072021,0.7466623187065125,0.010678808204829693,0.62871915102005,0.669681191444397,0.007318076211959124,0.5931363701820374,0.6043987274169922,-0.00022046483354642987,0.5891916751861572,0.545441746711731,-0.009866446256637573,0.5491149425506592,0.6995625495910645,0.0028524601366370916,0.5005372166633606,0.7436304688453674,0.0037261282559484243,0.5110270977020264,0.7709141373634338,0.0011442337417975068,0.5281749367713928,0.7763940095901489,-0.002486576559022069,0.5497902631759644,0.7511897087097168,-0.00851867813616991,0.5128371715545654,0.8099986910820007,-0.002237666165456176,0.5351333618164062,0.819595992565155,0.00016984228568617254,0.5588771104812622,0.8067528605461121,-0.002294610720127821,0.5616282820701599,0.8091016411781311,-0.017978381365537643,0.5271993279457092,0.8558579683303833,-0.011606640182435513,0.5530105233192444,0.8587204217910767,-0.0033364363480359316,0.5778926610946655,0.8438469171524048,-0.00236765225417912,0.5783039927482605,0.8655011057853699,-0.027132326737046242,0.552004337310791,0.8944098353385925,-0.022117547690868378,0.5774551033973694,0.892020046710968,-0.011174630373716354,0.5993387699127197,0.8767361640930176,-0.004131852183490992,PEACE
0.7196633815765381,0.8375798463821411,-1.839630243694046e-07,0.6827813982963562,0.7479420304298401,0.008486973121762276,0.6282146573066711,0.6692702770233154,0.004317280370742083,0.591419517993927,0.6034148335456848,-0.003349331207573414,0.5887755751609802,0.5420565605163574,-0.013060984201729298,0.5520278215408325,0.6965614557266235,0.00014506142179016024,0.5034413933753967,0.7385287284851074,0.0011350397253409028,0.5133849382400513,0.7648964524269104,-0.0007404134375974536,0.5302539467811584,0.7699660062789917,-0.0037617485504597425,0.5510051250457764,0.7492637038230896,-0.009647068567574024,0.5120763182640076,0.8001129627227783,-0.0038198214024305344,0.5328328609466553,0.8117758631706238,-0.0010213477071374655,0.556881844997406,0.80190509557724,-0.0024134356062859297,0.5604091286659241,0.8082361221313477,-0.017580213025212288,0.5248903632164001,0.8488269448280334,-0.01065391581505537,0.549251139163971,0.854128897190094,-0.0026146473828703165,0.5741208791732788,0.8415014743804932,-0.001562033430673182,0.5750308036804199,0.8649488687515259,-0.025426842272281647,0.5524702668190002,0.889479398727417,-0.019847264513373375,0.5774167776107788,0.8880181312561035,-0.009750046767294407,0.5986911654472351,0.8737662434577942,-0.0033171989489346743,PEACE
0.7181318998336792,0.8377525806427002,-1.669293538952843e-07,0.683967649936676,0.7470188736915588,0.006866323295980692,0.6297998428344727,0.668619692325592,0.003126823343336582,0.5938018560409546,0.6020221710205078,-0.0036926702596247196,0.5904291868209839,0.5417532920837402,-0.012186826206743717,0.5500057339668274,0.6965020895004272,0.0013200482353568077,0.4987233877182007,0.7395929098129272,0.003331577405333519,0.5107244253158569,0.7662251591682434,0.0018333009211346507,0.5297125577926636,0.7703098058700562,-0.0008309075492434204,0.5474228262901306,0.7495889067649841,-0.006639212369918823,0.5103148818016052,0.8018805384635925,0.0005044406861998141,0.5325472950935364,0.8127661347389221,0.0032313691917806864,0.5568897724151611,0.8015108108520508,0.0017212933162227273,0.5557372570037842,0.8089200258255005,-0.012952805496752262,0.5237856507301331,0.8485360741615295,-0.004634639713913202,0.5481057167053223,0.8528957962989807,0.002429905580356717,0.5726609230041504,0.8402265310287476,0.0026658049318939447,0.568921685218811,0.8648849725723267,-0.01937229000031948,0.5494630932807922,0.8871670961380005,-0.012639704160392284,0.5746821761131287,0.8858897089958191,-0.0032176587264984846,0.5957555770874023,0.8720862865447998,0.0027211392298340797,THUMBS_UP
0.7205657958984375,0.8386053442955017,-2.0609253681413975e-07,0.6863646507263184,0.7490703463554382,0.006986257620155811,0.6291380524635315,0.6709268689155579,0.002900926861912012,0.5913492441177368,0.6037040948867798,-0.004431296139955521,0.5883951783180237,0.5415339469909668,-0.013784141279757023,0.5538725852966309,0.6974077820777893,-0.0023581490386277437,0.5006752610206604,0.7400217652320862,-0.004050675313919783,0.5093104839324951,0.7688668370246887,-0.007804334629327059,0.5276536345481873,0.7761709690093994,-0.011613056994974613,0.5519617795944214,0.7509730458259583,-0.011333884671330452,0.5103613138198853,0.804444432258606,-0.006590638309717178,0.5304815769195557,0.817060649394989,-0.004119163379073143,0.5541940331459045,0.8065564036369324,-0.005956738255918026,0.5610681772232056,0.8100921511650085,-0.018797600641846657,0.524081289768219,0.8509821891784668,-0.013646517880260944,0.5474945306777954,0.8570000529289246,-0.005916085094213486,0.5725315809249878,0.8449757695198059,-0.004750543739646673,0.5752963423728943,0.8673538565635681,-0.026209479197859764,0.5508948564529419,0.8911038637161255,-0.021989136934280396,0.5750973224639893,0.8902241587638855,-0.012293875217437744,0.5966476798057556,0.8765169382095337,-0.005966491997241974,THUMBS_UP
0.7198886275291443,0.8354493975639343,-1.749194780131802e-07,0.683954119682312,0.7455508708953857,0.0071823387406766415,0.6285333633422852,0.6684648990631104,0.003103462979197502,0.592008650302887,0.6031173467636108,-0.004474187735468149,0.5900520086288452,0.5422265529632568,-0.013784099370241165,0.5501716136932373,0.6955328583717346,0.00040277140215039253,0.500612735748291,0.7431328892707825,-0.0006479531875811517,0.5163145661354065,0.7674701809883118,-0.004357961472123861,0.5386295914649963,0.7683526873588562,-0.008238648064434528,0.5493420362472534,0.7509962320327759,-0.008974413387477398,0.5096181631088257,0.8043111562728882,-0.004832480568438768,0.532688319683075,0.8139917850494385,-0.0032519123051315546,0.5580109357833862,0.8011801242828369,-0.005272182170301676,0.5593640804290771,0.8122785687446594,-0.016868242993950844,0.5241490006446838,0.8523451685905457,-0.012013742700219154,0.5489498972892761,0.8559201955795288,-0.004871827084571123,0.574606716632843,0.8416486978530884,-0.003920331597328186,0.574375569820404,0.8702178001403809,-0.024771809577941895,0.5529795289039612,0.8934808969497681,-0.02094513550400734,0.5784863829612732,0.8911647796630859,-0.011615526862442493,0.6004136800765991,0.8759234547615051,-0.0052612400613725185,THUMBS_UP
0.7171030640602112,0.8354024887084961,-1.7474573610343214e-07,0.6813353300094604,0.7462528944015503,0.0077174752950668335,0.6269729733467102,0.6679679155349731,0.003593871835619211,0.5912646651268005,0.601611852645874,-0.003676010761409998,0.5882896780967712,0.54161137342453,-0.012879226356744766,0.5494272112846375,0.6961471438407898,-0.001748933456838131,0.5000485181808472,0.7424658536911011,-0.0005256222793832421,0.5111802220344543,0.7683303356170654,-0.001977048348635435,0.5285674929618835,0.772017240524292,-0.004731093067675829,0.5478472113609314,0.7496402263641357,-0.010926357470452785,0.5100798606872559,0.8053192496299744,-0.004678983706980944,0.5317990779876709,0.8149982690811157,-0.001514843082986772,0.5557119846343994,0.8020803928375244,-0.002950261579826474,0.5569817423820496,0.8097089529037476,-0.018188828602433205,0.5244648456573486,0.8530172109603882,-0.011065583676099777,0.5489574670791626,0.8564251065254211,-0.0032921871170401573,0.5728859901428223,0.8418303728103638,-0.002648597350344062,0.5708909034729004,0.8674554228782654,-0.02539723925292492,0.5504983067512512,0.8918100595474243,-0.019844476133584976,0.5763231515884399,0.8893284201622009,-0.010088401846587658,0.5971811413764954,0.8741140365600586,-0.0039819818921387196,THUMBS_UP
0.7199592590332031,0.8379206657409668,-1.7768627458281117e-07,0.6856236457824707,0.7487204670906067,0.006428565364331007,0.6294854283332825,0.6706064939498901,0.0021148582454770803,0.5917951464653015,0.6049166917800903,-0.005392467603087425,0.5888569951057434,0.5435011386871338,-0.014759383164346218,0.5512309670448303,0.6995702981948853,0.00025063208886422217,0.5023428797721863,0.7427136898040771,-0.00011676807480398566,0.5110191702842712,0.7694129347801208,-0.0030796383507549763,0.5279691219329834,0.7753350734710693,-0.006595570128411055,0.5490619540214539,0.7531496286392212,-0.008710471913218498,0.5117309093475342,0.8068892955780029,-0.0032336500007659197,0.5325912237167358,0.8171320557594299,-0.0008184898761101067,0.5557001233100891,0.805088460445404,-0.002590920077636838,0.5586808323860168,0.8120039701461792,-0.016330573707818985,0.5249365568161011,0.8533490896224976,-0.0112078208476305,0.5497641563415527,0.8584082126617432,-0.004267597105354071,0.574187159538269,0.8452402949333191,-0.00354012125171721,0.5739024877548218,0.8682727813720703,-0.023980762809515,0.5526717305183411,0.8927136063575745,-0.020451722666621208,0.578434407711029,0.8914121985435486,-0.011683681979775429,0.5996561050415039,0.8768700361251831,-0.005833828821778297,THUMBS_UP
0.718472957611084,0.8345528841018677,-1.7582874534127768e-07,0.6832642555236816,0.7474492192268372,0.006308143492788076,0.6264183521270752,0.6700710654258728,0.001964188413694501,0.589900016784668,0.6047121286392212,-0.005310186184942722,0.5878986120223999,0.5447782874107361,-0.014848771505057812,0.5491660833358765,0.7018241286277771,-0.004269302822649479,0.5036343336105347,0.7433730363845825,-0.005799453239887953,0.5099222660064697,0.7723438143730164,-0.010111860930919647,0.52353835105896,0.7816402316093445,-0.014786935411393642,0.5488022565841675,0.7573063373565674,-0.013435723260045052,0.5134115219116211,0.8107606768608093,-0.009873390197753906,0.5344424843788147,0.8215143084526062,-0.008487939834594727,0.5582982897758484,0.8105547428131104,-0.010852508246898651,0.5598120093345642,0.8166464567184448,-0.020792296156287193,0.5270000696182251,0.8586333394050598,-0.017210321500897408,0.5520357489585876,0.8623679876327515,-0.009762098081409931,0.5774823427200317,0.8490491509437561,-0.008311799727380276,0.5762561559677124,0.8726402521133423,-0.028087208047509193,0.5543948411941528,0.8974061012268066,-0.025310561060905457,0.5795876383781433,0.8948420882225037,-0.015403984114527702,0.6011346578598022,0.8794996738433838,-0.00853753462433815,THUMBS_UP
0.7166454792022705,0.8337815999984741,-1.6366361421660258e-07,0.6805462837219238,0.747098982334137,0.004852843005210161,0.6256412863731384,0.6711429357528687,-0.0005867569125257432,0.5898629426956177,0.6060773134231567,-0.008497304283082485,0.5857980847358704,0.5467251539230347,-0.018443139269948006,0.5459783673286438,0.7049834728240967,-0.00655535189434886,0.5015537142753601,0.7554112076759338,-0.006968543864786625,0.5140116810798645,0.778443455696106,-0.009560825303196907,0.5311148166656494,0.7796677350997925,-0.01295475848019123,0.5477880835533142,0.760055661201477,-0.014959723688662052,0.5129769444465637,0.8161017894744873,-0.009732605889439583,0.5337003469467163,0.825156569480896,-0.006874934304505587,0.556159496307373,0.8118691444396973,-0.008648967370390892,0.5602480173110962,0.8187398910522461,-0.02155142091214657,0.5268946886062622,0.8607264757156372,-0.016389014199376106,0.5504885911941528,0.8649457693099976,-0.008472224697470665,0.5743144750595093,0.8515058159828186,-0.007153418846428394,0.5774610638618469,0.8740540146827698,-0.02820647321641445,0.5528374910354614,0.8980879783630371,-0.024287261068820953,0.5766311883926392,0.896632194519043,-0.014094739221036434,0.5970146656036377,0.8824629187583923,-0.0071950494311749935,THUMBS_UP
0.7158368229866028,0.8321244716644287,-1.58299357622127e-07,0.6824108958244324,0.7460582852363586,0.004599357023835182,0.6284003853797913,0.6711292266845703,-0.00012614783190656453,0.5913276672363281,0.6061879992485046,-0.007210334297269583,0.5862603187561035,0.5478922724723816,-0.016107425093650818,0.5481594800949097,0.704109787940979,-0.005936807487159967,0.5016521215438843,0.7530043125152588,-0.0050706504844129086,0.5163236856460571,0.7754067182540894,-0.006233676336705685,0.535426914691925,0.7761368751525879,-0.008670788258314133,0.5484873652458191,0.7586420774459839,-0.013731171377003193,0.5127501487731934,0.8130837678909302,-0.007983771152794361,0.5344299674034119,0.8208135366439819,-0.004936413373798132,0.5579184889793396,0.8079471588134766,-0.006250100210309029,0.5594474077224731,0.8176031112670898,-0.019684338942170143,0.5288025736808777,0.8585614562034607,-0.01391496043652296,0.5530998706817627,0.8606606125831604,-0.006429394707083702,0.5766561031341553,0.8471200466156006,-0.00544348917901516,0.5752919912338257,0.8728930354118347,-0.02574591524899006,0.556259274482727,0.8945034146308899,-0.021730991080403328,0.5822057723999023,0.8921956419944763,-0.012327644042670727,0.6024391651153564,0.8783870935440063,-0.006038640160113573,THUMBS_UP
0.7179229855537415,0.8332740068435669,-1.6956636272880132e-07,0.6835270524024963,0.7474055290222168,0.0030447866301983595,0.6283342838287354,0.6707797050476074,-0.0025176426861435175,0.5910142660140991,0.6065356731414795,-0.010136482305824757,0.5860049724578857,0.5479103326797485,-0.019618693739175797,0.5486358404159546,0.7021631598472595,-0.006081406492739916,0.5023166537284851,0.7514204978942871,-0.006645576562732458,0.5133204460144043,0.7768113017082214,-0.009288511238992214,0.5297638773918152,0.780478835105896,-0.012703267857432365,0.5498338937759399,0.7548556923866272,-0.013532569631934166,0.5133610367774963,0.8132107853889465,-0.009167331270873547,0.5347679257392883,0.8236219882965088,-0.0068055386655032635,0.5578739047050476,0.810912013053894,-0.008491229265928268,0.5613754987716675,0.812690794467926,-0.019540371373295784,0.5270649790763855,0.8578860759735107,-0.015412983484566212,0.5511577725410461,0.8622705936431885,-0.0082140127196908,0.5748379826545715,0.8482844829559326,-0.007033857516944408,0.5775453448295593,0.8681554794311523,-0.025742297992110252,0.5540782809257507,0.8949368000030518,-0.02325735054910183,0.5786657333374023,0.8933970332145691,-0.014365210197865963,0.599019467830658,0.8782655000686646,-0.00815349817276001,THUMBS_UP
0.7183852791786194,0.8293144702911377,-1.485001206447123e-07,0.6813836097717285,0.7422729134559631,0.006641038693487644,0.6266316175460815,0.6680215001106262,0.0011926860315725207,0.590181827545166,0.6039221286773682,-0.007270961534231901,0.5870627760887146,0.54396653175354,-0.017808377742767334,0.545916736125946,0.7031957507133484,-0.003734941128641367,0.5021563768386841,0.7538054585456848,-0.0041886139661073685,0.5159446597099304,0.7751796245574951,-0.007000865414738655,0.5342944860458374,0.7759609222412109,-0.010299374349415302,0.548200786113739,0.7586342096328735,-0.013122777454555035,0.5140525102615356,0.8128635883331299,-0.00756436213850975,0.5356131792068481,0.8197170495986938,-0.005144506227225065,0.5591495037078857,0.8067610263824463,-0.007031549699604511,0.5613019466400146,0.8179565072059631,-0.02061096578836441,0.5289292931556702,0.8567261695861816,-0.014905011281371117,0.5531975030899048,0.858309268951416,-0.007497743703424931,0.5780890583992004,0.8445972800254822,-0.0064995368011295795,0.5791876912117004,0.8729970455169678,-0.028016917407512665,0.5570064783096313,0.8942025899887085,-0.023337112739682198,0.5819167494773865,0.8903199434280396,-0.013170365244150162,0.6026927828788757,0.8756890296936035,-0.00628102570772171,THUMBS_UP
0.7178958058357239,0.8313421607017517,-1.5485052529129462e-07,0.6822874546051025,0.7449532151222229,0.005477540660649538,0.6278694272041321,0.6694893836975098,0.0005279052420519292,0.5903931856155396,0.6049181818962097,-0.006916729733347893,0.584985077381134,0.5455434322357178,-0.016108542680740356,0.5495473742485046,0.7032599449157715,-0.0051660011522471905,0.5021597743034363,0.7523803114891052,-0.004078803118318319,0.5180504322052002,0.7720667123794556,-0.004937431775033474,0.5381608605384827,0.7695137858390808,-0.006966091692447662,0.551354169845581,0.7565369009971619,-0.012993324548006058,0.5138607621192932,0.8112958669662476,-0.006259622983634472,0.5354529619216919,0.8180918097496033,-0.0021818785462528467,0.5585246086120605,0.8035300970077515,-0.002930552000179887,0.5632118582725525,0.8143271207809448,-0.019018972292542458,0.528774082660675,0.8556126356124878,-0.011951039545238018,0.5527495741844177,0.8579841256141663,-0.004089471884071827,0.5762156844139099,0.8436062335968018,-0.0031240759417414665,0.5795682072639465,0.869030773639679,-0.025041984394192696,0.5576085448265076,0.892602801322937,-0.019790494814515114,0.5823879837989807,0.8894439935684204,-0.01030795555561781,0.6024143695831299,0.8744825124740601,-0.004204750061035156,THUMBS_UP
0.7186117768287659,0.8315068483352661,-1.590209421920008e-07,0.6832394003868103,0.7458006739616394,0.005605293903499842,0.6272176504135132,0.6701217293739319,-2.1626249235850992e-07,0.5898466110229492,0.6045669317245483,-0.008084172382950783,0.5855017900466919,0.5435661673545837,-0.018279431387782097,0.549149215221405,0.7030367851257324,-0.005679965950548649,0.5023876428604126,0.7517801523208618,-0.005261542275547981,0.5131175518035889,0.7766212821006775,-0.007480866741389036,0.5294044613838196,0.7806630730628967,-0.01071589719504118,0.5499314665794373,0.7573158740997314,-0.014065893366932869,0.5155472755432129,0.8155741691589355,-0.007610774599015713,0.5369492173194885,0.8238402605056763,-0.004680093843489885,0.5599824786186218,0.8103833794593811,-0.006472539622336626,0.5618022680282593,0.8163257837295532,-0.020496483892202377,0.5304358005523682,0.8593595027923584,-0.014290756545960903,0.5547208786010742,0.8622670769691467,-0.006917798891663551,0.578624427318573,0.8480427265167236,-0.0062117744237184525,0.5783653259277344,0.8721435070037842,-0.026849251240491867,0.5572794079780579,0.8947880268096924,-0.02228381484746933,0.5826592445373535,0.8918102979660034,-0.012400088831782341,0.6031778454780579,0.8769981861114502,-0.0058579398319125175,THUMBS_UP
0.7168961763381958,0.8286883234977722,-1.6518144718702388e-07,0.6802849769592285,0.7421427369117737,0.006858950015157461,0.6263492107391357,0.6677893400192261,0.0021582474000751972,0.5889648795127869,0.604016125202179,-0.005469015333801508,0.5844433307647705,0.5446329116821289,-0.014908327721059322,0.5483697652816772,0.701502799987793,-0.002980179386213422,0.5016442537307739,0.752631425857544,-0.0020276769064366817,0.5182487964630127,0.7728445529937744,-0.003334115957841277,0.5389586687088013,0.7697429656982422,-0.005682418588548899,0.5503056049346924,0.7555863261222839,-0.01176140271127224,0.5129732489585876,0.8106459975242615,-0.0050587463192641735,0.5351686477661133,0.8181067705154419,-0.0014738870086148381,0.5585597157478333,0.8036870956420898,-0.0026220562867820263,0.5628741383552551,0.8135314583778381,-0.018663249909877777,0.528057873249054,0.8553204536437988,-0.012051844969391823,0.5525391101837158,0.8577737212181091,-0.004109619650989771,0.5763699412345886,0.8427475690841675,-0.002970426343381405,0.5803349614143372,0.86778324842453,-0.025440296158194542,0.5567042827606201,0.8917382955551147,-0.020506881177425385,0.5819681882858276,0.8886488080024719,-0.010501550510525703,0.6027492880821228,0.873619794845581,-0.0039024553261697292,THUMBS_UP
0.7202248573303223,0.8303611278533936,-1.8684656311052095e-07,0.6853278279304504,0.7454874515533447,0.0040370705537498,0.628583550453186,0.6701076626777649,-0.0015928416978567839,0.5904784798622131,0.6061349511146545,-0.009469114243984222,0.5851944088935852,0.5461585521697998,-0.01916022226214409,0.5487557053565979,0.7018847465515137,-0.0049969046376645565,0.5042502284049988,0.7517206072807312,-0.006032639183104038,0.5169612765312195,0.7777426838874817,-0.009527047164738178,0.5343019366264343,0.7811816930770874,-0.013453295454382896,0.5494493842124939,0.7555814385414124,-0.012730943970382214,0.5155408382415771,0.8143733739852905,-0.008337842300534248,0.5382991433143616,0.8243700265884399,-0.006269336678087711,0.5616099238395691,0.8101415634155273,-0.00818417128175497,0.5609453916549683,0.8133838772773743,-0.018939003348350525,0.5296365022659302,0.8578047156333923,-0.014468866400420666,0.5551114678382874,0.8618250489234924,-0.007334781810641289,0.5790187120437622,0.8469035029411316,-0.006298302672803402,0.5774277448654175,0.8675822019577026,-0.02528735063970089,0.5569294095039368,0.8928654193878174,-0.022022515535354614,0.5830075144767761,0.8912490606307983,-0.012741507031023502,0.6037015914916992,0.8759441375732422,-0.00633262237533927,THUMBS_UP
0.7169308066368103,0.8279792666435242,-1.6350949749721622e-07,0.6796634197235107,0.741478681564331,0.0058684805408120155,0.6248472332954407,0.667942225933075,-0.00013339080032892525,0.5895841121673584,0.6042425036430359,-0.009098040871322155,0.5843815803527832,0.545906662940979,-0.020298365503549576,0.5463382005691528,0.7014860510826111,-0.007431831210851669,0.5028958320617676,0.7547241449356079,-0.009113219566643238,0.5165243148803711,0.7771745920181274,-0.012317921034991741,0.53463214635849,0.7785585522651672,-0.01605823077261448,0.5488423109054565,0.7567499279975891,-0.01714492030441761,0.5151270627975464,0.8138712644577026,-0.013902169652283192,0.5374346971511841,0.8208552598953247,-0.01205908227711916,0.5618562698364258,0.8071904182434082,-0.014183184131979942,0.5624081492424011,0.8157672882080078,-0.024889109656214714,0.5300935506820679,0.8574631810188293,-0.021442564204335213,0.5554363131523132,0.8593502044677734,-0.01356476079672575,0.5806459784507751,0.8449695110321045,-0.012021439149975777,0.5809083580970764,0.8708515763282776,-0.032560233026742935,0.5595164895057678,0.8937607407569885,-0.030428655445575714,0.5852640271186829,0.8902337551116943,-0.02060922235250473,0.6059339046478271,0.8750994801521301,-0.0137367844581604,THUMBS_UP
0.7185530662536621,0.8297393321990967,-1.8559470049694937e-07,0.6829944849014282,0.7436363697052002,0.0058303833939135075,0.6270211338996887,0.6692198514938354,0.0014000356895849109,0.5889887809753418,0.6063671112060547,-0.00543141458183527,0.5834788084030151,0.5476546287536621,-0.014156773686408997,0.5484018921852112,0.7032350897789001,-0.0047593191266059875,0.5063582062721252,0.7559086680412292,-0.004532705992460251,0.5232596397399902,0.7769349217414856,-0.006711120717227459,0.5430173277854919,0.7749857902526855,-0.009725003503262997,0.5499237179756165,0.7578515410423279,-0.01327038649469614,0.5165209770202637,0.8144926428794861,-0.007800140883773565,0.5393785834312439,0.8219268321990967,-0.005140500608831644,0.5625924468040466,0.8068371415138245,-0.0066804527305066586,0.562102198600769,0.815984845161438,-0.019869163632392883,0.5305745005607605,0.8588055372238159,-0.014575584791600704,0.5555084943771362,0.861743152141571,-0.006851171609014273,0.5785866379737854,0.8460454940795898,-0.0054982914589345455,0.5795214772224426,0.8708385229110718,-0.026390455663204193,0.5566092133522034,0.8951462507247925,-0.022570891305804253,0.582147479057312,0.8927629590034485,-0.012396800331771374,0.6024781465530396,0.8775668740272522,-0.0053331428207457066,THUMBS_UP
0.7195690870285034,0.8317660689353943,-1.6943869241003995e-07,0.6848394870758057,0.7447984218597412,0.006448046769946814,0.6280516386032104,0.6692584753036499,0.002520319540053606,0.5895721316337585,0.6055300831794739,-0.0038618375547230244,0.58436119556427,0.5471618175506592,-0.012385406531393528,0.5485300421714783,0.7031950354576111,-0.004471684340387583,0.5035344958305359,0.7558626532554626,-0.002990029053762555,0.5162068605422974,0.7805750966072083,-0.003848804859444499,0.5329466462135315,0.7825326323509216,-0.006100205704569817,0.5493869781494141,0.7583351731300354,-0.01282592210918665,0.5150583982467651,0.8147794008255005,-0.006914958823472261,0.5372117757797241,0.8239436149597168,-0.004140422213822603,0.5607782006263733,0.8111797571182251,-0.005355006083846092,0.5614638924598694,0.8172588348388672,-0.019013579934835434,0.5300533771514893,0.859982430934906,-0.013389053754508495,0.5550991296768188,0.86263108253479,-0.006344850640743971,0.5791887640953064,0.8480211496353149,-0.0053527336567640305,0.57852703332901,0.8719860315322876,-0.024999506771564484,0.5582862496376038,0.8951607942581177,-0.021293260157108307,0.584359884262085,0.8920546770095825,-0.012095739133656025,0.6049023270606995,0.8763245344161987,-0.005664903670549393,THUMBS_UP
0.7187846899032593,0.8310670256614685,-1.6159026472450932e-07,0.6819251179695129,0.7446980476379395,0.0043274592608213425,0.6268936991691589,0.6694056987762451,-0.0004855995357502252,0.5902668237686157,0.6051116585731506,-0.008087309077382088,0.5848240256309509,0.5469924807548523,-0.017944050952792168,0.550032377243042,0.7048368453979492,-0.0026295168790966272,0.5062010288238525,0.7561621069908142,-0.003948104102164507,0.5157732963562012,0.7820971012115479,-0.008372110314667225,0.531211256980896,0.7864555716514587,-0.012902524322271347,0.5516615509986877,0.7590219378471375,-0.010847427882254124,0.516734778881073,0.8155311942100525,-0.006966956425458193,0.5358791947364807,0.8261271715164185,-0.006619311403483152,0.558327853679657,0.815110445022583,-0.00944251287728548,0.5637655258178711,0.8163099884986877,-0.01759856380522251,0.5318562984466553,0.8599759936332703,-0.013477875851094723,0.5547502636909485,0.8638254404067993,-0.007417641580104828,0.5783362984657288,0.8501611351966858,-0.006770558189600706,0.5810365080833435,0.8699700832366943,-0.024600444361567497,0.5611544847488403,0.895635724067688,-0.021994173526763916,0.5853719115257263,0.8928104043006897,-0.013432149775326252,0.6056138873100281,0.8769938945770264,-0.007271289825439453,THUMBS_UP
0.7210514545440674,0.8326079845428467,-1.4752758659142273e-07,0.6856353282928467,0.7473821043968201,0.0052691115997731686,0.6288390159606934,0.6721483469009399,7.69766302255448e-06,0.5909791588783264,0.6077237725257874,-0.007678332272917032,0.5856533050537109,0.5477657914161682,-0.01762349158525467,0.5516022443771362,0.7087907791137695,-0.006525032222270966,0.5069409012794495,0.7623000144958496,-0.006957263685762882,0.5192060470581055,0.7850268483161926,-0.009519774466753006,0.5355803966522217,0.7854215502738953,-0.012753903865814209,0.5537558794021606,0.7635436058044434,-0.014864076860249043,0.5177558660507202,0.8187854290008545,-0.00948453787714243,0.5380265116691589,0.8266595005989075,-0.006879893597215414,0.5603829622268677,0.8132214546203613,-0.008584787137806416,0.5661933422088623,0.8212356567382812,-0.021246474236249924,0.5328364372253418,0.8615275025367737,-0.015590569004416466,0.5556634664535522,0.8642909526824951,-0.007974161766469479,0.5787526965141296,0.8501501083374023,-0.00684327632188797,0.5831443667411804,0.8749962449073792,-0.0276112612336874,0.5600507855415344,0.8956629037857056,-0.022875690832734108,0.5837010145187378,0.8928875923156738,-0.012662085704505444,0.6034225225448608,0.8785443902015686,-0.005858730524778366,THUMBS_UP
0.718916654586792,0.8336483240127563,-1.6363392774110253e-07,0.6847143173217773,0.7474884390830994,0.005508371628820896,0.6288280487060547,0.6709796190261841,0.001754135126248002,0.5898523926734924,0.6066659092903137,-0.004256067331880331,0.5841483473777771,0.5478930473327637,-0.011991605162620544,0.5499416589736938,0.7048749923706055,-0.0029690980445593596,0.5052046179771423,0.7510562539100647,-7.878681208239868e-05,0.5194518566131592,0.7743498086929321,3.260232551838271e-05,0.5377316474914551,0.7753717303276062,-0.0015608514659106731,0.5501011610031128,0.7579909563064575,-0.010351334698498249,0.5161149501800537,0.8107352256774902,-0.002794663654640317,0.5374476313591003,0.8199317455291748,0.0005614724359475076,0.5599643588066101,0.8075641989707947,-0.000413636676967144,0.5610413551330566,0.8154531717300415,-0.01578008569777012,0.5307947397232056,0.8556667566299438,-0.008129624649882317,0.5549708604812622,0.8578231930732727,-0.0011078286916017532,0.5778610706329346,0.8437595963478088,-0.000584263529162854,0.5771615505218506,0.8695878386497498,-0.021220192313194275,0.557655394077301,0.8913997411727905,-0.015456066466867924,0.5825795531272888,0.8885667324066162,-0.006065860390663147,0.602167546749115,0.8741272687911987,5.020093158236705e-05,THUMBS_UP
0.722887396812439,0.8321372270584106,-1.6660604273965873e-07,0.6859182119369507,0.7467806339263916,0.007524740416556597,0.6288501620292664,0.672165036201477,0.0029120813123881817,0.590213418006897,0.6070396304130554,-0.004151192493736744,0.5857466459274292,0.5461097955703735,-0.013429752551019192,0.556907594203949,0.7053369283676147,-0.007816359400749207,0.5089997053146362,0.7557810544967651,-0.005665308330208063,0.5243344306945801,0.7735583186149597,-0.004987230524420738,0.5450151562690735,0.7701704502105713,-0.005971373524516821,0.5580887198448181,0.7599561810493469,-0.01619645021855831,0.5195107460021973,0.8143402338027954,-0.00803546141833067,0.5394430160522461,0.8213629722595215,-0.0029103513807058334,0.5621224045753479,0.8085841536521912,-0.003425047267228365,0.5694817304611206,0.8180445432662964,-0.022107180207967758,0.533316969871521,0.8577256202697754,-0.013883071020245552,0.5561572313308716,0.859725832939148,-0.005353519693017006,0.5797176957130432,0.846388578414917,-0.004456913098692894,0.5855672359466553,0.8723481297492981,-0.02760964445769787,0.5600576996803284,0.8937567472457886,-0.021383265033364296,0.5841085314750671,0.8908399343490601,-0.010767065919935703,0.6040078401565552,0.8773237466812134,-0.00421445956453681,THUMBS_UP
0.7189870476722717,0.8254286646842957,-1.631402426482964e-07,0.6819855570793152,0.7388421297073364,0.007857234217226505,0.6268841624259949,0.6673887968063354,0.004334294702857733,0.5882359743118286,0.605756938457489,-0.002085787942633033,0.5828734040260315,0.5477343797683716,-0.0106325289234519,0.5511616468429565,0.7026749849319458,-0.003017701907083392,0.5085487961769104,0.7536950707435608,-0.000982696539722383,0.5227367877960205,0.7757046818733215,-0.0014691074611619115,0.540080189704895,0.7752077579498291,-0.0035567369777709246,0.5538660883903503,0.7567550539970398,-0.012295031920075417,0.5174579620361328,0.810765266418457,-0.005991044454276562,0.5374138355255127,0.8199895024299622,-0.00304399523884058,0.5595532059669495,0.8085854053497314,-0.004382442682981491,0.5669605731964111,0.8141713738441467,-0.019302774220705032,0.5314831733703613,0.8563335537910461,-0.013421510346233845,0.555008590221405,0.8585954308509827,-0.0059270840138196945,0.5785183906555176,0.84441077709198,-0.004812832921743393,0.5852382779121399,0.8677082657814026,-0.025988809764385223,0.5606203079223633,0.891425609588623,-0.022064387798309326,0.5844452977180481,0.8871908187866211,-0.012296567671000957,0.6047137379646301,0.8715797066688538,-0.005632959306240082,THUMBS_UP
0.7192627191543579,0.8255552649497986,-1.7673062302492326e-07,0.682016134262085,0.7396379709243774,0.008175551891326904,0.6263079047203064,0.665998101234436,0.005493825767189264,0.5883634090423584,0.603499710559845,5.616073394776322e-05,0.5834147930145264,0.5464022159576416,-0.007218900136649609,0.5508910417556763,0.7016798853874207,-0.0019844176713377237,0.508720338344574,0.755122721195221,0.000602598418481648,0.5279056429862976,0.7724012732505798,0.0009339416865259409,0.5489538908004761,0.7660589814186096,-0.0002953512012027204,0.5532584190368652,0.7550878524780273,-0.01074965950101614,0.5174705982208252,0.8098919987678528,-0.0032708037178963423,0.5395442247390747,0.8180345296859741,0.0007682475843466818,0.56257164478302,0.8042018413543701,0.00017161259893327951,0.5659680962562561,0.8115123510360718,-0.017376987263560295,0.5319862961769104,0.8536803722381592,-0.010105401277542114,0.5562717318534851,0.8567283153533936,-0.0022424287162721157,0.5795588493347168,0.8421404957771301,-0.0010779210133478045,0.5839107036590576,0.8638836741447449,-0.023719392716884613,0.5603400468826294,0.8876590728759766,-0.01839250512421131,0.5852180123329163,0.885413408279419,-0.008331994526088238,0.6054215431213379,0.8708966970443726,-0.0016385368071496487,THUMBS_UP
0.7159211039543152,0.8209258317947388,-1.6298037053275038e-07,0.6801084280014038,0.7356457710266113,0.006528063677251339,0.6258795857429504,0.6645787954330444,0.0018979351734742522,0.5873724222183228,0.6034443974494934,-0.005245027132332325,0.5825624465942383,0.5442454218864441,-0.01421046257019043,0.5518173575401306,0.6981765627861023,-0.0062584830448031425,0.5064671039581299,0.752897322177887,-0.006012776866555214,0.5271971225738525,0.7678003311157227,-0.006154840812087059,0.549219012260437,0.757910430431366,-0.007225481327623129,0.5543850660324097,0.7514782547950745,-0.014118624851107597,0.5161956548690796,0.8060434460639954,-0.009079794399440289,0.5391198396682739,0.8130167126655579,-0.004611879587173462,0.5624697208404541,0.7970468401908875,-0.0044332086108624935,0.5663940906524658,0.8075858950614929,-0.01997387409210205,0.5306898951530457,0.848681628704071,-0.014624376781284809,0.5552529096603394,0.8518437147140503,-0.006612279452383518,0.5784725546836853,0.8363612294197083,-0.004835406318306923,0.5828807950019836,0.8601166009902954,-0.025523249059915543,0.5580745339393616,0.8826724290847778,-0.02102012187242508,0.583296000957489,0.8810535669326782,-0.01134494598954916,0.6038071513175964,0.8667428493499756,-0.004763658158481121,THUMBS_UP
0.7150357961654663,0.8181648850440979,-1.7494488702141098e-07,0.6794342398643494,0.7342401146888733,0.00474590715020895,0.6244663000106812,0.6627122759819031,-0.00021948598441667855,0.5865339040756226,0.60248202085495,-0.0075460318475961685,0.5818607211112976,0.5443239212036133,-0.016499869525432587,0.5499886274337769,0.6956411600112915,-0.005893331486731768,0.50660240650177,0.7534929513931274,-0.007769600488245487,0.5269863605499268,0.7696355581283569,-0.01044405810534954,0.5482221245765686,0.7604296207427979,-0.013206400908529758,0.5529304146766663,0.7497196197509766,-0.01373363845050335,0.5169345736503601,0.8095613718032837,-0.01079440489411354,0.5394965410232544,0.8169823288917542,-0.00848280917853117,0.5622390508651733,0.8000229001045227,-0.009537040255963802,0.564980149269104,0.8059723973274231,-0.01998833753168583,0.5323626399040222,0.8503356575965881,-0.01657644845545292,0.5560469627380371,0.8535372614860535,-0.009898817166686058,0.5786080956459045,0.8367297053337097,-0.008579568937420845,0.5814878940582275,0.8581143617630005,-0.026210740208625793,0.5605192184448242,0.882962703704834,-0.023474864661693573,0.5853687524795532,0.8814009428024292,-0.0149085009470582,0.6050934195518494,0.8659756183624268,-0.008666852489113808,THUMBS_UP
0.7121362090110779,0.8161095380783081,-1.7685790965060733e-07,0.6768952012062073,0.7310259938240051,0.007678462192416191,0.6243464350700378,0.659843921661377,0.0038472001906484365,0.5862797498703003,0.598310112953186,-0.0024572054389864206,0.5821096897125244,0.5406029224395752,-0.010736881755292416,0.5502583980560303,0.6927334666252136,-0.0048334719613194466,0.5057973861694336,0.7498108744621277,-0.001449315226636827,0.5255042910575867,0.7675852179527283,-6.302621477516368e-05,0.5463925004005432,0.7601560354232788,-0.0006886407500132918,0.5523735880851746,0.7454792857170105,-0.012881249189376831,0.5163624286651611,0.8043234348297119,-0.0043299878016114235,0.538648784160614,0.8130577802658081,0.0003929929225705564,0.5612426400184631,0.7985580563545227,-6.949683302082121e-05,0.5640984773635864,0.8014289736747742,-0.018504653126001358,0.5313394069671631,0.8457667827606201,-0.009461790323257446,0.5555528402328491,0.8489798903465271,-0.0017925272695720196,0.5780815482139587,0.833271324634552,-0.001445483649149537,0.5805867314338684,0.8539413809776306,-0.023854631930589676,0.5596332550048828,0.8802022337913513,-0.01747746951878071,0.5850560665130615,0.877604603767395,-0.00817333348095417,0.605169951915741,0.8622074127197266,-0.002395098330453038,THUMBS_UP
0.7139163613319397,0.8144308924674988,-1.80513154646178e-07,0.6781824231147766,0.7314047813415527,0.005171431228518486,0.6241908073425293,0.6601990461349487,-0.0002970946079585701,0.5860285758972168,0.6009171009063721,-0.007988659664988518,0.5811820030212402,0.5423985123634338,-0.01727435179054737,0.549688458442688,0.6926029920578003,-0.006757562980055809,0.5080450177192688,0.7519737482070923,-0.007854325696825981,0.5299345254898071,0.766444981098175,-0.009477279148995876,0.5517399907112122,0.7560589909553528,-0.011643054895102978,0.552578866481781,0.7453149557113647,-0.014976156875491142,0.5175656676292419,0.8045808672904968,-0.010950981639325619,0.5411506295204163,0.811173141002655,-0.007628976367413998,0.5638524293899536,0.7952697277069092,-0.008246777579188347,0.5646823644638062,0.8007909655570984,-0.021421611309051514,0.5328876376152039,0.8461629748344421,-0.01706109009683132,0.5579114556312561,0.8487090468406677,-0.00959414429962635,0.580213189125061,0.8321248292922974,-0.008160077035427094,0.5813062787055969,0.8530994653701782,-0.027750801295042038,0.5599426031112671,0.880910336971283,-0.02466239407658577,0.5865455269813538,0.8783966302871704,-0.01554415374994278,0.6065881848335266,0.8625495433807373,-0.009067301638424397,THUMBS_UP
0.7091396450996399,0.81320720911026,-1.8501050647046213e-07,0.6751421093940735,0.7290384769439697,0.0050289211794734,0.6226314306259155,0.6582993268966675,-0.0005622156895697117,0.5858122110366821,0.5973988771438599,-0.008359216153621674,0.5815612077713013,0.5400905609130859,-0.017762772738933563,0.5499418377876282,0.6912437081336975,-0.01014300249516964,0.5030915141105652,0.7474513053894043,-0.011180343106389046,0.5252588987350464,0.7639665603637695,-0.011478062719106674,0.5476164221763611,0.7540768980979919,-0.012568253092467785,0.5519170165061951,0.7440615892410278,-0.017623674124479294,0.5144164562225342,0.8020098805427551,-0.014542708173394203,0.5393153429031372,0.8099481463432312,-0.009806439280509949,0.5626702308654785,0.7929311394691467,-0.0091513991355896,0.5630003809928894,0.7990959286689758,-0.023102568462491035,0.530006468296051,0.843234658241272,-0.018856169655919075,0.5553944110870361,0.846839964389801,-0.010112662799656391,0.5781821012496948,0.8296650648117065,-0.0076919072307646275,0.5786565542221069,0.8503392338752747,-0.028451208025217056,0.5554457902908325,0.875699520111084,-0.024664167314767838,0.5807039141654968,0.875578761100769,-0.014872003346681595,0.6009145975112915,0.8607888221740723,-0.008127563633024693,THUMBS_UP
0.711548388004303,0.8106635808944702,-1.4628194833221642e-07,0.6763808727264404,0.7289437055587769,0.0038610349874943495,0.6221941709518433,0.6591756343841553,-0.0020468931179493666,0.5853096842765808,0.5973925590515137,-0.010051284916698933,0.5821234583854675,0.5390905737876892,-0.019566787406802177,0.5514009594917297,0.6909434199333191,-0.007740608882158995,0.5047205090522766,0.7462212443351746,-0.00935555063188076,0.5260169506072998,0.7615212798118591,-0.011385667137801647,0.5477091073989868,0.7505050897598267,-0.013638025149703026,0.5542981028556824,0.7453927397727966,-0.014854498207569122,0.5144043564796448,0.8001124262809753,-0.011996608227491379,0.5376538634300232,0.8071775436401367,-0.008728678338229656,0.5603205561637878,0.7909428477287292,-0.008911404758691788,0.5655499696731567,0.8016581535339355,-0.02036394365131855,0.5302467346191406,0.8429080247879028,-0.01610598899424076,0.5540688633918762,0.8456575274467468,-0.008423919789493084,0.5766019225120544,0.8298599720001221,-0.00650170398876071,0.5809929966926575,0.8534457087516785,-0.025867844000458717,0.5563012361526489,0.876930296421051,-0.021522296592593193,0.5803899765014648,0.8757181763648987,-0.011741398833692074,0.6004977822303772,0.8616793155670166,-0.004942466504871845,THUMBS_UP
0.7098604440689087,0.8094766736030579,-1.7612850911064015e-07,0.675902783870697,0.7265332937240601,0.004033462144434452,0.623292863368988,0.6576231122016907,-0.001965701812878251,0.585899829864502,0.5975250005722046,-0.010156330652534962,0.5812853574752808,0.5393061637878418,-0.01988215558230877,0.5518696308135986,0.6886455416679382,-0.008634363301098347,0.504450798034668,0.7448272109031677,-0.011079424992203712,0.5262043476104736,0.7602626085281372,-0.013423926196992397,0.5490638613700867,0.7499992847442627,-0.015473698265850544,0.5530283451080322,0.7428295612335205,-0.015304207801818848,0.5156514644622803,0.7990520596504211,-0.01226009614765644,0.5395545959472656,0.8070006966590881,-0.008666708134114742,0.5626213550567627,0.7910910248756409,-0.008594275452196598,0.5634422302246094,0.7987857460975647,-0.020339712500572205,0.5316517353057861,0.8401579856872559,-0.015916358679533005,0.5556809902191162,0.8441464304924011,-0.008369975723326206,0.5783640742301941,0.8284643888473511,-0.006492831744253635,0.578158438205719,0.8505688309669495,-0.025322599336504936,0.5568280220031738,0.8735636472702026,-0.020679570734500885,0.5817458629608154,0.8735688924789429,-0.011166307143867016,0.6019180417060852,0.8605650663375854,-0.004479627124965191,THUMBS_UP
0.7100306153297424,0.8100668787956238,-1.7715713340749062e-07,0.6762696504592896,0.7269464135169983,0.0036365697160363197,0.6235304474830627,0.6581435203552246,-0.0024051896762102842,0.5861778855323792,0.5978522300720215,-0.010663813911378384,0.5819997191429138,0.5389885902404785,-0.020315423607826233,0.5527430772781372,0.6884320974349976,-0.007772722281515598,0.5045459866523743,0.7440071105957031,-0.010967099107801914,0.526992917060852,0.7595564723014832,-0.014125315472483635,0.5501098036766052,0.7484691143035889,-0.01673193648457527,0.5537809133529663,0.7426738142967224,-0.014394022524356842,0.5155885815620422,0.7982897758483887,-0.011847827583551407,0.5396128296852112,0.8064640164375305,-0.008507134392857552,0.5622873306274414,0.7905161380767822,-0.008591016754508018,0.563852071762085,0.7984620332717896,-0.019641725346446037,0.5319466590881348,0.8402808308601379,-0.015636920928955078,0.5559877157211304,0.8442547917366028,-0.00822717696428299,0.5782259702682495,0.8283351063728333,-0.006349476054310799,0.5785630345344543,0.8498473167419434,-0.024921515956521034,0.5563169717788696,0.8737460970878601,-0.020410440862178802,0.5809875130653381,0.8735651969909668,-0.0109965018928051,0.6012266278266907,0.8600842952728271,-0.004371853545308113,THUMBS_UP
0.7138776183128357,0.8102139830589294,-1.6581168438278837e-07,0.6797622442245483,0.7281036972999573,0.003596831578761339,0.623668372631073,0.6580580472946167,-0.0022518406622111797,0.5866055488586426,0.5958319902420044,-0.010284947231411934,0.584414541721344,0.5375688672065735,-0.019442401826381683,0.5525801181793213,0.6880104541778564,-0.006686134729534388,0.5046445727348328,0.7444332242012024,-0.011057725176215172,0.5277777910232544,0.757877767086029,-0.015379022806882858,0.5513100624084473,0.7449535727500916,-0.018555043265223503,0.554502010345459,0.7423727512359619,-0.01358406338840723,0.5153548121452332,0.7991838455200195,-0.012321325950324535,0.5393612384796143,0.8055056929588318,-0.009565223008394241,0.5620759725570679,0.7877162098884583,-0.00959377083927393,0.5650490522384644,0.7982591390609741,-0.01935652084648609,0.5324741005897522,0.8409748077392578,-0.016253700479865074,0.5561630725860596,0.8433498740196228,-0.009196382947266102,0.5782772302627563,0.8260340690612793,-0.007190518546849489,0.5800432562828064,0.8491883277893066,-0.02526116371154785,0.5599380731582642,0.873962938785553,-0.021225037053227425,0.5847011804580688,0.8733898401260376,-0.01219116523861885,0.6046990752220154,0.8585805296897888,-0.005619873758405447,THUMBS_UP
0.7135239243507385,0.8103074431419373,-1.7168943600154307e-07,0.6780834794044495,0.7280747890472412,0.0046602888032794,0.6236680150032043,0.6602751016616821,-0.0020378325134515762,0.5867188572883606,0.5985873937606812,-0.01144183799624443,0.5837716460227966,0.5365985631942749,-0.02222517319023609,0.553102970123291,0.6879355311393738,-0.0067789326421916485,0.5045105814933777,0.7461054921150208,-0.011251811869442463,0.5280942916870117,0.7594919204711914,-0.01572791486978531,0.5507898926734924,0.7453727126121521,-0.019211992621421814,0.555860161781311,0.7417861819267273,-0.01462618913501501,0.5151227712631226,0.7994096279144287,-0.013775395229458809,0.5398640036582947,0.8048539757728577,-0.010696668177843094,0.5627954006195068,0.7865746021270752,-0.010475304909050465,0.5671882033348083,0.7973800897598267,-0.021199584007263184,0.5309997200965881,0.8406803011894226,-0.01842917874455452,0.5554835796356201,0.8428415656089783,-0.010536634363234043,0.577796459197998,0.8252004384994507,-0.007822525687515736,0.5834884643554688,0.8484271764755249,-0.027749966830015182,0.5580725073814392,0.8727386593818665,-0.023683693259954453,0.5825710296630859,0.8713793754577637,-0.01378797460347414,0.6031458973884583,0.856852114200592,-0.006598469335585833,THUMBS_UP
0.7150476574897766,0.814279317855835,-1.743397177733641e-07,0.6798815131187439,0.7313245534896851,0.004124595783650875,0.626462459564209,0.6615887880325317,-0.0024531364906579256,0.5884401202201843,0.5989856719970703,-0.011120922863483429,0.5845245718955994,0.5379517078399658,-0.02113433927297592,0.5552899837493896,0.6870312690734863,-0.008422337472438812,0.5058162808418274,0.7441856861114502,-0.010185331106185913,0.5287693738937378,0.7608090043067932,-0.01205446571111679,0.5512714982032776,0.7498517036437988,-0.01422941219061613,0.5564547777175903,0.7407975792884827,-0.015431101433932781,0.5161234736442566,0.7993839979171753,-0.012197050265967846,0.5402762293815613,0.8083111643791199,-0.00851792935281992,0.5627773404121399,0.7923793792724609,-0.008612368255853653,0.5665673017501831,0.7973636388778687,-0.020747916772961617,0.5313975811004639,0.8413242101669312,-0.016083383932709694,0.555729329586029,0.8451645374298096,-0.00828630942851305,0.578403651714325,0.829467236995697,-0.006466112565249205,0.5815083980560303,0.8497850894927979,-0.025998825207352638,0.5583728551864624,0.8754887580871582,-0.02153964154422283,0.5832869410514832,0.8751055002212524,-0.012148071080446243,0.6037541031837463,0.8610824942588806,-0.005604736041277647,THUMBS_UP
0.7159483432769775,0.8127154111862183,-1.9023556774300232e-07,0.6806126236915588,0.7287412285804749,0.006285722367465496,0.6262892484664917,0.6589130163192749,0.0014494066126644611,0.5882447957992554,0.5976242423057556,-0.005934903863817453,0.5853140354156494,0.5387335419654846,-0.014616391621530056,0.554912269115448,0.6875050663948059,-0.005203044507652521,0.5051694512367249,0.7454240918159485,-0.005270397290587425,0.5283685326576233,0.7612195611000061,-0.005854667164385319,0.5503300428390503,0.7493287324905396,-0.007263753097504377,0.5566409230232239,0.7403191328048706,-0.012938708998262882,0.5161986947059631,0.8002508878707886,-0.008147221989929676,0.5410994291305542,0.8079581260681152,-0.0032153006177395582,0.5635446310043335,0.7908055782318115,-0.0024894108064472675,0.5673964023590088,0.7958852648735046,-0.0189370010048151,0.5320143699645996,0.8412401080131531,-0.012659097090363503,0.5568143725395203,0.8445234298706055,-0.004318878520280123,0.5792316198348999,0.8276530504226685,-0.002459243405610323,0.5827779173851013,0.8472676277160645,-0.02482686936855316,0.5598940849304199,0.8745366930961609,-0.019147705286741257,0.584843099117279,0.8733084201812744,-0.009586351923644543,0.6052491664886475,0.8583652973175049,-0.003155481768772006,THUMBS_UP
0.7153388261795044,0.8139627575874329,-1.8198407758518442e-07,0.6803950667381287,0.7299624085426331,0.002665390260517597,0.625110924243927,0.6595300436019897,-0.004399556666612625,0.5878089070320129,0.5976058840751648,-0.0135765690356493,0.5843581557273865,0.5374768972396851,-0.02409270778298378,0.553772509098053,0.6893190741539001,-0.010833295993506908,0.5064238905906677,0.7491369843482971,-0.017134537920355797,0.5312679409980774,0.7603004574775696,-0.022375328466296196,0.5550686717033386,0.745872974395752,-0.026128048077225685,0.5574484467506409,0.7446110248565674,-0.018234187737107277,0.5173476338386536,0.8033645153045654,-0.019176270812749863,0.5426029562950134,0.8074951767921448,-0.016741733998060226,0.566521167755127,0.789974570274353,-0.017041834071278572,0.5696294903755188,0.8012647032737732,-0.024435775354504585,0.5330933332443237,0.8435806035995483,-0.024323616176843643,0.5583881735801697,0.8453807830810547,-0.016455447301268578,0.5821707844734192,0.8291066288948059,-0.013339295983314514,0.5858767628669739,0.8533968329429626,-0.0306684672832489,0.5602090954780579,0.8769425749778748,-0.029535243287682533,0.5858533382415771,0.875898003578186,-0.02015494368970394,0.6072718501091003,0.8624082207679749,-0.012852180749177933,THUMBS_UP
0.714033305644989,0.8158586025238037,-1.8675955004709976e-07,0.6798104643821716,0.7320196032524109,0.004999108612537384,0.6255030632019043,0.661566436290741,-0.0002977988915517926,0.5880237221717834,0.6002591848373413,-0.007644652388989925,0.5845658779144287,0.5410216450691223,-0.016322508454322815,0.5550359487533569,0.6906685829162598,-0.008922913111746311,0.5075663328170776,0.7482736110687256,-0.01092609018087387,0.5307013988494873,0.7636048793792725,-0.01265464536845684,0.5535553097724915,0.7519455552101135,-0.014444593340158463,0.5563141107559204,0.7455386519432068,-0.015894711017608643,0.5172101259231567,0.8046050071716309,-0.012899271212518215,0.5414131283760071,0.8119168281555176,-0.008716074749827385,0.56470787525177,0.7951830625534058,-0.008273456245660782,0.5663695931434631,0.8021543622016907,-0.021049203351140022,0.5327272415161133,0.846076488494873,-0.016280505806207657,0.5565119385719299,0.8490921854972839,-0.008239426650106907,0.57890784740448,0.8327505588531494,-0.006176730617880821,0.5808995366096497,0.854607343673706,-0.026083484292030334,0.5587765574455261,0.8791241645812988,-0.02104395255446434,0.5829949975013733,0.8782532215118408,-0.011475208215415478,0.60273677110672,0.8641542196273804,-0.004868209362030029,THUMBS_UP
0.7139056921005249,0.8179103136062622,-1.9170772702636896e-07,0.6789794564247131,0.7335429787635803,0.006661475636065006,0.6246784329414368,0.6621534824371338,0.0022776492405682802,0.5874384045600891,0.6006409525871277,-0.004550013691186905,0.5836621522903442,0.5428135395050049,-0.013126086443662643,0.5536440014839172,0.693090558052063,-0.007350356318056583,0.5070549249649048,0.7501931190490723,-0.007521369494497776,0.528488278388977,0.7650213241577148,-0.008122263476252556,0.5506439805030823,0.7542685270309448,-0.009530042298138142,0.5563694834709167,0.7457278966903687,-0.015461375005543232,0.51872718334198,0.8038734197616577,-0.010196913965046406,0.5421310663223267,0.8110476732254028,-0.0054398588836193085,0.5648431777954102,0.7944026589393616,-0.0053305430337786674,0.5679304003715515,0.801003098487854,-0.021592117846012115,0.5333654880523682,0.8437409996986389,-0.015508724376559258,0.5575541257858276,0.8477509021759033,-0.007031475659459829,0.5803638696670532,0.8320553302764893,-0.005261626094579697,0.5838462710380554,0.8530722856521606,-0.027507606893777847,0.5600197911262512,0.8783622980117798,-0.022475311532616615,0.5842898488044739,0.8776183724403381,-0.01268171239644289,0.6042867302894592,0.8636665940284729,-0.006170899141579866,THUMBS_UP
0.7147074937820435,0.8152729272842407,-1.827479820804001e-07,0.6802642345428467,0.7312499284744263,0.0050941226072609425,0.6254940629005432,0.661695122718811,-0.0004473869048524648,0.5881897211074829,0.6017059683799744,-0.00839139148592949,0.5841097235679626,0.5435736775398254,-0.017580289393663406,0.5544721484184265,0.6901240944862366,-0.00905628688633442,0.5052309036254883,0.7508102059364319,-0.013812452554702759,0.529492199420929,0.7624045014381409,-0.017576945945620537,0.5526029467582703,0.7477262020111084,-0.02029263600707054,0.5573167204856873,0.7457686066627502,-0.01694655232131481,0.5172756910324097,0.8049595952033997,-0.016493437811732292,0.5425060987472534,0.8098822236061096,-0.013125540688633919,0.5657870769500732,0.7914090156555176,-0.01287432387471199,0.5684810280799866,0.8029133081436157,-0.02330194227397442,0.5329256057739258,0.8455712795257568,-0.021644245833158493,0.5579738616943359,0.8480420112609863,-0.013352479785680771,0.5814172029495239,0.8307278752326965,-0.01024678722023964,0.5838264226913452,0.8556221127510071,-0.029484914615750313,0.5577594637870789,0.8775671124458313,-0.026957640424370766,0.5829076170921326,0.8777090311050415,-0.017108742147684097,0.6045774221420288,0.8643739819526672,-0.009601918049156666,THUMBS_UP
0.7159802317619324,0.8161336779594421,-1.7911887084665068e-07,0.681835412979126,0.7326980829238892,0.004691901616752148,0.626246452331543,0.6613160371780396,-0.000156105772475712,0.5880330204963684,0.5996741652488708,-0.007192459888756275,0.5847737193107605,0.5406705141067505,-0.015436503104865551,0.5520898699760437,0.6903074979782104,-0.004118954762816429,0.5062940716743469,0.7482128739356995,-0.004605791997164488,0.5285844802856445,0.7639356851577759,-0.0065031214617192745,0.5514554977416992,0.7530893087387085,-0.008571761660277843,0.5529648065567017,0.7431225180625916,-0.010861221700906754,0.517503559589386,0.8024460673332214,-0.005849865730851889,0.5410720109939575,0.8093991279602051,-0.0027499564457684755,0.563486635684967,0.793100893497467,-0.0032619864214211702,0.5630711913108826,0.7990962266921997,-0.01602172665297985,0.5332199931144714,0.8436539769172668,-0.009807877242565155,0.5575622320175171,0.8461825847625732,-0.0030569785740226507,0.579859733581543,0.829906702041626,-0.002141207456588745,0.5776952505111694,0.8517894744873047,-0.021257488057017326,0.5588529109954834,0.8776841759681702,-0.016025947406888008,0.5842992663383484,0.876123309135437,-0.007235444616526365,0.6044872999191284,0.8614723682403564,-0.0011080397525802255,THUMBS_UP
0.7182344198226929,0.8172180652618408,-1.6429065397005616e-07,0.682725191116333,0.7344245910644531,0.005404114723205566,0.6271029710769653,0.6634500026702881,-0.0004125187115278095,0.5893176198005676,0.6003223061561584,-0.008510084822773933,0.5869343280792236,0.5387242436408997,-0.01807267591357231,0.5557680130004883,0.6925027370452881,-0.006077005062252283,0.5072878003120422,0.7491633296012878,-0.007332117296755314,0.5298603773117065,0.7635694742202759,-0.009299053810536861,0.5529876947402954,0.7513018250465393,-0.01132790558040142,0.5574960708618164,0.7467085719108582,-0.01335690077394247,0.5172609090805054,0.8041433095932007,-0.009270605631172657,0.5416451096534729,0.8103669881820679,-0.0055780536495149136,0.5649072527885437,0.79392409324646,-0.005434356164187193,0.568335771560669,0.8030996918678284,-0.018891746178269386,0.5329586863517761,0.8466849327087402,-0.013309454545378685,0.5581108331680298,0.8483799695968628,-0.006055526435375214,0.5809952616691589,0.8313140869140625,-0.004639315418899059,0.5837493538856506,0.8550868630409241,-0.024259336292743683,0.5608624219894409,0.8803196549415588,-0.019057461991906166,0.586868941783905,0.8785150051116943,-0.009701934643089771,0.6075982451438904,0.86357581615448,-0.0032415371388196945,THUMBS_UP
0.7168779969215393,0.8162224888801575,-1.6257639856576134e-07,0.6806322932243347,0.7317211031913757,0.0077742887660861015,0.6259511709213257,0.6620370745658875,0.0031927437521517277,0.5885699391365051,0.6000052094459534,-0.004090791568160057,0.5854527950286865,0.5401190519332886,-0.012950520031154156,0.5544787645339966,0.6926324963569641,-0.005412684753537178,0.5093754529953003,0.7498438358306885,-0.004601241555064917,0.531919002532959,0.7627204656600952,-0.004916707519441843,0.5543064475059509,0.7504199147224426,-0.006185962352901697,0.5574177503585815,0.7485849857330322,-0.013828848488628864,0.519855260848999,0.8049305081367493,-0.007821670733392239,0.5435811877250671,0.8094037771224976,-0.0033325054682791233,0.5663042068481445,0.7927843928337097,-0.0033680449705570936,0.5694458484649658,0.8061778545379639,-0.020039621740579605,0.5341556072235107,0.8465644121170044,-0.01313620526343584,0.5584532022476196,0.8472879528999329,-0.005276475567370653,0.5818177461624146,0.8314670324325562,-0.003997236490249634,0.5858301520347595,0.8585201501846313,-0.025844087824225426,0.562166154384613,0.8800519704818726,-0.019810419529676437,0.5870347619056702,0.8773572444915771,-0.009783457033336163,0.6080868244171143,0.8639125823974609,-0.003108099801465869,THUMBS_UP
0.7170030474662781,0.8175265789031982,-1.7840812915892457e-07,0.6829965710639954,0.7333526611328125,0.004355361219495535,0.6282704472541809,0.6626284718513489,-0.0009482860332354903,0.5907098054885864,0.6014968156814575,-0.00849209912121296,0.5869534015655518,0.5436679124832153,-0.01711408421397209,0.5551167130470276,0.6932390928268433,-0.006112365983426571,0.5058044791221619,0.7501797080039978,-0.008462381549179554,0.52955162525177,0.7640596628189087,-0.01073598675429821,0.5531236529350281,0.7507612109184265,-0.012681649997830391,0.5573228597640991,0.7477222084999084,-0.013026424683630466,0.5183513164520264,0.8058150410652161,-0.010083930566906929,0.5437161922454834,0.8124725222587585,-0.0061975568532943726,0.5669767260551453,0.7945964932441711,-0.005704931449145079,0.568547248840332,0.8037303686141968,-0.01857546716928482,0.5342385172843933,0.8466484546661377,-0.014540286734700203,0.559663712978363,0.8499513268470764,-0.0068204631097614765,0.582940399646759,0.8329407572746277,-0.004526232369244099,0.5842726826667786,0.8550772666931152,-0.024093765765428543,0.5595041513442993,0.8794828653335571,-0.01974298432469368,0.5847488045692444,0.8795825839042664,-0.010217241011559963,0.6061170101165771,0.8655813336372375,-0.003316382644698024,THUMBS_UP
0.7174136638641357,0.8196676969528198,-1.4795062952543958e-07,0.6809331178665161,0.7350881695747375,0.005806953180581331,0.6255956292152405,0.6632766723632812,-0.0006810399354435503,0.5890046954154968,0.5997812747955322,-0.009622583165764809,0.5873526334762573,0.5379277467727661,-0.02024165540933609,0.5534737706184387,0.6947075128555298,-0.006177307106554508,0.510331928730011,0.7533310055732727,-0.008116379380226135,0.5332496762275696,0.7637191414833069,-0.011126521043479443,0.5559021830558777,0.74942946434021,-0.013836612924933434,0.5575717687606812,0.7496955394744873,-0.014231937937438488,0.5208693742752075,0.8070589900016785,-0.01007006037980318,0.5441927909851074,0.8105359077453613,-0.007176578044891357,0.5670040845870972,0.7936376929283142,-0.008031521923840046,0.5697934031486511,0.8067164421081543,-0.0204317569732666,0.5356259346008301,0.8475884795188904,-0.014843504875898361,0.5599837899208069,0.848759114742279,-0.007688301149755716,0.5828421115875244,0.8328497409820557,-0.006506999488919973,0.5859041810035706,0.8591403961181641,-0.026431167498230934,0.562191903591156,0.8813183903694153,-0.02078184112906456,0.5876814126968384,0.8791974186897278,-0.010719440877437592,0.6085957884788513,0.8658938407897949,-0.0038187496829777956,THUMBS_UP
0.7198152542114258,0.8180133700370789,-1.8362423759299418e-07,0.6846594214439392,0.7348861694335938,0.0034869578666985035,0.6282849311828613,0.6650401949882507,-0.0018209959380328655,0.5904055833816528,0.6044318675994873,-0.009176351130008698,0.585419237613678,0.5469374656677246,-0.017853880301117897,0.5556818246841431,0.6956481337547302,-0.009250500239431858,0.50943922996521,0.7545344829559326,-0.012772883288562298,0.5313472747802734,0.7682204246520996,-0.015921680256724358,0.5541324019432068,0.7563400864601135,-0.018675273284316063,0.5590181350708008,0.7509009838104248,-0.01692497916519642,0.5204182267189026,0.8105193972587585,-0.015478244982659817,0.5440391898155212,0.8166753053665161,-0.012653909623622894,0.5674799680709839,0.8005616664886475,-0.013078938238322735,0.5715158581733704,0.8078076243400574,-0.023196177557110786,0.5368086695671082,0.8521524667739868,-0.021314851939678192,0.5612593293190002,0.853878915309906,-0.013589398935437202,0.5846803784370422,0.8376604914665222,-0.011073628440499306,0.5890179872512817,0.8609424829483032,-0.02946760691702366,0.5628980398178101,0.8866071105003357,-0.027645274996757507,0.5868205428123474,0.8842557668685913,-0.018330877646803856,0.6071072220802307,0.8691434264183044,-0.011312587186694145,THUMBS_UP
0.7184277176856995,0.8207652568817139,-1.609762563248296e-07,0.6818954944610596,0.7373753786087036,0.005893214605748653,0.6274431943893433,0.6673398017883301,0.0002715944137889892,0.5903476476669312,0.604861319065094,-0.007494626101106405,0.5871933698654175,0.5460061430931091,-0.016558464616537094,0.5576483011245728,0.6978896856307983,-0.008843977004289627,0.5095242261886597,0.7545116543769836,-0.009640528820455074,0.532134473323822,0.767124354839325,-0.010478842072188854,0.5546409487724304,0.7543049454689026,-0.011701812967658043,0.5598037242889404,0.7535750269889832,-0.01612670347094536,0.5208051204681396,0.8087701797485352,-0.011799824424088001,0.5445635914802551,0.8143803477287292,-0.007121238857507706,0.5671756863594055,0.7976234555244446,-0.006638601887971163,0.57065349817276,0.8107348680496216,-0.02130814455449581,0.5358728766441345,0.8506186604499817,-0.014997378922998905,0.5593544840812683,0.8536157011985779,-0.006289794575423002,0.5817673206329346,0.8380903601646423,-0.0041897171176970005,0.5856127738952637,0.8630499243736267,-0.026271257549524307,0.5606035590171814,0.8845800161361694,-0.01966605894267559,0.5844846367835999,0.884863018989563,-0.008832518942654133,0.604763388633728,0.8723726272583008,-0.001605703611858189,THUMBS_UP
0.7202926874160767,0.8234015703201294,-1.8006419111316063e-07,0.6846719980239868,0.739984929561615,0.004531679209321737,0.6296166777610779,0.6694883704185486,-0.0016383655602112412,0.5914707779884338,0.6075416207313538,-0.009835503064095974,0.5870524644851685,0.5476034879684448,-0.01922467350959778,0.5578831434249878,0.6975255608558655,-0.008660422638058662,0.5107195973396301,0.7548860311508179,-0.011665582656860352,0.5336211323738098,0.7684952616691589,-0.014349055476486683,0.5568300485610962,0.7563106417655945,-0.016665661707520485,0.560286283493042,0.7521101832389832,-0.016083724796772003,0.5218503475189209,0.810060441493988,-0.013437850400805473,0.5460711717605591,0.8160645365715027,-0.009702247567474842,0.5688422322273254,0.7991812825202942,-0.009626542218029499,0.5711374878883362,0.8091017007827759,-0.02190636657178402,0.5368445515632629,0.8517292737960815,-0.017710400745272636,0.561448335647583,0.8542620539665222,-0.009428359568119049,0.5839136838912964,0.837852954864502,-0.007182261440902948,0.5863600969314575,0.8617576360702515,-0.02766690030694008,0.5631322264671326,0.8863992691040039,-0.02333509735763073,0.5879573822021484,0.8852811455726624,-0.013482918031513691,0.6078032851219177,0.8710591197013855,-0.006509627681225538,THUMBS_UP
0.7240095734596252,0.8230196833610535,-1.860936293951454e-07,0.689203143119812,0.7395533323287964,0.006115385331213474,0.632059633731842,0.6689608097076416,0.0013422196498140693,0.593121349811554,0.6067161560058594,-0.00589132821187377,0.5888848304748535,0.546347975730896,-0.01438864041119814,0.5607026219367981,0.698236346244812,-0.005233668722212315,0.5116909742355347,0.7547810077667236,-0.0073256888426840305,0.5336769819259644,0.7678584456443787,-0.009959236718714237,0.556493878364563,0.755715548992157,-0.012254921719431877,0.5624535083770752,0.7522506713867188,-0.013048466295003891,0.5228770971298218,0.8085208535194397,-0.009066259488463402,0.5470973253250122,0.8133077025413513,-0.005402415059506893,0.5700337290763855,0.7963675856590271,-0.005414286628365517,0.5738673210144043,0.8085025548934937,-0.019261494278907776,0.5374625325202942,0.8504902124404907,-0.014381379820406437,0.5625027418136597,0.8531267642974854,-0.0066666570492088795,0.5855323076248169,0.8366603851318359,-0.00476533267647028,0.5898527503013611,0.8601634502410889,-0.0252719447016716,0.5646314024925232,0.8849359750747681,-0.020448729395866394,0.5895779728889465,0.883991539478302,-0.010702190920710564,0.6103460192680359,0.8697797656059265,-0.0038414248265326023,THUMBS_UP
0.722508430480957,0.8205004334449768,-1.657781609765152e-07,0.6864845156669617,0.7363616824150085,0.006987040396779776,0.6308808922767639,0.6668081283569336,0.0013938825577497482,0.592825174331665,0.6047247648239136,-0.006687565706670284,0.5895607471466064,0.5439949035644531,-0.016255272552371025,0.5576703548431396,0.6944311857223511,-0.007931540720164776,0.5101882219314575,0.7538868188858032,-0.008933860808610916,0.5341677665710449,0.7668072581291199,-0.010100670158863068,0.5571872591972351,0.7531620860099792,-0.011493172496557236,0.5606534481048584,0.7509629130363464,-0.01602570340037346,0.5230193138122559,0.8081751465797424,-0.011557716876268387,0.5487780570983887,0.8131946325302124,-0.006897597573697567,0.572161078453064,0.7952160239219666,-0.006344514898955822,0.5728627443313599,0.80975741147995,-0.02191867120563984,0.5385140180587769,0.8503619432449341,-0.016017399728298187,0.5639547109603882,0.8527830839157104,-0.0074535454623401165,0.5874145030975342,0.8359423875808716,-0.005267541855573654,0.5889406204223633,0.8638726472854614,-0.027460457757115364,0.5647525191307068,0.8842848539352417,-0.02136603184044361,0.590346097946167,0.8837873339653015,-0.010529810562729836,0.6118299961090088,0.8708512187004089,-0.0030250323470681906,THUMBS_UP
0.724277138710022,0.8252967596054077,-1.6411976844210585e-07,0.68867027759552,0.7417879104614258,0.005610008258372545,0.6340968608856201,0.6711984276771545,-0.0011934097856283188,0.595890462398529,0.6080414056777954,-0.010452210903167725,0.5920414924621582,0.5464885234832764,-0.02118402160704136,0.5622509717941284,0.7001969218254089,-0.008991166949272156,0.5140741467475891,0.7563044428825378,-0.01216631755232811,0.5380008220672607,0.7691038250923157,-0.015098460018634796,0.5615193843841553,0.7558475732803345,-0.017492657527327538,0.5653478503227234,0.7563232779502869,-0.016973622143268585,0.5255858302116394,0.8113160729408264,-0.014136536978185177,0.549561619758606,0.8160175085067749,-0.010164855979382992,0.5724526643753052,0.7987606525421143,-0.010003182105720043,0.5768443942070007,0.8140212297439575,-0.02313523180782795,0.5421031713485718,0.8538994789123535,-0.018124964088201523,0.5660219192504883,0.8556429743766785,-0.009895971976220608,0.5887355804443359,0.8396215438842773,-0.007801900617778301,0.5925129652023315,0.866512656211853,-0.029088767245411873,0.5680310726165771,0.8879824876785278,-0.02281952276825905,0.5920313000679016,0.8862382173538208,-0.012100906111299992,0.6125289797782898,0.8728116750717163,-0.00483006052672863,THUMBS_UP
0.7260829210281372,0.8253998160362244,-1.7673849583843548e-07,0.690434455871582,0.7405341267585754,0.007354601286351681,0.6340071558952332,0.67042076587677,0.0024367780424654484,0.5947914123535156,0.6090710163116455,-0.0049499282613396645,0.5910517573356628,0.5486202836036682,-0.013528591021895409,0.5617268681526184,0.6992119550704956,-0.006271645426750183,0.5134385824203491,0.755325973033905,-0.007168859709054232,0.5372365117073059,0.76773601770401,-0.008475331589579582,0.5605011582374573,0.7540489435195923,-0.01005085650831461,0.5645849108695984,0.7550183534622192,-0.01457227487117052,0.5253328084945679,0.8098297715187073,-0.009831694886088371,0.550787627696991,0.8143897652626038,-0.005108621437102556,0.5740785598754883,0.7971932291984558,-0.004608520306646824,0.576270580291748,0.812890887260437,-0.020870933309197426,0.541459858417511,0.8528123497962952,-0.014568675309419632,0.5673505067825317,0.8546054363250732,-0.005760203581303358,0.590675950050354,0.8380793929100037,-0.0035835066810250282,0.592284619808197,0.8660449385643005,-0.02686149626970291,0.5672221183776855,0.8873441815376282,-0.020362840965390205,0.592871904373169,0.8860725164413452,-0.009466079995036125,0.6141997575759888,0.8728442192077637,-0.0021427387837320566,THUMBS_UP
0.72747403383255,0.825434148311615,-1.7033438837188442e-07,0.6910892724990845,0.7409165501594543,0.005865604616701603,0.6348042488098145,0.6702014803886414,-0.0004171696782577783,0.5953882336616516,0.6090648174285889,-0.009129630401730537,0.5906938314437866,0.5478421449661255,-0.019169727340340614,0.5630972981452942,0.7019394040107727,-0.008770536631345749,0.5145300626754761,0.7572245597839355,-0.011706007644534111,0.5374008417129517,0.7690263390541077,-0.013930964283645153,0.5615809559822083,0.7563156485557556,-0.015697818249464035,0.566207230091095,0.7571259140968323,-0.016950244084000587,0.5269606709480286,0.8122603893280029,-0.013939674012362957,0.5513238906860352,0.8158900737762451,-0.00963163934648037,0.574843168258667,0.7986582517623901,-0.009099743328988552,0.5781619548797607,0.8144696354866028,-0.023311996832489967,0.5427874326705933,0.8538697957992554,-0.0187795702368021,0.5672508478164673,0.8545969128608704,-0.010332207195460796,0.5904080271720886,0.8378576636314392,-0.007942271418869495,0.5941041707992554,0.8669312596321106,-0.02940952405333519,0.5697689056396484,0.8876267671585083,-0.024256475269794464,0.5946410894393921,0.8856652975082397,-0.013714579865336418,0.6153843998908997,0.8721860647201538,-0.006337940227240324,THUMBS_UP
0.7273464202880859,0.8276533484458923,-1.7118526329795714e-07,0.6915760636329651,0.7431477904319763,0.006984654348343611,0.6356016397476196,0.6724260449409485,0.0014754125149920583,0.5956493020057678,0.6099813580513,-0.00647191796451807,0.590603768825531,0.5481756925582886,-0.015626393258571625,0.5646978616714478,0.7018400430679321,-0.0068801213055849075,0.513628363609314,0.7560346126556396,-0.008005376905202866,0.5368551015853882,0.768267810344696,-0.009142233990132809,0.5606655478477478,0.7554700970649719,-0.010439404286444187,0.5669223666191101,0.756873369216919,-0.014650853350758553,0.526292085647583,0.8120347857475281,-0.009706833399832249,0.5518121123313904,0.8165475130081177,-0.004610554315149784,0.5750036239624023,0.7989871501922607,-0.0038452239241451025,0.5781067609786987,0.8142904043197632,-0.020437587052583694,0.5418519973754883,0.8543662428855896,-0.013853815384209156,0.567453920841217,0.8559229969978333,-0.005058028735220432,0.5908769369125366,0.8392273187637329,-0.002959504025056958,0.5936505198478699,0.8666447997093201,-0.025894058868288994,0.5693997144699097,0.8879444003105164,-0.01922629401087761,0.5947001576423645,0.8860542178153992,-0.00863807275891304,0.6156601905822754,0.8723994493484497,-0.0015631846617907286,THUMBS_UP
0.7275204658508301,0.8289734721183777,-1.8532418266659079e-07,0.6909422278404236,0.7431562542915344,0.006745143327862024,0.6353070735931396,0.6734060645103455,0.001720703556202352,0.5963756442070007,0.6106582880020142,-0.006049737799912691,0.5919082760810852,0.5496419668197632,-0.01492089219391346,0.5638989210128784,0.7032439708709717,-0.005000196397304535,0.5129947066307068,0.7582662105560303,-0.007461369503289461,0.53619784116745,0.7709868550300598,-0.010024812072515488,0.560283362865448,0.7580691576004028,-0.012220935896039009,0.5664569139480591,0.7573543787002563,-0.013222864829003811,0.524832010269165,0.8125825524330139,-0.010157455690205097,0.5497221946716309,0.8178583383560181,-0.006251144222915173,0.5735068917274475,0.8009694814682007,-0.005918258801102638,0.5777215361595154,0.8138033747673035,-0.0197982769459486,0.5420235395431519,0.8551414012908936,-0.014721647836267948,0.5668386220932007,0.8570531010627747,-0.006249929778277874,0.5898784399032593,0.8403829336166382,-0.003957860171794891,0.593673050403595,0.8656328320503235,-0.026236560195684433,0.569707453250885,0.8899766206741333,-0.020694825798273087,0.5944216251373291,0.8884360194206238,-0.010476176626980305,0.6149283051490784,0.8739830255508423,-0.003478400409221649,THUMBS_UP
0.72938472032547,0.8290077447891235,-1.67873039913502e-07,0.6926952600479126,0.7436442375183105,0.006795244291424751,0.6353291869163513,0.6734014749526978,0.0016626690048724413,0.5956017971038818,0.6108852028846741,-0.006177932024002075,0.5919818878173828,0.5484755039215088,-0.015074649825692177,0.5632566809654236,0.7038094997406006,-0.0030843026470392942,0.5132144689559937,0.7612042427062988,-0.005289163440465927,0.5381337404251099,0.7728336453437805,-0.00836736336350441,0.5622917413711548,0.7584689259529114,-0.010889691300690174,0.565769612789154,0.7588214874267578,-0.010925845243036747,0.524004340171814,0.8158421516418457,-0.007134768180549145,0.5502547025680542,0.819560170173645,-0.0032196503598243,0.5737023949623108,0.801201343536377,-0.002808539429679513,0.5771223306655884,0.8159202933311462,-0.017218967899680138,0.5410142540931702,0.857332170009613,-0.011651646345853806,0.5664026141166687,0.8574591279029846,-0.0036110447254031897,0.589522659778595,0.8401385545730591,-0.0014618863351643085,0.5931061506271362,0.8674870133399963,-0.023325476795434952,0.5694622993469238,0.888758659362793,-0.016815273091197014,0.5948513746261597,0.8862056136131287,-0.006302827037870884,0.6160118579864502,0.8724042773246765,0.0009884621249511838,THUMBS_UP
0.7291064262390137,0.82341468334198,-1.751153178020104e-07,0.6909760236740112,0.7407470345497131,0.007717153523117304,0.6340041756629944,0.6717395186424255,0.0022300255950540304,0.5951016545295715,0.6102419495582581,-0.005891670472919941,0.59138023853302,0.5494223833084106,-0.015302149578928947,0.5650455355644226,0.6988251805305481,-0.008691663853824139,0.5145005583763123,0.7543480396270752,-0.011772384867072105,0.538174569606781,0.7652434706687927,-0.014193815179169178,0.561633288860321,0.7512808442115784,-0.01619638316333294,0.5683310031890869,0.75551837682724,-0.01751113124191761,0.5255199074745178,0.8076229095458984,-0.01516848523169756,0.5513517260551453,0.8110331296920776,-0.010653594508767128,0.5758099555969238,0.7941651940345764,-0.00969495065510273,0.5802003741264343,0.8139204978942871,-0.0242446456104517,0.5414740443229675,0.8520070910453796,-0.019906368106603622,0.5669394731521606,0.8528906106948853,-0.010557737201452255,0.5910071730613708,0.8366658091545105,-0.007397300098091364,0.5961662530899048,0.8670523166656494,-0.030565176159143448,0.5699679851531982,0.8868618011474609,-0.025399023666977882,0.5956058502197266,0.8847739100456238,-0.014318467117846012,0.6165684461593628,0.8713937997817993,-0.00648806057870388,THUMBS_UP
0.7303122282028198,0.8257631659507751,-1.9420961905325385e-07,0.69389808177948,0.7433300018310547,0.0061462754383683205,0.6369455456733704,0.6726715564727783,-0.0006776515510864556,0.5971347093582153,0.6103906631469727,-0.010288694873452187,0.5926126837730408,0.5476473569869995,-0.021228943020105362,0.5670090913772583,0.6994101405143738,-0.008800114504992962,0.513981819152832,0.75543612241745,-0.014096193015575409,0.5373489260673523,0.7697063088417053,-0.017770780250430107,0.5617368221282959,0.7568983435630798,-0.020278720185160637,0.5700256824493408,0.7533717155456543,-0.01761469617486,0.5260002017021179,0.809180736541748,-0.016635777428746223,0.5515148043632507,0.8150078058242798,-0.012425736524164677,0.575252115726471,0.7975262403488159,-0.011562052182853222,0.58162921667099,0.8098747730255127,-0.02490958198904991,0.5430694222450256,0.8516796231269836,-0.021732676774263382,0.5685315132141113,0.8543521761894226,-0.01271030493080616,0.5915184020996094,0.8370836973190308,-0.00966696534305811,0.5973350405693054,0.8623245358467102,-0.03200271725654602,0.5712730884552002,0.8864314556121826,-0.02730819396674633,0.596760630607605,0.885383665561676,-0.016756264492869377,0.6173530220985413,0.8711021542549133,-0.009430262260138988,THUMBS_UP
0.7322818040847778,0.8286957740783691,-1.8732163198365015e-07,0.694232702255249,0.7422585487365723,0.009777352213859558,0.6385793685913086,0.6708768606185913,0.004838165827095509,0.5982319116592407,0.6090588569641113,-0.0030392154585570097,0.5946513414382935,0.5470302104949951,-0.012358994223177433,0.5691245794296265,0.7003080248832703,-0.004260015673935413,0.5182472467422485,0.7550159096717834,-0.0034278840757906437,0.5421004295349121,0.7682533860206604,-0.002934516640380025,0.5663398504257202,0.7562986612319946,-0.0033565324265509844,0.5717340111732483,0.7543973922729492,-0.013372248969972134,0.5287387371063232,0.8094678521156311,-0.006959919352084398,0.5541598796844482,0.813691258430481,-0.0013446429511532187,0.5776270627975464,0.7978018522262573,-0.0005731302662752569,0.582907497882843,0.8117920756340027,-0.020096953958272934,0.5440689325332642,0.8525151610374451,-0.011912599205970764,0.5697898268699646,0.8529214262962341,-0.0026521633844822645,0.5931506752967834,0.8374786376953125,-0.0008604680770076811,0.5984222888946533,0.8644365668296814,-0.026178736239671707,0.5708504915237427,0.8864629864692688,-0.018166963011026382,0.5968635678291321,0.8839014768600464,-0.006584668066352606,0.6183154582977295,0.8711501955986023,0.0007616025395691395,THUMBS_UP
0.7334553599357605,0.8288227319717407,-1.8735310902684432e-07,0.6970227956771851,0.7448294758796692,0.00838171411305666,0.6415988206863403,0.6731179356575012,0.0033830953761935234,0.6016029119491577,0.6108763217926025,-0.004615574609488249,0.5970416069030762,0.5487358570098877,-0.014027775265276432,0.5739360451698303,0.7020904421806335,-0.004876373335719109,0.5207422971725464,0.7532833814620972,-0.007012859918177128,0.5430998802185059,0.7658122777938843,-0.008903692476451397,0.5670899152755737,0.7532795071601868,-0.010728701017796993,0.5767579674720764,0.7551562190055847,-0.014132300391793251,0.5307648777961731,0.8063675165176392,-0.010553534142673016,0.5558649301528931,0.8110383749008179,-0.005880058277398348,0.5803665518760681,0.7949886322021484,-0.005137129686772823,0.5880004167556763,0.8109164237976074,-0.021594734862446785,0.5472456216812134,0.8504611253738403,-0.016221756115555763,0.5726717710494995,0.8524774312973022,-0.006962161045521498,0.5963391661643982,0.836489200592041,-0.004339588340371847,0.6035196781158447,0.8625944256782532,-0.02868266962468624,0.5762193202972412,0.8862996101379395,-0.022806569933891296,0.6017320156097412,0.8845913410186768,-0.01191378477960825,0.6229966282844543,0.8709197640419006,-0.004699695855379105,THUMBS_UP
0.7349153757095337,0.829399824142456,-1.745627571381192e-07,0.6989611387252808,0.744012713432312,0.006258858367800713,0.6436055302619934,0.6731952428817749,0.00047667964827269316,0.6024786233901978,0.6117801070213318,-0.007279613520950079,0.5977630615234375,0.5495468974113464,-0.01616925559937954,0.5751112103462219,0.7010729312896729,-0.009326917119324207,0.5225532650947571,0.7554382681846619,-0.009694171138107777,0.5458946228027344,0.7689024209976196,-0.009019252844154835,0.569606363773346,0.7568872570991516,-0.009156806394457817,0.5770683884620667,0.755511999130249,-0.016647344455122948,0.5311745405197144,0.8076692819595337,-0.012116062454879284,0.5560625195503235,0.8133642077445984,-0.006393037270754576,0.5802611112594604,0.7986664772033691,-0.0050413524731993675,0.5871493220329285,0.8127856850624084,-0.021747414022684097,0.5478861331939697,0.8516699075698853,-0.015196917578577995,0.5730019807815552,0.8536093235015869,-0.005884614773094654,0.5963732600212097,0.8388844132423401,-0.0035517101641744375,0.6015433669090271,0.8655802607536316,-0.026486871764063835,0.5751849412918091,0.8865038752555847,-0.01974022574722767,0.6008394360542297,0.8854305744171143,-0.008853779174387455,0.621904194355011,0.8732041716575623,-0.0017842677189037204,THUMBS_UP
0.7369871735572815,0.8301867842674255,-1.5669203889956407e-07,0.7005653977394104,0.7453051805496216,0.006427204702049494,0.6442568898200989,0.6749985218048096,0.0003331476473249495,0.6034078598022461,0.6139236688613892,-0.008178714662790298,0.5974818468093872,0.5514304637908936,-0.017946407198905945,0.5763555765151978,0.7020158767700195,-0.008605271577835083,0.5238847732543945,0.7510775327682495,-0.010785585269331932,0.5456691980361938,0.7628606557846069,-0.01164364255964756,0.569295346736908,0.750724732875824,-0.012643937021493912,0.5789600014686584,0.7575349807739258,-0.01686655357480049,0.5327404141426086,0.8035759925842285,-0.013792548328638077,0.5577613115310669,0.8087159991264343,-0.008718492463231087,0.5824590921401978,0.7944367527961731,-0.007477343548089266,0.59037184715271,0.8151451945304871,-0.02321735769510269,0.5484728813171387,0.848833441734314,-0.01897607371211052,0.573876142501831,0.8508384227752686,-0.009873885661363602,0.5983859896659851,0.8363692760467529,-0.006956745870411396,0.6060980558395386,0.8672823309898376,-0.02908257767558098,0.5764250159263611,0.8851961493492126,-0.024092499166727066,0.6017041206359863,0.8839629888534546,-0.013139236718416214,0.6233753561973572,0.8717949986457825,-0.005617471877485514,THUMBS_UP
0.7369924187660217,0.8289710283279419,-1.7809887253861234e-07,0.6997398734092712,0.7446210980415344,0.006896099541336298,0.6440359950065613,0.6740570664405823,-3.026678677997552e-05,0.6035749912261963,0.614136278629303,-0.00929847452789545,0.5990983247756958,0.5506868958473206,-0.01975434273481369,0.5777043700218201,0.7014665007591248,-0.010774940252304077,0.5251527428627014,0.7570511102676392,-0.014565547928214073,0.5484998822212219,0.7675422430038452,-0.016047077253460884,0.5718498229980469,0.7528766393661499,-0.017101051285862923,0.5806599259376526,0.7568307518959045,-0.019418299198150635,0.5331752300262451,0.8075007796287537,-0.018017813563346863,0.558744490146637,0.8117804527282715,-0.012871721759438515,0.5833556652069092,0.7959755659103394,-0.011230025440454483,0.591162383556366,0.8140033483505249,-0.025969626381993294,0.5492230653762817,0.8514975905418396,-0.02200336940586567,0.5747624039649963,0.8532688617706299,-0.012101118452847004,0.5985985398292542,0.8372812867164612,-0.008584586903452873,0.6057922840118408,0.8663219809532166,-0.03207680955529213,0.5769168734550476,0.8866939544677734,-0.026701275259256363,0.6027525067329407,0.8855605125427246,-0.015342443250119686,0.6242644190788269,0.8730311989784241,-0.007482794113457203,THUMBS_UP
0.7390947937965393,0.8355473279953003,-1.693965714366641e-07,0.7036194801330566,0.7501189708709717,0.008748284541070461,0.6474717259407043,0.6769800782203674,0.0035590960178524256,0.6061656475067139,0.614788293838501,-0.00426759896799922,0.6025971174240112,0.5506609678268433,-0.013440321199595928,0.5789539217948914,0.7022148966789246,-0.00343530741520226,0.5267068147659302,0.7525696158409119,-0.0042121438309550285,0.5496955513954163,0.765077531337738,-0.005284050479531288,0.572717010974884,0.7516937851905823,-0.006575654726475477,0.5799692869186401,0.7554787993431091,-0.011790035292506218,0.5338114500045776,0.8044080138206482,-0.007383589632809162,0.5594504475593567,0.8107017874717712,-0.002724419115111232,0.5844694972038269,0.7960201501846313,-0.0015605289954692125,0.5890930891036987,0.8123000860214233,-0.018070891499519348,0.5500420331954956,0.8505232334136963,-0.01097557321190834,0.5761277079582214,0.8533645868301392,-0.0022928440012037754,0.59980708360672,0.8378850221633911,-0.00015138366143219173,0.6025018692016602,0.8640813827514648,-0.023873943835496902,0.5772565007209778,0.8856127262115479,-0.015933770686388016,0.6039171814918518,0.8854831457138062,-0.005071885883808136,0.6249914169311523,0.8729946613311768,0.002003759378567338,THUMBS_UP
0.7415942549705505,0.8319284915924072,-1.9665186812289903e-07,0.7045108675956726,0.7471165060997009,0.006572985090315342,0.6475245356559753,0.6758177876472473,-0.0004980375524610281,0.6076569557189941,0.6146828532218933,-0.010444015264511108,0.6038284301757812,0.5507383346557617,-0.021575935184955597,0.5845751166343689,0.700942873954773,-0.009714963845908642,0.5275123119354248,0.7555689811706543,-0.0188183281570673,0.5518402457237244,0.7650368809700012,-0.024379055947065353,0.5757524967193604,0.7483685612678528,-0.027593819424510002,0.589314877986908,0.756622850894928,-0.019568540155887604,0.5340781807899475,0.8050631880760193,-0.024026354774832726,0.5615087747573853,0.8089041113853455,-0.020998919382691383,0.5878962278366089,0.7932432293891907,-0.019577065482735634,0.6006895303726196,0.8134253025054932,-0.028063224628567696,0.5519336462020874,0.8501250743865967,-0.030331382527947426,0.5798547863960266,0.851311206817627,-0.020334064960479736,0.60526442527771,0.834906816482544,-0.014903475530445576,0.6160432696342468,0.8651278614997864,-0.03605538234114647,0.5816197395324707,0.8857719898223877,-0.034933902323246,0.608736515045166,0.8850980401039124,-0.023536598309874535,0.6313671469688416,0.8724388480186462,-0.01471871230751276,THUMBS_UP
0.742965579032898,0.8308963179588318,-2.0734442784942075e-07,0.7066519260406494,0.7489376068115234,0.006137920077890158,0.6475843787193298,0.6756256818771362,-0.0026459493674337864,0.608451247215271,0.6134659051895142,-0.013859585858881474,0.6075961589813232,0.5482004284858704,-0.026098355650901794,0.590937614440918,0.6997918486595154,-0.016457077115774155,0.5292080044746399,0.7546719312667847,-0.029062500223517418,0.5549198985099792,0.7625027298927307,-0.035435788333415985,0.5788857340812683,0.7445058822631836,-0.03829574212431908,0.5972318649291992,0.7559895515441895,-0.026056768372654915,0.5360752940177917,0.8043304085731506,-0.03409193083643913,0.5651324391365051,0.8058018088340759,-0.030655132606625557,0.5922497510910034,0.7897993326187134,-0.02806941419839859,0.6086276173591614,0.8125865459442139,-0.03406897932291031,0.5552482604980469,0.8487991690635681,-0.03877220302820206,0.5847566723823547,0.8481411933898926,-0.027729230001568794,0.6112120151519775,0.8312355279922485,-0.020718587562441826,0.623062014579773,0.8633544445037842,-0.04133113473653793,0.585439145565033,0.8830875158309937,-0.04054593667387962,0.6129883527755737,0.8812909126281738,-0.028354482725262642,0.6359712481498718,0.8694356083869934,-0.018695754930377007,THUMBS_UP
0.7465184926986694,0.8369274139404297,-2.1766970803582808e-07,0.7070796489715576,0.7526201605796814,0.006352036260068417,0.6496859192848206,0.6794143319129944,-0.00423255143687129,0.6118144392967224,0.615884006023407,-0.016974888741970062,0.611481785774231,0.5484782457351685,-0.030804958194494247,0.6017814874649048,0.6950534582138062,-0.026964062824845314,0.5333309173583984,0.7514713406562805,-0.03939325362443924,0.558452844619751,0.7588254809379578,-0.041669730097055435,0.5817551016807556,0.7417377233505249,-0.04183867946267128,0.6108361482620239,0.7509587407112122,-0.03821329027414322,0.541175127029419,0.800525426864624,-0.046772442758083344,0.5695050358772278,0.8018562197685242,-0.040449950844049454,0.5957338213920593,0.7867559194564819,-0.03669052571058273,0.6229404211044312,0.8084412217140198,-0.04714396223425865,0.5593948364257812,0.8431678414344788,-0.0523855946958065,0.5884129405021667,0.842844545841217,-0.03839641064405441,0.6154997944831848,0.8282830119132996,-0.030031004920601845,0.6372795701026917,0.8623338937759399,-0.05514851585030556,0.5895469188690186,0.8779798150062561,-0.05607669800519943,0.614629328250885,0.87550288438797,-0.04316755384206772,0.6386734843254089,0.8660715222358704,-0.033268481492996216,THUMBS_UP
0.7497924566268921,0.8407517075538635,-2.784023536150926e-07,0.7091975212097168,0.7537634968757629,0.007308978587388992,0.6510507464408875,0.6772448420524597,-0.003269414883106947,0.6158198118209839,0.6104928851127625,-0.01571069099009037,0.6148591041564941,0.5470595955848694,-0.029271408915519714,0.6052113175392151,0.6859937310218811,-0.033240240067243576,0.5372680425643921,0.75011146068573,-0.047616854310035706,0.5637727975845337,0.7584593296051025,-0.04942715913057327,0.5877504944801331,0.7410740852355957,-0.04929814860224724,0.6175819039344788,0.7422606348991394,-0.04643755033612251,0.5462474822998047,0.8016501069068909,-0.057486604899168015,0.5752946734428406,0.8033983707427979,-0.04999532550573349,0.6019087433815002,0.7877700328826904,-0.04600073769688606,0.6330130100250244,0.8002161979675293,-0.0570976622402668,0.5698032975196838,0.8461290001869202,-0.0654214546084404,0.5980241298675537,0.844387412071228,-0.050066448748111725,0.624228298664093,0.8283740282058716,-0.0410010889172554,0.6503293514251709,0.8547021746635437,-0.0666084960103035,0.5989832878112793,0.8799737691879272,-0.07048569619655609,0.6235641241073608,0.8777391910552979,-0.057226426899433136,0.6467921137809753,0.8654890060424805,-0.04720848798751831,THUMBS_UP
0.7519737482070923,0.8369297385215759,-2.9037312287982786e-07,0.7095209360122681,0.7538353800773621,0.006185680162161589,0.6523675322532654,0.677478015422821,-0.004319029860198498,0.6205853223800659,0.6105363368988037,-0.016230350360274315,0.6211706399917603,0.5472477674484253,-0.02972470410168171,0.6159907579421997,0.6879351735115051,-0.03651653975248337,0.5448234677314758,0.7513547539710999,-0.049537647515535355,0.5684946775436401,0.7625640630722046,-0.05008212476968765,0.5940709114074707,0.7496561408042908,-0.04948601499199867,0.6296638250350952,0.7408604621887207,-0.04916964843869209,0.554259181022644,0.8000264167785645,-0.05958126112818718,0.5817378759384155,0.801557183265686,-0.05245797336101532,0.6099323630332947,0.7871955037117004,-0.049423787742853165,0.6454681754112244,0.7967576384544373,-0.05897495523095131,0.578603982925415,0.8437404632568359,-0.0679900050163269,0.6054522395133972,0.8412993550300598,-0.053899481892585754,0.6318336725234985,0.8261563777923584,-0.04609168320894241,0.6615380644798279,0.8507387042045593,-0.06746701896190643,0.6061438918113708,0.877515435218811,-0.07403463870286942,0.6296063661575317,0.8741174936294556,-0.062273964285850525,0.6529618501663208,0.861663818359375,-0.053386885672807693,THUMBS_UP
0.7597811222076416,0.839870810508728,-3.1404528044731705e-07,0.7210736274719238,0.7595561742782593,0.004778537433594465,0.6613539457321167,0.681818962097168,-0.006026349496096373,0.6292047500610352,0.6151020526885986,-0.018844550475478172,0.6302283406257629,0.5499308109283447,-0.032708633691072464,0.6333838701248169,0.6851877570152283,-0.032242752611637115,0.5555988550186157,0.7464032769203186,-0.0527912974357605,0.5804311037063599,0.7589714527130127,-0.06012168899178505,0.6083741188049316,0.744529664516449,-0.06299348920583725,0.6448941230773926,0.7353653907775879,-0.04500426724553108,0.5669662356376648,0.7971165180206299,-0.060323070734739304,0.5945292115211487,0.8003115653991699,-0.05574220046401024,0.6213593482971191,0.7830122113227844,-0.0536557100713253,0.6584328413009644,0.7911831736564636,-0.05650508776307106,0.5889874696731567,0.8409356474876404,-0.06920802593231201,0.6153510808944702,0.8418386578559875,-0.05534219741821289,0.6406981348991394,0.8247917890548706,-0.04657277092337608,0.6718729734420776,0.844730019569397,-0.06717579811811447,0.6164029836654663,0.8780989050865173,-0.07476692646741867,0.6394495368003845,0.876752495765686,-0.06365597993135452,0.6623548269271851,0.8624650239944458,-0.05492217093706131,THUMBS_UP
0.7613383531570435,0.8378398418426514,-3.12232486976427e-07,0.7246010303497314,0.75931316614151,0.0021810694597661495,0.6673575639724731,0.6783579587936401,-0.009582755155861378,0.6358993053436279,0.6129518747329712,-0.022592801600694656,0.63628751039505,0.5480709075927734,-0.03650962561368942,0.6430166363716125,0.6801162362098694,-0.03766367584466934,0.5625237822532654,0.7428345084190369,-0.05998339131474495,0.5867167711257935,0.7561432123184204,-0.06717757880687714,0.6155150532722473,0.7409660816192627,-0.06943026185035706,0.658362865447998,0.7333660125732422,-0.04976959154009819,0.5747885704040527,0.7945398092269897,-0.06742894649505615,0.6028608083724976,0.7964529395103455,-0.06236058101058006,0.6313745975494385,0.7794417142868042,-0.05968589708209038,0.6739093065261841,0.7913522720336914,-0.06071215867996216,0.5995678305625916,0.8396337032318115,-0.07672107964754105,0.6263211965560913,0.838928759098053,-0.06219489499926567,0.6530857682228088,0.8226417899131775,-0.05215556174516678,0.6882190704345703,0.847153902053833,-0.07071047276258469,0.6251423358917236,0.8759921193122864,-0.08084013313055038,0.6477227807044983,0.8728740215301514,-0.06938334554433823,0.672660768032074,0.859413743019104,-0.059929259121418,THUMBS_UP
0.7643344402313232,0.8349475264549255,-2.9142216817490407e-07,0.7284247875213623,0.7594466805458069,-0.00033398214145563543,0.6720588207244873,0.6771223545074463,-0.013472368009388447,0.6435930132865906,0.6083754897117615,-0.026998622342944145,0.6466758847236633,0.5425914525985718,-0.04119618609547615,0.6501768231391907,0.6762187480926514,-0.04311578720808029,0.5705813765525818,0.7370224595069885,-0.06426495313644409,0.5960084795951843,0.7496893405914307,-0.06834708899259567,0.6235826015472412,0.7328698039054871,-0.06879517436027527,0.6659574508666992,0.7302172780036926,-0.05422671511769295,0.5822091698646545,0.7911288142204285,-0.07242899388074875,0.611413836479187,0.7939381003379822,-0.0655408501625061,0.6403149962425232,0.777777373790741,-0.06155843660235405,0.6816344261169434,0.7897449135780334,-0.06410165876150131,0.6053940057754517,0.8361719846725464,-0.08086023479700089,0.6329721212387085,0.837587833404541,-0.06569868326187134,0.6606126427650452,0.8227872252464294,-0.055150117725133896,0.6962612271308899,0.8465255498886108,-0.0730697438120842,0.6321989297866821,0.8741830587387085,-0.08436225354671478,0.6541629433631897,0.8713821172714233,-0.07374370843172073,0.679277777671814,0.8580544590950012,-0.06476547569036484,THUMBS_UP
0.7668073177337646,0.8363621830940247,-2.9192599981797684e-07,0.7311944365501404,0.7608188390731812,-0.0011934060603380203,0.6756051182746887,0.677064061164856,-0.015180944465100765,0.6497438549995422,0.6068978309631348,-0.029276469722390175,0.6539379954338074,0.541364848613739,-0.043915532529354095,0.6588491201400757,0.6761268377304077,-0.047443490475416183,0.5756130218505859,0.7348276972770691,-0.06954194605350494,0.60121750831604,0.7474391460418701,-0.07308730483055115,0.6292544007301331,0.7307624220848083,-0.0729995146393776,0.6750575304031372,0.7303705811500549,-0.058436885476112366,0.5884240865707397,0.7900776267051697,-0.07835275679826736,0.6180891990661621,0.7927091121673584,-0.07089576870203018,0.6475257873535156,0.7768841981887817,-0.0663706585764885,0.6903656125068665,0.7899868488311768,-0.06817474216222763,0.6106148958206177,0.8354714512825012,-0.08720944076776505,0.6388804316520691,0.8364229798316956,-0.07214194536209106,0.6678333878517151,0.8223111629486084,-0.0611877366900444,0.7037298679351807,0.8464087247848511,-0.07685666531324387,0.6371686458587646,0.8728873133659363,-0.09033899754285812,0.6601554751396179,0.8698909878730774,-0.08036880940198898,0.6868707537651062,0.8570801019668579,-0.07153817266225815,THUMBS_UP
0.7703697085380554,0.8399190306663513,-3.0272755680016417e-07,0.7345339059829712,0.7636604905128479,-0.0012725865235552192,0.6795483827590942,0.6771009564399719,-0.015764042735099792,0.6538189649581909,0.6060136556625366,-0.030598893761634827,0.6590555906295776,0.5391737222671509,-0.046084679663181305,0.6659102439880371,0.6750913262367249,-0.04917637258768082,0.5795053839683533,0.7341366410255432,-0.07302335649728775,0.6052576303482056,0.7491214275360107,-0.07745537906885147,0.633527934551239,0.732516884803772,-0.0778297409415245,0.681952178478241,0.731312096118927,-0.06101570650935173,0.5919312238693237,0.7907530665397644,-0.08276950567960739,0.6220371127128601,0.7942608594894409,-0.07543212175369263,0.6518706679344177,0.7777066826820374,-0.07087989896535873,0.6971904635429382,0.7924179434776306,-0.07174067199230194,0.6135758757591248,0.8360468745231628,-0.09283927083015442,0.6428529024124146,0.8370527625083923,-0.07757934927940369,0.6730572581291199,0.8219870328903198,-0.06613673269748688,0.7104638814926147,0.8497841954231262,-0.08137308806180954,0.6407986283302307,0.8732738494873047,-0.09644787758588791,0.6633124351501465,0.8703406453132629,-0.08672023564577103,0.6910457611083984,0.8573679327964783,-0.07783838361501694,THUMBS_UP
0.7723692059516907,0.8443891406059265,-3.0262273753578484e-07,0.736441969871521,0.7681713104248047,-0.0014863564865663648,0.6812834143638611,0.6797804236412048,-0.015829574316740036,0.6556064486503601,0.6067752242088318,-0.030029211193323135,0.659155547618866,0.5389446020126343,-0.044523533433675766,0.6635873913764954,0.6766778826713562,-0.04925312474370003,0.5805779099464417,0.7363798022270203,-0.07201030850410461,0.6081933975219727,0.7494659423828125,-0.07542276382446289,0.6361588835716248,0.7318490147590637,-0.07524565607309341,0.6800095438957214,0.7326585650444031,-0.060681894421577454,0.5928822159767151,0.7933446168899536,-0.08080830425024033,0.6244479417800903,0.7950472831726074,-0.07243775576353073,0.6537185907363892,0.7786348462104797,-0.06752081215381622,0.6962476968765259,0.7930258512496948,-0.07095019519329071,0.6153700351715088,0.8380385637283325,-0.09114453196525574,0.6454525589942932,0.8381338119506836,-0.07588648796081543,0.6745760440826416,0.8233872056007385,-0.06476745754480362,0.7108045220375061,0.8499406576156616,-0.08008577674627304,0.6434807777404785,0.8750971555709839,-0.09480509907007217,0.6673927903175354,0.8717501163482666,-0.08508902043104172,0.6946783065795898,0.8589032292366028,-0.07626398652791977,THUMBS_UP
0.772951602935791,0.8477764129638672,-3.180523719947814e-07,0.7356228828430176,0.772418737411499,-0.0007206370355561376,0.6785950064659119,0.6853280067443848,-0.01417647022753954,0.6502962708473206,0.6142475605010986,-0.02795860543847084,0.6513331532478333,0.5458915829658508,-0.04215608537197113,0.6657940149307251,0.6852751970291138,-0.04534212127327919,0.579820990562439,0.7434442639350891,-0.06955410540103912,0.6064531803131104,0.757034420967102,-0.07655934989452362,0.6352370381355286,0.7395399808883667,-0.07888080179691315,0.6813092827796936,0.7414002418518066,-0.05693138763308525,0.5917768478393555,0.8012887835502625,-0.07717030495405197,0.6216573119163513,0.803303599357605,-0.07108812779188156,0.6514761447906494,0.7863035202026367,-0.06798214465379715,0.6967583894729614,0.8015720248222351,-0.06765711307525635,0.6140774488449097,0.8450244069099426,-0.08755197376012802,0.6421778202056885,0.8459856510162354,-0.07333536446094513,0.6715413928031921,0.8307957649230957,-0.06284701079130173,0.7104111313819885,0.8582291007041931,-0.07737969607114792,0.6408811807632446,0.8826858997344971,-0.09163475781679153,0.6622758507728577,0.8790777325630188,-0.08250211924314499,0.6895617842674255,0.8658300042152405,-0.07414663583040237,THUMBS_UP
0.7739391326904297,0.849602460861206,-3.1547870094073005e-07,0.7361489534378052,0.7742472290992737,-0.0012676065089181066,0.6784367561340332,0.687897264957428,-0.015214654617011547,0.6524754166603088,0.6152635812759399,-0.029305364936590195,0.6545672416687012,0.5460097193717957,-0.04428441449999809,0.6619730591773987,0.6872652173042297,-0.047724880278110504,0.5779491066932678,0.7462331056594849,-0.07027892023324966,0.6028947830200195,0.7619860768318176,-0.07515422999858856,0.6312804222106934,0.7456647753715515,-0.07640208303928375,0.6790565252304077,0.7438767552375793,-0.05944259092211723,0.5900068283081055,0.8035944104194641,-0.07965308427810669,0.6201534271240234,0.8071508407592773,-0.07304446399211884,0.6507381796836853,0.7908293008804321,-0.06953808665275574,0.6960229873657227,0.8045011758804321,-0.06994592398405075,0.6130092740058899,0.8492678999900818,-0.09053876996040344,0.642612099647522,0.8497729897499084,-0.07663785666227341,0.6727802157402039,0.8345470428466797,-0.06648042798042297,0.7114108800888062,0.8614816665649414,-0.07926997542381287,0.6424114108085632,0.8861740827560425,-0.09497532248497009,0.6653157472610474,0.8835447430610657,-0.08598947525024414,0.6929447650909424,0.8703873157501221,-0.07771844416856766,THUMBS_UP
0.7714420557022095,0.8490028381347656,-3.09885535898502e-07,0.734301745891571,0.7755101323127747,-0.0018468860071152449,0.6764377951622009,0.6892073154449463,-0.016468355432152748,0.6500157713890076,0.6176635026931763,-0.030853530392050743,0.6531924605369568,0.5493412017822266,-0.04598197713494301,0.6599900722503662,0.6911957263946533,-0.05031508207321167,0.5762099027633667,0.7498835325241089,-0.07284612953662872,0.6029717922210693,0.7641454339027405,-0.07694719731807709,0.6318383812904358,0.7472331523895264,-0.07760400325059891,0.6779319643974304,0.7463403344154358,-0.06130274385213852,0.5892174243927002,0.8083358407020569,-0.0811261236667633,0.620797336101532,0.8100346922874451,-0.07356097549200058,0.6512001156806946,0.792573094367981,-0.06948837637901306,0.6957170963287354,0.8062096834182739,-0.07100164145231247,0.6131946444511414,0.8526830077171326,-0.0909445583820343,0.6438649296760559,0.8523855209350586,-0.07693313807249069,0.6742456555366516,0.836159884929657,-0.06682099401950836,0.7116858959197998,0.8630056381225586,-0.07950613647699356,0.6410251259803772,0.8906805515289307,-0.0947234109044075,0.6642405986785889,0.8863321542739868,-0.08620645850896835,0.6922115683555603,0.8719675540924072,-0.07843504846096039,THUMBS_UP
0.7719627618789673,0.8502194285392761,-3.068978458031779e-07,0.7355079650878906,0.7759488821029663,-0.001941003603860736,0.6780909895896912,0.6898655891418457,-0.016398858278989792,0.6503452658653259,0.6186150908470154,-0.030474184080958366,0.6513310074806213,0.5513873100280762,-0.04519542679190636,0.6610859632492065,0.6923155188560486,-0.05121229588985443,0.5756881237030029,0.7520745992660522,-0.07370886951684952,0.6009789705276489,0.7673535943031311,-0.07699915021657944,0.6292534470558167,0.7508066296577454,-0.07683227211236954,0.6779333353042603,0.7472581267356873,-0.06186946853995323,0.5877684354782104,0.8118511438369751,-0.08173447102308273,0.6169649362564087,0.8144592046737671,-0.07348352670669556,0.6469525694847107,0.7958686947822571,-0.06880077719688416,0.6946632266044617,0.8066860437393188,-0.07122732698917389,0.6117880344390869,0.8559380173683167,-0.091344453394413,0.6407064199447632,0.8554521203041077,-0.07699912041425705,0.6706553101539612,0.8378728628158569,-0.06655833125114441,0.7094751596450806,0.8626715540885925,-0.07936200499534607,0.6410108208656311,0.8914659023284912,-0.09451170265674591,0.6639730930328369,0.8876208662986755,-0.08568265289068222,0.6915356516838074,0.8724814653396606,-0.07756977528333664,THUMBS_UP
0.7719563841819763,0.851590633392334,-2.934126825948624e-07,0.7357085347175598,0.7758384943008423,-0.002252729842439294,0.6776944994926453,0.6899838447570801,-0.016713589429855347,0.6489754319190979,0.6198726296424866,-0.03076316975057125,0.6509586572647095,0.5520448088645935,-0.04512287676334381,0.6587539911270142,0.6938617825508118,-0.0506577305495739,0.5751475691795349,0.7542852759361267,-0.07261967658996582,0.6017154455184937,0.7679880857467651,-0.07532116770744324,0.6301479339599609,0.7505815625190735,-0.07486356049776077,0.6753486394882202,0.7496750950813293,-0.06103762984275818,0.5880007147789001,0.8135319352149963,-0.08099555224180222,0.6193956136703491,0.8139374256134033,-0.07277441769838333,0.6492714285850525,0.7949296832084656,-0.06795762479305267,0.6921870112419128,0.8093973398208618,-0.07011477649211884,0.610815703868866,0.8569793701171875,-0.0902971476316452,0.6411135792732239,0.8547530174255371,-0.07589507848024368,0.6708042025566101,0.837204098701477,-0.06523989140987396,0.7074403762817383,0.8652326464653015,-0.0779978334903717,0.6387407779693604,0.8924124240875244,-0.09304914623498917,0.6625455021858215,0.8875043988227844,-0.08416017889976501,0.6901544332504272,0.8730428814888,-0.07587205618619919,THUMBS_UP
0.7711887359619141,0.8508331179618835,-3.040576359580882e-07,0.7357250452041626,0.7728877067565918,-0.0011110084597021341,0.6785522103309631,0.6898247003555298,-0.014899203553795815,0.6495142579078674,0.6203094124794006,-0.02861618995666504,0.6511497497558594,0.5529282093048096,-0.04313935711979866,0.6590133309364319,0.6931549310684204,-0.049017176032066345,0.5738206505775452,0.7508009672164917,-0.07077886909246445,0.598746120929718,0.7649459838867188,-0.07379209995269775,0.628246009349823,0.7499226331710815,-0.07337410002946854,0.676073431968689,0.7493208646774292,-0.05964302271604538,0.5881555676460266,0.8105966448783875,-0.07937422394752502,0.6172993183135986,0.8116918206214905,-0.07186470925807953,0.6478239893913269,0.7939595580101013,-0.06762710958719254,0.6923046112060547,0.8095291256904602,-0.06881455332040787,0.6109806895256042,0.855802595615387,-0.0883449837565422,0.6393916010856628,0.8542156219482422,-0.07383326441049576,0.6694787740707397,0.83804851770401,-0.06331081688404083,0.706926167011261,0.866111159324646,-0.07672858983278275,0.6381782293319702,0.8928934931755066,-0.09132504463195801,0.6608889698982239,0.8884666562080383,-0.08207310736179352,0.6883290410041809,0.8739477396011353,-0.07365480065345764,THUMBS_UP
0.7725233435630798,0.8474355936050415,-2.849620841516298e-07,0.7364604473114014,0.771093487739563,-0.00040368986083194613,0.678046703338623,0.6883191466331482,-0.014677486382424831,0.6480351090431213,0.6188455820083618,-0.02924419939517975,0.6507497429847717,0.5500608086585999,-0.04471302032470703,0.6560265421867371,0.6922993063926697,-0.04689670354127884,0.5731235146522522,0.7510401010513306,-0.06865593045949936,0.5986824631690979,0.7652736306190491,-0.07211394608020782,0.6271901726722717,0.7485916614532471,-0.07221217453479767,0.6728468537330627,0.747350811958313,-0.058264218270778656,0.5866456031799316,0.8108614683151245,-0.07701219618320465,0.617139995098114,0.8122466206550598,-0.06897349655628204,0.646763026714325,0.7935795187950134,-0.06443137675523758,0.6902101635932922,0.8075802326202393,-0.06842239946126938,0.6097209453582764,0.855065643787384,-0.08690683543682098,0.639087438583374,0.8538797497749329,-0.0726214274764061,0.6682121753692627,0.8362526893615723,-0.06250445544719696,0.7064070105552673,0.8638587594032288,-0.07734525203704834,0.6383231282234192,0.8929662108421326,-0.09066752344369888,0.6613098978996277,0.887998640537262,-0.08159938454627991,0.6879835724830627,0.8723812699317932,-0.07359348237514496,THUMBS_UP
0.7721322774887085,0.8486165404319763,-3.0827698083157884e-07,0.7361007332801819,0.7715983986854553,-0.0014840159565210342,0.677567183971405,0.690085232257843,-0.014977307058870792,0.6474893093109131,0.6204182505607605,-0.02849036641418934,0.6495615243911743,0.552262008190155,-0.04260049760341644,0.6588298082351685,0.6929291486740112,-0.047008272260427475,0.5740438103675842,0.748823881149292,-0.06859744340181351,0.5979066491127014,0.765298068523407,-0.07160937786102295,0.6271629929542542,0.7515072822570801,-0.0712028369307518,0.6748464703559875,0.7474848031997681,-0.05742839351296425,0.5862497091293335,0.8093097805976868,-0.07706229388713837,0.6151232123374939,0.8125206828117371,-0.06966764479875565,0.645513117313385,0.7941620349884033,-0.06509953737258911,0.6908419728279114,0.8067942261695862,-0.06665103882551193,0.6094613075256348,0.8547659516334534,-0.08598681539297104,0.6376767754554749,0.8537128567695618,-0.07165811210870743,0.6671293377876282,0.8356698155403137,-0.06103581562638283,0.7055280804634094,0.8624541163444519,-0.07478097826242447,0.6379334926605225,0.8910611271858215,-0.08895326405763626,0.6604043245315552,0.8870946764945984,-0.07988667488098145,0.6870827674865723,0.8717970848083496,-0.07159348577260971,THUMBS_UP
0.7712209224700928,0.8502107858657837,-3.1904224329082354e-07,0.7362534999847412,0.7734863758087158,-0.0005554280942305923,0.6782914996147156,0.6904599070549011,-0.014407270587980747,0.6488296389579773,0.6204246878623962,-0.028566062450408936,0.6489077210426331,0.5517828464508057,-0.043696995824575424,0.6606113314628601,0.6922423839569092,-0.04824277386069298,0.5732957124710083,0.7485027313232422,-0.0714176595211029,0.5973027348518372,0.7650587558746338,-0.07574989646673203,0.6270728707313538,0.7509828209877014,-0.07610932737588882,0.6766454577445984,0.7477258443832397,-0.05968846380710602,0.5855264663696289,0.8095806241035461,-0.080557681620121,0.614916980266571,0.8128916621208191,-0.0735321044921875,0.6461983323097229,0.7947108745574951,-0.06927932053804398,0.6928009390830994,0.8081897497177124,-0.06990566104650497,0.6084549427032471,0.8552365899085999,-0.09029200673103333,0.6373290419578552,0.8546162843704224,-0.07572705298662186,0.6679123640060425,0.8369924426078796,-0.06491298973560333,0.7077314257621765,0.8652263879776001,-0.07889220118522644,0.6375498175621033,0.8925055861473083,-0.09415651857852936,0.6598190665245056,0.8886653780937195,-0.08511516451835632,0.687417209148407,0.8737791180610657,-0.07675036787986755,THUMBS_UP
0.7718681693077087,0.8493286371231079,-2.949537929453072e-07,0.7359669208526611,0.7734729051589966,-0.0015062207821756601,0.6775493025779724,0.690904438495636,-0.015637611970305443,0.6475157737731934,0.621284008026123,-0.029561985284090042,0.6487823724746704,0.552198588848114,-0.04417559877038002,0.6572292447090149,0.6935755610466003,-0.049623433500528336,0.5729795098304749,0.7509773969650269,-0.07065048813819885,0.5976378321647644,0.7665262818336487,-0.0726754367351532,0.6262367367744446,0.7512362003326416,-0.07174564152956009,0.6737619042396545,0.7488791942596436,-0.06008686125278473,0.5868442058563232,0.8101472854614258,-0.07858941704034805,0.6161039471626282,0.8128072023391724,-0.0699753537774086,0.6455430388450623,0.7948334217071533,-0.06515826284885406,0.6903552412986755,0.8086705207824707,-0.06911923736333847,0.6099943518638611,0.8550857305526733,-0.08774416893720627,0.6385228037834167,0.8549784421920776,-0.07290080189704895,0.667518675327301,0.8379643559455872,-0.06241569668054581,0.7055864930152893,0.8648229837417603,-0.07691767811775208,0.6366977095603943,0.8917717337608337,-0.09071189165115356,0.6594119071960449,0.888388454914093,-0.08117687702178955,0.6865002512931824,0.8742095232009888,-0.07273326069116592,THUMBS_UP
0.7708153128623962,0.8519179224967957,-3.215779713627853e-07,0.7350122928619385,0.7749994993209839,-0.000994813279248774,0.6760914921760559,0.6927264928817749,-0.016003500670194626,0.6463281512260437,0.6225496530532837,-0.031108170747756958,0.647957980632782,0.5529588460922241,-0.04705214872956276,0.6606485843658447,0.692507803440094,-0.05227535963058472,0.5726331472396851,0.7490741610527039,-0.0763172060251236,0.5981265902519226,0.7647550702095032,-0.08029081672430038,0.6281516551971436,0.7500720024108887,-0.08031994849443436,0.6781849265098572,0.7487978935241699,-0.06403610110282898,0.58626389503479,0.8100373148918152,-0.0854160413146019,0.6167450547218323,0.8130918145179749,-0.07724780589342117,0.6478059887886047,0.7954524159431458,-0.07241963595151901,0.6955486536026001,0.8098350763320923,-0.07449121028184891,0.6105981469154358,0.8552185297012329,-0.09545714408159256,0.6399943232536316,0.8548121452331543,-0.0797705203294754,0.6705427765846252,0.8382636308670044,-0.06819739937782288,0.7114090919494629,0.866818904876709,-0.08366533368825912,0.6382994055747986,0.8920166492462158,-0.09894082695245743,0.6604076027870178,0.8887091279029846,-0.08908861130475998,0.6883822083473206,0.8750845193862915,-0.08027830719947815,THUMBS_UP
0.7703132629394531,0.847926139831543,-3.0245774951254134e-07,0.7329546213150024,0.7727925777435303,-0.0024019964039325714,0.6756397485733032,0.6897533535957336,-0.017344102263450623,0.6466463804244995,0.6200491786003113,-0.0317918099462986,0.6476452946662903,0.5519066452980042,-0.04694647714495659,0.658961832523346,0.6953815817832947,-0.053551044315099716,0.5731545686721802,0.7538619637489319,-0.07488588243722916,0.5967996120452881,0.7703831791877747,-0.07659148424863815,0.6247379779815674,0.7557289004325867,-0.07547810673713684,0.6759379506111145,0.751076340675354,-0.06358262896537781,0.5866358280181885,0.8132283687591553,-0.08272940665483475,0.6157171130180359,0.8157541751861572,-0.07374166697263718,0.645383358001709,0.79764723777771,-0.06895099580287933,0.6922392249107361,0.8103747963905334,-0.0720079094171524,0.6095629930496216,0.8565037250518799,-0.09154929965734482,0.6386195421218872,0.8558349013328552,-0.0768992081284523,0.6684121489524841,0.8394666910171509,-0.066593237221241,0.7066119313240051,0.8656907677650452,-0.07916224002838135,0.6368821263313293,0.8921877145767212,-0.09421174228191376,0.6594856977462769,0.8879021406173706,-0.08547715097665787,0.6871857643127441,0.8738722801208496,-0.07764153927564621,THUMBS_UP
0.7699413895606995,0.849684476852417,-2.9368803211582417e-07,0.7338709831237793,0.7742568850517273,-0.0016310676001012325,0.6748552918434143,0.690233051776886,-0.015788862481713295,0.6446702480316162,0.6221670508384705,-0.02965078316628933,0.6451901793479919,0.5546009540557861,-0.04400874301791191,0.6550320982933044,0.6955274343490601,-0.04956889897584915,0.5721981525421143,0.7559362053871155,-0.07122042775154114,0.597586989402771,0.7691977024078369,-0.07373911887407303,0.6263946294784546,0.7526159286499023,-0.07303166389465332,0.6728468537330627,0.7517933249473572,-0.060397326946258545,0.5862160921096802,0.8149216771125793,-0.08045077323913574,0.6168915629386902,0.8149099349975586,-0.07271399348974228,0.646992564201355,0.7958935499191284,-0.06794412434101105,0.6907609105110168,0.8116260170936584,-0.06980080157518387,0.6098147034645081,0.8593437075614929,-0.09030995517969131,0.6398432850837708,0.8566208481788635,-0.07587572187185287,0.6694185137748718,0.8386005759239197,-0.06498248130083084,0.70696622133255,0.8674535155296326,-0.07787929475307465,0.6382874846458435,0.8946800231933594,-0.0933176800608635,0.6619935631752014,0.8897033929824829,-0.0840495154261589,0.6893212199211121,0.8748995065689087,-0.07531753182411194,THUMBS_UP
0.7716770172119141,0.8480361700057983,-3.0954058161114517e-07,0.7352969646453857,0.7730098366737366,-0.0017970599001273513,0.6763233542442322,0.6910665035247803,-0.01560200098901987,0.6456606984138489,0.6234170198440552,-0.029025938361883163,0.6444181799888611,0.5564851760864258,-0.04288402944803238,0.6576749682426453,0.6973422765731812,-0.05178656801581383,0.5728830099105835,0.755111038684845,-0.07400569319725037,0.5965314507484436,0.7696852684020996,-0.07647915929555893,0.6256544589996338,0.7549481391906738,-0.07551059126853943,0.6750640273094177,0.7535626292228699,-0.06218590959906578,0.5876147747039795,0.816562294960022,-0.08223835378885269,0.6165792942047119,0.8173280358314514,-0.07376639544963837,0.6465272307395935,0.7978676557540894,-0.06885737180709839,0.6923649907112122,0.8131351470947266,-0.07117340713739395,0.6111128330230713,0.8603917956352234,-0.09163262695074081,0.6397591829299927,0.8577693700790405,-0.07656434178352356,0.6694931983947754,0.8398109674453735,-0.06550300866365433,0.708036482334137,0.8686720132827759,-0.078890860080719,0.6397671103477478,0.8952687978744507,-0.09417637437582016,0.6621174216270447,0.8905697464942932,-0.08478303998708725,0.6890758275985718,0.87577885389328,-0.07621636241674423,THUMBS_UP
0.7701961994171143,0.8462156057357788,-2.8402757834555814e-07,0.7332367897033691,0.7714722156524658,-0.0019387444481253624,0.6745514273643494,0.6902139782905579,-0.01663740910589695,0.6443167328834534,0.623457670211792,-0.031084531918168068,0.6435129046440125,0.5567539930343628,-0.04634920507669449,0.6573970913887024,0.6974583268165588,-0.0526452474296093,0.5736616253852844,0.7557249069213867,-0.07457941770553589,0.5969440340995789,0.767842710018158,-0.07753045111894608,0.6256099939346313,0.7528280019760132,-0.07731305807828903,0.6763917207717896,0.7545173764228821,-0.06349607557058334,0.5868630409240723,0.8164287209510803,-0.08382891118526459,0.6163824200630188,0.8144294619560242,-0.07647901028394699,0.6477323174476624,0.7959111332893372,-0.07250232249498367,0.6950991749763489,0.8143245577812195,-0.0727180689573288,0.6105660200119019,0.8601423501968384,-0.09310498088598251,0.6400906443595886,0.8552494645118713,-0.07854296267032623,0.6711231470108032,0.8379102945327759,-0.06797387450933456,0.7119665741920471,0.8698470592498779,-0.08068965375423431,0.6415265202522278,0.8946978449821472,-0.0964551791548729,0.663557231426239,0.8883249759674072,-0.08760630339384079,0.6908445358276367,0.8742045760154724,-0.07961031794548035,THUMBS_UP
0.7719906568527222,0.8469917178153992,-3.1168585223895207e-07,0.7358342409133911,0.7730283737182617,-0.0023694357369095087,0.6750044822692871,0.6927205920219421,-0.01601877063512802,0.6436263918876648,0.6253911256790161,-0.029540691524744034,0.6435877084732056,0.5577855110168457,-0.04340601712465286,0.6574982404708862,0.6962265968322754,-0.04886740818619728,0.5734959840774536,0.7565398216247559,-0.07244152575731277,0.5989871621131897,0.7703846096992493,-0.0767444297671318,0.6282336115837097,0.7539775967597961,-0.07699617743492126,0.6753566265106201,0.7520028352737427,-0.059328652918338776,0.5881130695343018,0.8180004954338074,-0.0808202251791954,0.6182364225387573,0.8178819417953491,-0.0736481100320816,0.6480011343955994,0.7973635196685791,-0.06923437863588333,0.6931254267692566,0.8114499449729919,-0.06888294219970703,0.6114219427108765,0.8608314394950867,-0.0905720591545105,0.6411720514297485,0.858100414276123,-0.07583746314048767,0.6709249019622803,0.8395478129386902,-0.06448203325271606,0.7094095945358276,0.866767168045044,-0.07739342749118805,0.6410779356956482,0.8959092497825623,-0.09380029886960983,0.6641745567321777,0.8906704187393188,-0.08515436202287674,0.6912431120872498,0.8749100565910339,-0.07677477598190308,THUMBS_UP
0.7700421810150146,0.8507545590400696,-3.0398663852793106e-07,0.7333985567092896,0.7754183411598206,-0.0021192741114646196,0.6741814017295837,0.6936509013175964,-0.016703302040696144,0.6432594656944275,0.6257035732269287,-0.030883096158504486,0.6422455310821533,0.5579369068145752,-0.045886438339948654,0.6575174927711487,0.6967463493347168,-0.05163274332880974,0.5735969543457031,0.7569233179092407,-0.07370331138372421,0.5970553159713745,0.7719564437866211,-0.07672179490327835,0.6256740689277649,0.7568590641021729,-0.07633398473262787,0.6756981015205383,0.752577006816864,-0.06188849359750748,0.5878313779830933,0.8172351717948914,-0.08154424279928207,0.6161486506462097,0.8192987442016602,-0.07348844408988953,0.6460831165313721,0.8005723357200623,-0.06897169351577759,0.6932920217514038,0.812252938747406,-0.07075198739767075,0.6120696663856506,0.8616179823875427,-0.0902210921049118,0.6395668983459473,0.8601625561714172,-0.0755905956029892,0.6686559915542603,0.8422484993934631,-0.06512054055929184,0.708993136882782,0.8678506016731262,-0.07840023934841156,0.6402468681335449,0.8963040113449097,-0.09274034947156906,0.6619415879249573,0.8921328186988831,-0.08346951752901077,0.6885741949081421,0.8769968152046204,-0.0752696692943573,THUMBS_UP
0.7743329405784607,0.8511884808540344,-3.26232623137912e-07,0.7363592982292175,0.777256190776825,-0.0013670636108145118,0.675684928894043,0.6958199739456177,-0.015105417929589748,0.644231379032135,0.6277893781661987,-0.029119566082954407,0.6430301666259766,0.5593955516815186,-0.04411644488573074,0.6574804186820984,0.6988493800163269,-0.04726586863398552,0.5735844969749451,0.7594797015190125,-0.07103192061185837,0.5980988144874573,0.7759833931922913,-0.0769617035984993,0.6270597577095032,0.7596560716629028,-0.0784522071480751,0.6755584478378296,0.7540398836135864,-0.05835733935236931,0.588658332824707,0.8189021348953247,-0.07887952029705048,0.6171452403068542,0.8215478658676147,-0.07233557850122452,0.6472314596176147,0.8018790483474731,-0.0687858834862709,0.6936184167861938,0.813625693321228,-0.06847620010375977,0.6119237542152405,0.8629871010780334,-0.0890064537525177,0.6396438479423523,0.8621196150779724,-0.07499667257070541,0.6697676181793213,0.8440857529640198,-0.06463988870382309,0.7099805474281311,0.8696371912956238,-0.07746139168739319,0.6399195194244385,0.8989760875701904,-0.09246502816677094,0.6611382365226746,0.8950325846672058,-0.08338518440723419,0.6891995668411255,0.8797938227653503,-0.07503639161586761,THUMBS_UP
0.7710323333740234,0.8482211232185364,-3.1758108320900647e-07,0.7349640727043152,0.772861659526825,-0.0010668850736692548,0.6749904155731201,0.693513810634613,-0.014713839627802372,0.6435179114341736,0.6261788606643677,-0.02829931676387787,0.6425509452819824,0.5592790246009827,-0.04250028356909752,0.6581858396530151,0.6979550719261169,-0.050403762608766556,0.5730626583099365,0.7572413682937622,-0.07239041477441788,0.5979858636856079,0.7712920904159546,-0.07482334226369858,0.6278578042984009,0.7569948434829712,-0.07387597858905792,0.6765886545181274,0.7540810108184814,-0.0609964057803154,0.5887549519538879,0.8167682886123657,-0.0814509391784668,0.618611752986908,0.817083477973938,-0.0736042782664299,0.649042010307312,0.7994571328163147,-0.06906262785196304,0.6941652297973633,0.814231276512146,-0.07012590020895004,0.6127058267593384,0.8614082336425781,-0.09041810035705566,0.6424039006233215,0.8588250875473022,-0.07550733536481857,0.6727117896080017,0.8423237204551697,-0.06458568572998047,0.7096999287605286,0.870187520980835,-0.07796287536621094,0.6413030624389648,0.8979182243347168,-0.09335090219974518,0.6640900373458862,0.8929085731506348,-0.08447680622339249,0.6909315586090088,0.8784166574478149,-0.07636189460754395,THUMBS_UP
0.7734103202819824,0.850534200668335,-3.231133689496346e-07,0.7378199100494385,0.7748607397079468,-0.0007193164201453328,0.6767920255661011,0.6935619711875916,-0.013245964422821999,0.6447113752365112,0.626347541809082,-0.02608179673552513,0.6433513164520264,0.560306191444397,-0.039375532418489456,0.657560408115387,0.6986894607543945,-0.04470149055123329,0.5744260549545288,0.7574753165245056,-0.0682307630777359,0.6007513999938965,0.7697882652282715,-0.07352475076913834,0.63060063123703,0.7532736659049988,-0.07427681237459183,0.6753411889076233,0.7543174028396606,-0.05571126937866211,0.589059591293335,0.8173725008964539,-0.07676635682582855,0.6195083260536194,0.8162321448326111,-0.0704217255115509,0.6494389772415161,0.7967911958694458,-0.0663953647017479,0.6929094195365906,0.8134579062461853,-0.06580547243356705,0.6125119924545288,0.8620333671569824,-0.08715645968914032,0.6420085430145264,0.8584049344062805,-0.07298628985881805,0.6717196702957153,0.8403869271278381,-0.061870213598012924,0.7090119123458862,0.8687369227409363,-0.07469931244850159,0.6405219435691833,0.8979266881942749,-0.09048956632614136,0.6642555594444275,0.8923925161361694,-0.08137398213148117,0.6921493411064148,0.8768976330757141,-0.072568878531456,THUMBS_UP
0.77308589220047,0.8499326109886169,-3.389974949641328e-07,0.7374622821807861,0.7753332257270813,-0.0008949819020926952,0.6773691177368164,0.6955326199531555,-0.013916270807385445,0.6454503536224365,0.6291134357452393,-0.02713090367615223,0.6425896286964417,0.5627797842025757,-0.040971655398607254,0.6604698896408081,0.6989167332649231,-0.048404477536678314,0.5741074681282043,0.756933331489563,-0.07241439074277878,0.599852979183197,0.771613359451294,-0.07751355320215225,0.6300437450408936,0.7558063268661499,-0.0781385600566864,0.6784881353378296,0.7544792294502258,-0.05937311798334122,0.5893304347991943,0.8184049725532532,-0.08042185753583908,0.618888795375824,0.8192055821418762,-0.07329390197992325,0.6492652297019958,0.7992730140686035,-0.06911349296569824,0.6961615681648254,0.8138474822044373,-0.0692373737692833,0.6141128540039062,0.8629723191261292,-0.09023386985063553,0.6426805853843689,0.8609195947647095,-0.07523748278617859,0.6728929877281189,0.8429220914840698,-0.06392097473144531,0.7122523784637451,0.8697755336761475,-0.07793430984020233,0.6422484517097473,0.8984156847000122,-0.09363412111997604,0.6642302870750427,0.8938474655151367,-0.08430581539869308,0.692279040813446,0.8789027333259583,-0.07557523250579834,THUMBS_UP
0.773837149143219,0.8532742857933044,-3.1178052495306474e-07,0.7373209595680237,0.7792020440101624,-0.002333049662411213,0.6751822233200073,0.6980608701705933,-0.016090745106339455,0.6429288983345032,0.6308051943778992,-0.029590846970677376,0.6413094997406006,0.5630902647972107,-0.043465424329042435,0.659160852432251,0.6999570727348328,-0.04893305525183678,0.5744168162345886,0.7601906061172485,-0.07353295385837555,0.6002610921859741,0.7740054726600647,-0.07891830056905746,0.6299347281455994,0.7578771114349365,-0.07969154417514801,0.6770650148391724,0.7565263509750366,-0.05927364155650139,0.5894502401351929,0.8208745718002319,-0.0812302753329277,0.6197569370269775,0.8209793567657471,-0.07449901849031448,0.6501733064651489,0.8015426993370056,-0.07033217698335648,0.6941390633583069,0.8168286681175232,-0.06872861832380295,0.6136541962623596,0.8657670021057129,-0.09069819003343582,0.6431299448013306,0.8628613948822021,-0.07624037563800812,0.6730419397354126,0.8445074558258057,-0.06504285335540771,0.7093844413757324,0.8732141256332397,-0.07703966647386551,0.6415425539016724,0.901638925075531,-0.09330560266971588,0.6650065779685974,0.8966412544250488,-0.0844062864780426,0.6925771236419678,0.8812440633773804,-0.07582560181617737,THUMBS_UP
0.7714280486106873,0.854819655418396,-3.1397536304211826e-07,0.7346413731575012,0.7794858813285828,-0.0017092914786189795,0.6747576594352722,0.6973164677619934,-0.015445348806679249,0.6422153115272522,0.6302031874656677,-0.02879715897142887,0.6394351720809937,0.5637220144271851,-0.04266483709216118,0.6607326865196228,0.7031460404396057,-0.05108073353767395,0.5745723247528076,0.7619385123252869,-0.07412664592266083,0.5994047522544861,0.7762366533279419,-0.07786578685045242,0.6284860968589783,0.7611552476882935,-0.07764007151126862,0.6782478094100952,0.7596688270568848,-0.061093177646398544,0.58946293592453,0.8215183019638062,-0.08131690323352814,0.618672251701355,0.822517991065979,-0.07334840297698975,0.6485710144042969,0.8042863607406616,-0.0688856691122055,0.6943894028663635,0.8193047642707825,-0.06976481527090073,0.6130685210227966,0.8661428093910217,-0.0897168219089508,0.6417638659477234,0.8637734651565552,-0.0744858905673027,0.6712138056755066,0.8467346429824829,-0.06348562985658646,0.7080709934234619,0.8749319911003113,-0.07723433524370193,0.6410638689994812,0.9024778008460999,-0.09188520163297653,0.6635692715644836,0.8974226713180542,-0.08249428868293762,0.6899095177650452,0.882885217666626,-0.07412931323051453,THUMBS_UP
0.7711374759674072,0.8524845242500305,-3.2366850177822926e-07,0.7337052822113037,0.7764427661895752,-0.0006970848771743476,0.673104465007782,0.695845901966095,-0.015140482224524021,0.6412678360939026,0.628460705280304,-0.02978682331740856,0.6393128037452698,0.5608667135238647,-0.04519787058234215,0.6591814756393433,0.6987139582633972,-0.050775885581970215,0.5727404952049255,0.7604638338088989,-0.07511766254901886,0.5985859036445618,0.7745103240013123,-0.08013821393251419,0.6283968091011047,0.757940948009491,-0.08071776479482651,0.6776283383369446,0.7549866437911987,-0.06191885098814964,0.5879418849945068,0.820364773273468,-0.08250123262405396,0.6178612112998962,0.8201979994773865,-0.07452204823493958,0.6479912400245667,0.8011236786842346,-0.07033128291368484,0.6950182318687439,0.8152819275856018,-0.07182688266038895,0.611103355884552,0.8636906147003174,-0.09209472686052322,0.6401566863059998,0.8611018657684326,-0.07662464678287506,0.6705352067947388,0.8444051742553711,-0.065603107213974,0.710584282875061,0.8713564872741699,-0.08047125488519669,0.6388954520225525,0.8992050886154175,-0.09516451507806778,0.6608976125717163,0.8937420845031738,-0.0854964554309845,0.6889280080795288,0.8795344233512878,-0.07704158127307892,THUMBS_UP
0.7713190913200378,0.8520540595054626,-3.1650597520638257e-07,0.7339117527008057,0.7764461636543274,0.0004640757688321173,0.6738321781158447,0.6950089931488037,-0.01242103986442089,0.6422044038772583,0.6269410848617554,-0.02549891546368599,0.6398382782936096,0.560318112373352,-0.03938153013586998,0.6543576121330261,0.6994487643241882,-0.046458423137664795,0.5733357667922974,0.7600226998329163,-0.06714150309562683,0.598902702331543,0.7737476825714111,-0.07044946402311325,0.628081202507019,0.759067714214325,-0.07034307718276978,0.6718019843101501,0.7550348043441772,-0.05741934850811958,0.5880679488182068,0.8191454410552979,-0.07459869980812073,0.6171444654464722,0.8195227980613708,-0.0664835125207901,0.6463279724121094,0.8015879988670349,-0.06250309199094772,0.6887804865837097,0.8146256804466248,-0.06687953323125839,0.6123451590538025,0.8631991147994995,-0.0839335098862648,0.6404129266738892,0.8608219027519226,-0.06922462582588196,0.6687899827957153,0.8439286947250366,-0.05940251797437668,0.7043052315711975,0.8702665567398071,-0.0750327929854393,0.6388595700263977,0.8980803489685059,-0.08749842643737793,0.6617478728294373,0.89359450340271,-0.07743813097476959,0.6882496476173401,0.8797160387039185,-0.06894881278276443,THUMBS_UP
0.7707095742225647,0.8485792875289917,-3.2181657161345356e-07,0.7340966463088989,0.7752020359039307,-0.0007055830210447311,0.6737357378005981,0.6952593326568604,-0.013779010623693466,0.6408681273460388,0.6298317313194275,-0.026976799592375755,0.6377557516098022,0.5641725063323975,-0.040701549500226974,0.6560049057006836,0.7007893919944763,-0.04775523021817207,0.5714133977890015,0.7593985795974731,-0.0709175318479538,0.5973567366600037,0.7734397649765015,-0.07542181760072708,0.6270734071731567,0.7582027912139893,-0.07585027068853378,0.6735056042671204,0.7558596134185791,-0.05866382271051407,0.5863014459609985,0.8199697136878967,-0.0788419097661972,0.6163960695266724,0.8200849890708923,-0.0714893788099289,0.6463194489479065,0.801027238368988,-0.06733891367912292,0.6910381317138672,0.8146288990974426,-0.06841717660427094,0.6110442876815796,0.8643366694450378,-0.08836780488491058,0.6402417421340942,0.8611952066421509,-0.07339548319578171,0.6695170402526855,0.8428061008453369,-0.06249929964542389,0.7070369124412537,0.8697637915611267,-0.07702420651912689,0.6399804353713989,0.8987621665000916,-0.0920337662100792,0.6626261472702026,0.8934204578399658,-0.08279988914728165,0.6891928911209106,0.8784534931182861,-0.0743962824344635,THUMBS_UP
0.7725598216056824,0.8498935699462891,-3.235162466808106e-07,0.7365306615829468,0.7772849798202515,-0.002238714601844549,0.6731026768684387,0.6979711055755615,-0.015374530106782913,0.639706015586853,0.6326475143432617,-0.028630180284380913,0.6359723210334778,0.566936194896698,-0.042422544211149216,0.657672107219696,0.7012803554534912,-0.0467299222946167,0.5718660950660706,0.759849488735199,-0.07168800383806229,0.5964788198471069,0.7746144533157349,-0.07845897972583771,0.626535952091217,0.7599835395812988,-0.08011791110038757,0.6746623516082764,0.7567096948623657,-0.057056158781051636,0.5865403413772583,0.8199729919433594,-0.0789683386683464,0.6168095469474792,0.8203606605529785,-0.07333192229270935,0.6479536294937134,0.8017235994338989,-0.06981028616428375,0.6917594075202942,0.8159627318382263,-0.06664048880338669,0.6098777055740356,0.8643093109130859,-0.08824389427900314,0.6396839618682861,0.8614020347595215,-0.0742495059967041,0.670326828956604,0.8441102504730225,-0.06334737688302994,0.7074406743049622,0.8712579011917114,-0.07522153854370117,0.639799177646637,0.8992369174957275,-0.09145534038543701,0.6625308394432068,0.8944299221038818,-0.08291324973106384,0.6896896958351135,0.8802850246429443,-0.07465236634016037,THUMBS_UP
0.7693136930465698,0.8501459360122681,-2.9290521297298255e-07,0.7328219413757324,0.7747839689254761,-0.0012323135742917657,0.6722121238708496,0.6972439885139465,-0.014045900665223598,0.6390109658241272,0.6328369379043579,-0.0270245298743248,0.6357654929161072,0.5671662092208862,-0.0404173880815506,0.6539207100868225,0.702228844165802,-0.044549815356731415,0.5697596669197083,0.760806143283844,-0.06740015000104904,0.5949375629425049,0.7736281156539917,-0.07257197052240372,0.62412428855896,0.7584041357040405,-0.07339874655008316,0.670271635055542,0.7564358115196228,-0.05469948798418045,0.5848957300186157,0.8184857964515686,-0.07459413260221481,0.6145727634429932,0.8182333111763,-0.06828832626342773,0.6441690325737,0.7999669313430786,-0.06453011184930801,0.6862964630126953,0.8144592642784119,-0.06389148533344269,0.609037458896637,0.8626231551170349,-0.0829026848077774,0.6376798152923584,0.8602943420410156,-0.06838179379701614,0.6660298705101013,0.8434364795684814,-0.057631708681583405,0.7008973360061646,0.868567943572998,-0.07212992757558823,0.6369813680648804,0.8978993892669678,-0.08565378189086914,0.659457802772522,0.8935377597808838,-0.0761774331331253,0.6846367716789246,0.8794178366661072,-0.06760764122009277,THUMBS_UP
0.7699402570724487,0.846311628818512,-3.0537873385583225e-07,0.732575535774231,0.7722083926200867,-0.00022474899014923722,0.6706830263137817,0.6953431367874146,-0.01313627790659666,0.6367687582969666,0.6319782733917236,-0.02633068524301052,0.6347662806510925,0.5664412975311279,-0.04035894200205803,0.6529325246810913,0.7006216049194336,-0.046871863305568695,0.5704243183135986,0.7620080709457397,-0.0693570077419281,0.5947210192680359,0.7755771279335022,-0.07394730299711227,0.6244643330574036,0.7607740759849548,-0.0744500681757927,0.6714317798614502,0.7562012076377869,-0.0576961413025856,0.5864850878715515,0.8213052749633789,-0.0772516131401062,0.6149754524230957,0.8196614980697632,-0.07052849978208542,0.6446704268455505,0.8001742959022522,-0.0669364258646965,0.6892945170402527,0.8154457211494446,-0.06717102229595184,0.6102128028869629,0.8648126721382141,-0.08640885353088379,0.6381570100784302,0.8601629734039307,-0.07191385328769684,0.6671151518821716,0.8421470522880554,-0.06141116842627525,0.7054758667945862,0.8705845475196838,-0.07539258897304535,0.6375648379325867,0.8986539244651794,-0.08935549110174179,0.6594020128250122,0.8928049206733704,-0.07974842190742493,0.6859937906265259,0.8783515095710754,-0.0711841881275177,THUMBS_UP
0.7711825370788574,0.8503640294075012,-3.157979904244712e-07,0.7354632616043091,0.7745567560195923,-0.0006380096892826259,0.6729468107223511,0.6972306966781616,-0.013058173470199108,0.6377381682395935,0.6333706974983215,-0.025668298825621605,0.634258508682251,0.5660321712493896,-0.03871386498212814,0.6514206528663635,0.6996633410453796,-0.04297221824526787,0.5703871846199036,0.7599765658378601,-0.06516095995903015,0.5955598950386047,0.7735487818717957,-0.06948007643222809,0.625051736831665,0.7581719756126404,-0.06965609639883041,0.6684660315513611,0.7540087699890137,-0.05333661288022995,0.5853300094604492,0.8184223771095276,-0.07266013324260712,0.6148767471313477,0.8202232718467712,-0.06589115411043167,0.6440463662147522,0.8017279505729675,-0.061675913631916046,0.685808002948761,0.8132429718971252,-0.0627448633313179,0.6088951230049133,0.8627264499664307,-0.08228098601102829,0.6374880075454712,0.8611478805541992,-0.06792894750833511,0.6659005284309387,0.8433006405830383,-0.057035040110349655,0.7021993398666382,0.8687697649002075,-0.07097186893224716,0.6372313499450684,0.8971344232559204,-0.08513128757476807,0.6599583029747009,0.8932250142097473,-0.07558920234441757,0.6856549978256226,0.8785911798477173,-0.06671076267957687,THUMBS_UP
0.7714099884033203,0.8499188423156738,-3.235097096876416e-07,0.7354555130004883,0.7751296758651733,-0.0008271175320260227,0.6722282767295837,0.6975107789039612,-0.01340140588581562,0.638140082359314,0.6327428817749023,-0.026463694870471954,0.6350568532943726,0.5665825605392456,-0.04011913016438484,0.6546480059623718,0.7008113265037537,-0.04484182223677635,0.5694171786308289,0.7601060271263123,-0.06936682015657425,0.594849169254303,0.775806725025177,-0.07606874406337738,0.6251329779624939,0.7616103291511536,-0.07769612967967987,0.6711868047714233,0.7560746073722839,-0.05572134628891945,0.5850735902786255,0.8190622925758362,-0.07724933326244354,0.6152292490005493,0.8209081888198853,-0.07151752710342407,0.6457040905952454,0.8021054863929749,-0.06779606640338898,0.687798798084259,0.815681517124176,-0.06573887914419174,0.6089810132980347,0.8643944263458252,-0.0864921510219574,0.6377391219139099,0.8628987669944763,-0.07185353338718414,0.6675429344177246,0.8452709913253784,-0.06051093339920044,0.70311439037323,0.8711497187614441,-0.0747392475605011,0.6373249888420105,0.8990102410316467,-0.08959370106458664,0.6595128774642944,0.8949569463729858,-0.07998084276914597,0.6862589716911316,0.8805175423622131,-0.07094141840934753,THUMBS_UP
0.770969033241272,0.852685272693634,-3.338713554512651e-07,0.7345020174980164,0.7779414653778076,-0.0013333995593711734,0.6721146106719971,0.6998905539512634,-0.01443447731435299,0.6380029320716858,0.6338886618614197,-0.027492757886648178,0.6342194676399231,0.5668243765830994,-0.04090414196252823,0.6552938222885132,0.7021761536598206,-0.04838237538933754,0.5700455904006958,0.7614890933036804,-0.07165291160345078,0.59547358751297,0.7754899859428406,-0.07562714070081711,0.6254972219467163,0.7606350183486938,-0.07537290453910828,0.6731516718864441,0.7571867108345032,-0.05869947001338005,0.5858623385429382,0.8212161064147949,-0.07947263866662979,0.6155446171760559,0.8218231201171875,-0.07200822234153748,0.6453610062599182,0.8025661110877991,-0.06745529919862747,0.6904733180999756,0.8163866400718689,-0.06786572188138962,0.6091381907463074,0.8651183843612671,-0.08854100853204727,0.6379900574684143,0.8630653619766235,-0.07337366789579391,0.6677117347717285,0.8456567525863647,-0.061939388513565063,0.7059515118598938,0.8718934059143066,-0.07587768882513046,0.637934684753418,0.9001836776733398,-0.09122215211391449,0.6600663065910339,0.8958043456077576,-0.08193634450435638,0.6868083477020264,0.881240963935852,-0.07326268404722214,THUMBS_UP
0.7719287276268005,0.8508232235908508,-3.0969002295933024e-07,0.7343618869781494,0.7791534662246704,0.0001315304689342156,0.6711251735687256,0.699271023273468,-0.012158949859440327,0.6369718313217163,0.6339782476425171,-0.024874553084373474,0.6337546110153198,0.5684713125228882,-0.03812429681420326,0.6522566676139832,0.7044183015823364,-0.04360363632440567,0.5702755451202393,0.7654485702514648,-0.06658878922462463,0.597072422504425,0.7777988314628601,-0.07194138318300247,0.6265377402305603,0.7607382535934448,-0.07272941619157791,0.670239269733429,0.7589507699012756,-0.054558299481868744,0.5852656364440918,0.8232699632644653,-0.07386015355587006,0.6154587268829346,0.8222554326057434,-0.06696967035531998,0.6449044346809387,0.8030455708503723,-0.06297347694635391,0.6878006458282471,0.8178213834762573,-0.06449784338474274,0.6093624234199524,0.8669341802597046,-0.08333949744701385,0.6384060382843018,0.8646568059921265,-0.06867226213216782,0.6676313877105713,0.8471762537956238,-0.05796218663454056,0.7035415172576904,0.873367190361023,-0.07329634577035904,0.6367130875587463,0.9025081396102905,-0.0866977721452713,0.6594709753990173,0.8979076147079468,-0.0770035982131958,0.6864834427833557,0.8833740949630737,-0.06827894598245621,THUMBS_UP
0.7699145078659058,0.8564860224723816,-3.581048417800048e-07,0.7268816828727722,0.7914201617240906,-0.003048502141609788,0.6634244322776794,0.7165361642837524,-0.019501641392707825,0.6314204931259155,0.6491361260414124,-0.03508668765425682,0.6224108338356018,0.5823174715042114,-0.05208038538694382,0.6625518798828125,0.7094625234603882,-0.06779709458351135,0.5705915689468384,0.7580094337463379,-0.09118592739105225,0.5826717615127563,0.7915847897529602,-0.09069681912660599,0.6099326610565186,0.7899852395057678,-0.08763911575078964,0.6842018961906433,0.7589887380599976,-0.0791996568441391,0.5836678147315979,0.8200307488441467,-0.10045229643583298,0.5954293608665466,0.8452507853507996,-0.0898478701710701,0.6219434142112732,0.8393416404724121,-0.08377720415592194,0.7051564455032349,0.8179582357406616,-0.08856227248907089,0.6112611889839172,0.8704783320426941,-0.10932507365942001,0.6217576265335083,0.8887084126472473,-0.09363534301519394,0.6489942073822021,0.8827486634254456,-0.08247426152229309,0.7220293879508972,0.8739780187606812,-0.0965837687253952,0.640607476234436,0.9107709527015686,-0.11352033168077469,0.6399000883102417,0.9177900552749634,-0.10660111904144287,0.6584493517875671,0.9100937843322754,-0.10030700266361237,THUMBS_UP
0.7778704166412354,0.8649668097496033,-3.889235813403502e-07,0.7265533208847046,0.7998023629188538,-0.008217882364988327,0.6668826937675476,0.7282207608222961,-0.02794465236365795,0.6290169954299927,0.6704216599464417,-0.04534297063946724,0.6032049059867859,0.6120404601097107,-0.06590649485588074,0.6653988361358643,0.7181239128112793,-0.08251068741083145,0.5803383588790894,0.7515195608139038,-0.11199261993169785,0.5433268547058105,0.7968416810035706,-0.11866183578968048,0.5248028039932251,0.8337937593460083,-0.1208798885345459,0.6893941760063171,0.7618055939674377,-0.09329913556575775,0.6000661849975586,0.8143097758293152,-0.1169523298740387,0.5643876791000366,0.8592016696929932,-0.11254942417144775,0.5519167184829712,0.8898431062698364,-0.11335344612598419,0.7132124304771423,0.8185904622077942,-0.10194181650876999,0.6317147016525269,0.8630281686782837,-0.1236245259642601,0.6035488247871399,0.8945054411888123,-0.1134655550122261,0.596869945526123,0.9147252440452576,-0.1087396964430809,0.7332353591918945,0.8767660856246948,-0.1098882332444191,0.6669414043426514,0.9111148715019226,-0.13156218826770782,0.641301691532135,0.9290282726287842,-0.12993040680885315,0.6314205527305603,0.9406083822250366,-0.12824317812919617,THUMBS_UP
0.7778317928314209,0.8782963752746582,-2.8944026553290314e-07,0.7195833921432495,0.8340247273445129,-0.010309421457350254,0.6573226451873779,0.8039210438728333,-0.03169533237814903,0.6062017679214478,0.7917429804801941,-0.05198589339852333,0.5632594227790833,0.7803114056587219,-0.07411277294158936,0.662225604057312,0.7440792918205261,-0.08197657763957977,0.5884420871734619,0.7393947839736938,-0.12814630568027496,0.5423941612243652,0.776019811630249,-0.15275754034519196,0.5128315091133118,0.8155084252357483,-0.1656774878501892,0.6904661059379578,0.7745172381401062,-0.09564556181430817,0.6186110973358154,0.8011825680732727,-0.14337638020515442,0.5680680274963379,0.8538042306900024,-0.15849167108535767,0.5386667251586914,0.8938365578651428,-0.16782620549201965,0.7196114659309387,0.8214181065559387,-0.10791143774986267,0.6561642289161682,0.8517025113105774,-0.15074531733989716,0.6107118725776672,0.901462972164154,-0.15934810042381287,0.5844107866287231,0.9389975666999817,-0.16182906925678253,0.7440527677536011,0.8740371465682983,-0.1190820187330246,0.6943355202674866,0.9017366766929626,-0.15548136830329895,0.6604612469673157,0.9336526989936829,-0.1647523045539856,0.6386289000511169,0.960718035697937,-0.16765309870243073,THUMBS_UP
0.7800148725509644,0.8988403081893921,-2.4937477860476065e-07,0.7070550322532654,0.8707626461982727,-0.007808914873749018,0.6464370489120483,0.8469833135604858,-0.028144096955657005,0.5984612703323364,0.8403359055519104,-0.048383139073848724,0.5583351850509644,0.840010404586792,-0.06937040388584137,0.6552330851554871,0.7661109566688538,-0.07242386788129807,0.5925873517990112,0.7457658648490906,-0.12188422679901123,0.5457191467285156,0.7708007097244263,-0.15056034922599792,0.5097880959510803,0.8048160076141357,-0.16593965888023376,0.6870830655097961,0.7897486686706543,-0.08865297585725784,0.6314991116523743,0.7967178821563721,-0.14071504771709442,0.5817815661430359,0.8463703393936157,-0.15703485906124115,0.5507672429084778,0.8875541687011719,-0.16519689559936523,0.7202210426330566,0.8327766060829163,-0.10435988008975983,0.6735496520996094,0.8505436182022095,-0.1531236171722412,0.6292940378189087,0.9022234678268433,-0.16243508458137512,0.6012417078018188,0.9409769773483276,-0.1624872088432312,0.7498633861541748,0.8840984106063843,-0.11883257329463959,0.7078704833984375,0.9052576422691345,-0.15795931220054626,0.6733143329620361,0.9447295665740967,-0.16603009402751923,0.6489357948303223,0.9780017137527466,-0.16651926934719086,THUMBS_UP
0.7758479714393616,0.924496054649353,-2.575681605776481e-07,0.6961387991905212,0.9047038555145264,-0.012078952975571156,0.6310225129127502,0.8749982714653015,-0.03019481897354126,0.5816742181777954,0.8547183871269226,-0.04797838628292084,0.5428003072738647,0.8457371592521667,-0.06611749529838562,0.6457217335700989,0.7881919145584106,-0.06213781237602234,0.5936052799224854,0.7614842057228088,-0.10897035151720047,0.5514653325080872,0.7764151096343994,-0.1396418660879135,0.5142189860343933,0.8027997612953186,-0.15757139027118683,0.6804525256156921,0.803149938583374,-0.07725372910499573,0.6386800408363342,0.7964023947715759,-0.12425626069307327,0.5983782410621643,0.8340475559234619,-0.142380952835083,0.5703691244125366,0.8715440034866333,-0.15255552530288696,0.7179296612739563,0.8370590209960938,-0.0930267795920372,0.6852213144302368,0.8482005596160889,-0.1395898014307022,0.6512068510055542,0.8963931798934937,-0.15024080872535706,0.6272592544555664,0.9369316101074219,-0.1517745554447174,0.7530096769332886,0.8848666548728943,-0.10844068974256516,0.717543363571167,0.9073203802108765,-0.14659546315670013,0.6888449192047119,0.948500394821167,-0.15466563403606415,0.6681761741638184,0.9837865829467773,-0.15567441284656525,THUMBS_UP
0.7643728256225586,0.9654273390769958,-1.2431496543285903e-07,0.6808345317840576,0.9493523836135864,-0.017483284696936607,0.6102509498596191,0.9261664152145386,-0.03784894943237305,0.5546830296516418,0.9167335033416748,-0.058895789086818695,0.506462574005127,0.9162004590034485,-0.07982759177684784,0.631110668182373,0.8333123922348022,-0.04736914485692978,0.5902185440063477,0.7898138761520386,-0.09296029061079025,0.5550941228866577,0.7930516004562378,-0.1259659230709076,0.5207498073577881,0.8163942694664001,-0.14633060991764069,0.6720967888832092,0.8371934294700623,-0.06213629990816116,0.6435930132865906,0.7962518334388733,-0.11236129701137543,0.6113789081573486,0.8222969770431519,-0.136537104845047,0.5864660143852234,0.8617961406707764,-0.14973430335521698,0.7155912518501282,0.8579838275909424,-0.07913857698440552,0.6905049085617065,0.8393824696540833,-0.128534197807312,0.6693276166915894,0.8851965069770813,-0.13802818953990936,0.6542062759399414,0.9316954016685486,-0.13750296831130981,0.7537949085235596,0.8985442519187927,-0.09666148573160172,0.7241458296775818,0.9019173383712769,-0.135573148727417,0.7025952339172363,0.9404438734054565,-0.1407546103000641,0.6875764727592468,0.9774768352508545,-0.1395179033279419,THUMBS_UP
0.7223238945007324,1.0373555421829224,-7.05672249523559e-08,0.6559441685676575,1.0314853191375732,-0.017124691978096962,0.5962730646133423,0.999173104763031,-0.037084776908159256,0.5539015531539917,0.9796121120452881,-0.05676926672458649,0.512527585029602,0.9773293137550354,-0.07754214107990265,0.6083968877792358,0.8973114490509033,-0.04971562698483467,0.5748927593231201,0.8341271281242371,-0.0935361459851265,0.5424368381500244,0.8386817574501038,-0.12354802340269089,0.516537070274353,0.8738114237785339,-0.13943858444690704,0.6569597721099854,0.8883193731307983,-0.06467518210411072,0.6338035464286804,0.8245604634284973,-0.10543259978294373,0.6045357584953308,0.8541170954704285,-0.12131804972887039,0.5875097513198853,0.9051676988601685,-0.12751075625419617,0.710028350353241,0.9083686470985413,-0.08193446695804596,0.6926193833351135,0.869974672794342,-0.12335281074047089,0.6751934885978699,0.9138378500938416,-0.12820996344089508,0.6657872796058655,0.9598815441131592,-0.12515316903591156,0.7612619400024414,0.9459923505783081,-0.09923925995826721,0.743979811668396,0.9513779878616333,-0.13495028018951416,0.7313581109046936,0.991767942905426,-0.13497264683246613,0.7224963903427124,1.0283195972442627,-0.1288992464542389,THUMBS_UP
0.7128318548202515,1.0550603866577148,-3.084109891915432e-07,0.6510651707649231,1.0510560274124146,-0.02704588696360588,0.5950625538825989,1.0270776748657227,-0.05591303110122681,0.5524376034736633,1.019451379776001,-0.08280110359191895,0.5133227109909058,1.016989827156067,-0.11125724017620087,0.6037449836730957,0.9079127907752991,-0.06744842976331711,0.5516127943992615,0.8869016766548157,-0.11707958579063416,0.5206051468849182,0.9252113699913025,-0.15193070471286774,0.49927377700805664,0.9762488603591919,-0.1713998168706894,0.6513470411300659,0.9029570817947388,-0.07902076095342636,0.6068287491798401,0.8817646503448486,-0.12263873964548111,0.5751317739486694,0.9256644248962402,-0.14130133390426636,0.5606067180633545,0.9782862663269043,-0.15165799856185913,0.7028543949127197,0.9270692467689514,-0.09358219802379608,0.6743969917297363,0.9103738069534302,-0.13571318984031677,0.6540705561637878,0.9583477973937988,-0.14214305579662323,0.646820604801178,1.0083547830581665,-0.14284652471542358,0.7531726360321045,0.9667963981628418,-0.10963879525661469,0.7309203147888184,0.9766852855682373,-0.14872030913829803,0.714289128780365,1.0179815292358398,-0.15304060280323029,0.7069501876831055,1.056242823600769,-0.1511462926864624,THUMBS_UP
